number,title,languages,featured,raycast_friendly,author,source,published,languages_declared,try_link,images_count,prompt
1,Profile / Avatar - Black and white studio side-profile portrait prompt,en,False,True,,,,,https://youmind.com/en-US/nano-banana-pro-prompts?id=778,0,"{\n  ""Use the attached image of the person as reference. Hyper-realistic black and white studio portrait of the young man in side profile, natural hair gently falling around his face. Strong rim light accentuating his jawline and nose, dark minimalist background. Expression thoughtful and serene, cinematic lighting creating dramatic contrast and fine photographic detail."",\n  ""size"": ""{argument name=""image size"" default=""1024x1024""}"",\n  ""n"": {argument name=""number of images"" default=""1""}\n}"
2,Profile / Avatar - 2005 Sony CyberShot mall food court snapshot prompt,en,False,True,,,,,https://youmind.com/en-US/nano-banana-pro-prompts?id=747,0,"A low-resolution digital photo taken on a 2005 Sony CyberShot. A group of teenagers hanging out in a mall food court. Harsh on-camera flash, slightly blown-out highlights, digital noise in the shadows. The skin texture looks slightly waxy due to early digital processing. An orange date stamp appears in the bottom right corner reading ""{argument name=""date stamp in english"" default=""04/12/2005""}"". Candid, awkward angles, Myspace photo aesthetic."
3,Profile / Avatar - Tense Mirror Selfie Before a Rave Prompt,en,False,True,,,,,https://youmind.com/en-US/nano-banana-pro-prompts?id=6246,0,"Tatum is frantically racing the clock—she's already {argument name=""minutes late"" default=""30 minutes""} late for the underground warehouse rave downtown. Her friends are blowing up her phone, but she’s struggling with the final touch: a reflective, high-tension vinyl corset. She snatches a quick, tense mirror selfie in the hallway to check if the zipper is going to hold, capturing the rush, the sweaty skin from the stress, and the sheer chaos of trying to achieve peak glamour under pressure. She's not smiling; she's intensely focused on the phone screen's preview."
4,Profile / Avatar - Ultra Photorealistic Dinner Selfie Prompt,en,False,False,,,,,https://youmind.com/en-US/nano-banana-pro-prompts?id=6346,0,"{\n  ""type"": ""photorealistic_dinner_selfie"",\n  ""subject"": {\n    ""physical_characteristics"": {\n      ""hair"": ""medium-length, straight platinum blonde hair, slightly tousled with a natural part"",\n      ""eyes"": ""clear light blue eyes"",\n      ""skin"": ""fair, pale complexion with smooth texture"",\n      ""face"": ""delicate facial features, heart-shaped face, naturally full lips with a soft pink hue, well-defined light eyebrows"",\n      ""build"": ""slender and elegant""\n    },\n    ""emotional_state"": {\n      ""mood"": ""relaxed, intimate, slightly playful"",\n      ""expression"": ""soft smile with half-closed eyes, calm and content"",\n      ""vibe"": ""warm, cozy, emotionally present, enjoying the moment"",\n      ""gaze"": ""slightly sleepy, relaxed gaze toward camera""\n    },\n    ""pose_and_gesture"": {\n      ""pose"": ""seated at a restaurant booth, leaning head on hand"",\n      ""gesture"": ""holding a wine glass raised slightly toward camera"",\n      ""posture"": ""relaxed, casual, intimate""\n    },\n    ""clothing"": {\n      ""top"": ""strapless or thin-strap light-colored top"",\n      ""style"": ""minimal, elegant, evening wear"",\n      ""details"": ""no logos, soft fabric""\n    },\n    ""accessories"": {\n      ""jewelry"": [\n        ""gold ring"",\n        ""thin bracelet""\n      ],\n      ""tattoo"": ""small minimal tattoo on inner forearm""\n    }\n  },\n  ""food_and_table"": {\n    ""dish"": {\n      ""type"": ""pasta with shrimp"",\n      ""size"": ""creamy light-colored sauce"",\n      ""presentation"": ""served in a white ceramic bowl"",\n      ""detail"": ""shrimp clearly visible on top of pasta""\n    },\n    ""drink"": {\n      ""type"": ""white wine"",\n      ""glass"": ""large wine glass, partially filled"",\n      ""interaction"": ""held naturally in hand""\n    },\n    ""table_setting"": {\n      ""tablecloth"": ""white"",\n      ""cutlery"": ""fork and knife placed neatly"",\n      ""additional_objects"": ""compact digital camera placed on table""\n    },\n    ""lighting"": {\n      ""type"": ""low-light indoor ambient lighting"",\n      ""source"": ""warm overhead and side lighting"",\n      ""quality"": ""soft, cinematic, intimate"",\n      ""highlights"": ""wine glass, food surface"",\n      ""shadows"": ""gentle shadows adding depth and mood""\n    },\n    ""camera_composition"": {\n      ""shot_type"": ""table-level selfie"",\n      ""angle"": ""slightly low and front-facing"",\n      ""framing"": ""centered subject with food in foreground"",\n      ""focus"": ""sharp on expression and wine glass"",\n      ""depth_of_field"": ""moderate, background softly blurred""\n    },\n    ""style"": {\n      ""realism_level"": ""ultra photorealistic"",\n      ""retouching"": ""minimal, natural imperfections preserved"",\n      ""color_grading"": ""warm tones, cozy evening palette"",\n    }\n  }"
5,Profile / Avatar - Pro Sketch Transformation Prompt,en,False,True,,,,,https://youmind.com/en-US/nano-banana-pro-prompts?id=6339,0,"Turn any {argument name=""person"" default=""[PERSON]""} into a pro sketch"
6,Profile / Avatar - Dramatic Mirror Selfie with Red LED Lighting Prompt,en,False,True,,,,,https://youmind.com/en-US/nano-banana-pro-prompts?id=6369,0,"{\n""subject"": {\n""demographics"": {\n""age"": ""young adult"",\n""gender"": ""female"",\n""ethnicity"": ""caucasian with fair olive skin, slightly tanned""\n},\n""hair"": {\n""color"": ""dark brown"",\n""style"": ""long bob with douyin bangs framing the face"",\n""texture"": ""straight, slightly messy""\n},\n""face"": {\n""eyes"": ""light brown, direct gaze into the phone mirror"",\n""lips"": ""full, natural pink tone"",\n""expression"": ""serious, composed, confident""\n},\n""attire"": {\n""top"": {\n""item"": ""bandeau bikini top with silver hoop in the middle"",\n""color"": ""{argument name=""bikini color"" default=""orange""}"",\n""style"": ""strapless, ribbed fabric""\n},\n""bottom"": {\n""item"": ""high-waisted thong bikini bottoms"",\n""color"": ""{argument name=""bikini color"" default=""orange""}"",\n""cut"": ""high-cut leg""\n},\n""cover_up"": {\n""item"": ""loose-fitting shirt"",\n""color"": ""white"",\n""style"": ""long-sleeved, tied at the front over the waist"",\n""fabric"": ""lightweight, slightly sheer""\n},\n""accessories"": {\n""earrings"": ""large silver hoop earrings"",\n""piercings"": ""silver navel piercing, silver nostril piercing"",\n""necklace"": ""silver chain with a ""J"" pendant""\n""tan_lines"": ""soft bikini tan lines""\n}\n}\n},\n""pose"": {\n""type"": ""seated mirror selfie"",\n""position"": ""sitting on a small beige circular ottoman"",\n""legs"": ""closed together, right knee bent with foot on the floor, left leg also bent"",\n""arms"": {\n""right_arm"": ""resting on the right thigh, hand relaxed"",\n""left_arm"": ""raised, holding a smartphone for a mirror selfie, phone obscuring part of the face""\n}\n},\n""setting"": {\n""location"": ""casual living room"",\n""background_elements"": {\n""wall"": ""plain white"",\n""decor"": ""abstract painting hanging on the wall"",\n""lighting_fixture"": ""simple lamp on the ceiling"",\n""furniture"": ""corner of a brown tufted sofa visible on the right"",\n""plants"": ""large green potted plant behind the subject"",\n""other"": ""part of a black cat visible on the sofa""\n},\n""clutter"": ""minimal, lived-in feel""\n},\n""lighting"": {\n""type"": ""mixed artificial and natural"",\n""primary_source"": ""strong {argument name=""light color"" default=""red""} LED light source from the left, casting a {argument name=""light color"" default=""red""} glow on the subject and wall"",\n""secondary_source"": ""softer natural daylight from a window on the right"",\n""effect"": ""dramatic, moody lighting with strong color contrast, creating {argument name=""light color"" default=""red""} highlights and shadows""\n},\n""camera"": {\n""shot_type"": ""mirror selfie, full body"",\n""device"": ""smartphone (iPhone with a dark case)"",\n""angle"": ""eye-level reflected shot"",\n""focus"": ""sharp on the subject in the mirror"",\n""perspective"": ""first-person reflection"",\n""aspect_ratio"": ""3:4 (vertical)""\n},\n""style_and_realism"": {\n""aesthetic"": ""raw, unfiltered social media photo, after beach day"",\n""realism_level"": ""high, candid snapshot quality"",\n""texture"": ""perceptible film grain, realistic rendering of fabric and skin"",\n""imperfections"": ""natural lens flare from the phone camera, slightly unpolished composition""\n}\n}"
7,Profile / Avatar - Nano Banana Pro 'Sajiao' (Coquettish) Portrait Prompt,en,False,True,,,,,https://youmind.com/en-US/nano-banana-pro-prompts?id=6364,0,"{\n  ""style"": ""ultra-realistic celebrity portrait, soft romantic photography"",\n  ""subject"": {\n    ""identity"": ""based on uploaded reference"",\n    ""gender"": ""female"",\n    ""age"": ""young adult"",\n    ""pose"": ""tilting head slightly to the side, looking up at camera through lashes, playful and cute posture"",\n    ""expression"": ""{argument name=""expression"" default=""pouting lips, acting cute, puppy eyes, innocent look, 'sajiao' vibe""}"",\n    ""facial_details"": {\n      ""eyes"": ""big imploring eyes, looking up, soft gaze"",\n      ""mouth"": ""pouted lips, slight pout"",\n      ""cheeks"": ""faint blush"",\n      ""freckles"": ""visible natural freckles across nose and cheeks"",\n      ""makeup"": {\n        ""skin"": ""dewy natural finish"",\n        ""lips"": ""glossy pink"",\n        ""eyes"": ""doe-eyed makeup""\n      }\n    },\n    ""hair"": {\n      ""color"": ""jet black"",\n      ""length"": ""long"",\n      ""style"": ""straight, soft texture, falling over one shoulder""\n    },\n    ""outfit"": {\n      ""dress"": ""{argument name=""outfit"" default=""black fitted dress with deep plunging V-neckline""}"",\n      ""jewelry"": {\n        ""earrings"": ""long dangling gold chain earrings"",\n        ""necklaces"": ""layered gold necklaces with a small heart pendant""\n      }\n    }\n  },\n  ""environment"": {\n    ""setting"": ""soft studio setting"",\n    ""background"": ""creamy soft focus background, blurred""\n  },\n  ""lighting"": {\n    ""type"": ""soft diffused light"",\n    ""mood"": ""romantic, sweet, charming"",\n    ""tone"": ""warm peach and cream tones""\n  },\n  ""camera"": {\n    ""shot_type"": ""close-up portrait"",\n    ""angle"": ""slightly high angle (to emphasize big eyes)"",\n    ""focus"": ""sharp focus on eyes"",\n    ""lens"": ""85mm f/1.4""\n  },\n  ""quality"": {\n    ""resolution"": ""8k"",\n    ""texture"": ""realistic skin texture"",\n    ""aesthetic"": ""k-pop aesthetic influence, soft dreamy style""\n  }\n}"
8,Profile / Avatar - Identity-Preserving Ultra-Realistic Business Portrait Upgrade,en,False,False,,,,,https://youmind.com/en-US/nano-banana-pro-prompts?id=6334,0,"""Ultra realistic professional business portrait based on the attached image. Keep the subject’s facial structure, skin tone, hairstyle, and expression accurate. Dress the subject in clean, modern professional attire suitable for executives. Use a soft, minimal, premium gradient background with smooth lighting transitions"""
9,Profile / Avatar - Intimate Black and White Candid Portrait,en,False,True,,,,,https://youmind.com/en-US/nano-banana-pro-prompts?id=6296,0,"{\n  ""image_generation_prompt"": {\n    ""subject_details"": {\n      ""demographics"": ""Young woman, caucasian, estimated early 20s"",\n      ""hair"": ""Textured blonde curly hair styled in a messy updo/bun, loose wispy tendrils and stray hairs framing the face, backlit flyaways"",\n      ""face"": ""Natural skin texture with visible freckles across nose and cheeks, high cheekbones, strong brushed-up eyebrows, full lips, defined jawline, light natural makeup"",\n      ""gaze"": ""Direct eye contact, soft and alluring expression, slightly parted lips, calm demeanor""\n    },\n    ""apparel_and_styling"": {\n      ""clothing"": ""{argument name=""clothing item"" default=""Black spaghetti strap camisole top""}, V-neck, minimalist style"",\n      ""accessories"": ""None visible"",\n      ""styling"": ""Effortless, 'woke up like this' aesthetic, casual chic""\n    },\n    ""pose_and_composition"": {\n      ""type"": ""Close-up portrait, selfie angle"",\n      ""framing"": ""Head and shoulders, center composition"",\n      ""posture"": ""Shoulders slightly angled, neck elongated, visible collarbones, head tilted very slightly""\n    },\n    ""environment_and_background"": {\n      ""setting"": ""Indoor, domestic setting near a window"",\n      ""backdrop"": ""Sheer textured curtains with vertical folds, soft fabric detail"",\n      ""depth"": ""Shallow depth of field, background slightly out of focus to emphasize subject""\n    },\n    ""lighting_and_atmosphere"": {\n      ""type"": ""Soft natural window lighting (diffused)"",\n      ""direction"": ""Front-lit with slight side bias"",\n      ""highlights"": ""Soft specular highlights on forehead, nose tip, and cheekbones"",\n      ""shadows"": ""Gentle, non-intrusive shadows under the chin and defining the neck"",\n      ""mood"": ""Intimate, raw, candid, serene, sentimental""\n    },\n    ""technical_specs"": {\n      ""medium"": ""{argument name=""medium style"" default=""Black and white photography""}, monochrome"",\n      ""camera_emulation"": ""iPhone front camera or 35mm film camera equivalent"",\n      ""lens"": ""35mm focal length (portrait appropriate but slightly wide for selfie feel)"",\n      ""aperture"": ""f/2.8"",\n      ""film_grain"": ""Fine film grain texture added for realism"",\n      ""quality_tags"": [\n        ""Photorealistic"",\n        ""8k resolution"",\n        ""highly detailed skin pores"",\n        ""sharp focus on eyes"",\n        ""high contrast monochrome"",\n        ""raw photo style""\n      ]\n    }\n  }\n}"
10,Profile / Avatar - Digital Art Portrait of Girl with Pink-Tipped Hair in Winter,en,False,True,,,,,https://youmind.com/en-US/nano-banana-pro-prompts?id=6328,0,"A blonde girl with pink-tipped hair and vibrant {argument name=""eye color"" default=""red""} eyes, wearing a black beanie, a navy blue turtleneck crop top, and an oversized light blue jacket. She is smiling cheerfully with a slight blush on her cheeks, posed outdoors against a snowy winter background with green foliage. High-quality digital art, detailed character design, soft cinematic lighting, vibrant colors."
11,Profile / Avatar - Playful Studio Portrait with Sydney Sweeney Vibes,en,False,True,,,,,https://youmind.com/en-US/nano-banana-pro-prompts?id=6299,0,"{\n  ""style"": ""ultra-realistic studio portrait"",\n  ""subject"": {\n    ""gender"": ""female"",\n    ""age"": ""young adult"",\n    ""pose"": ""leaning slightly forward toward the camera"",\n    ""expression"": ""playful, flirty"",\n    ""facial_details"": {\n      ""wink"": true,\n      ""tongue_out"": true,\n      ""freckles"": ""natural across fair skin"",\n      ""makeup"": {\n        ""blush"": ""soft pink"",\n        ""lips"": ""glossy""\n      }\n    },\n    ""hair"": {\n      ""color"": ""blonde"",\n      ""length"": ""long"",\n      ""part"": ""side-parted"",\n      ""style"": ""falling naturally over shoulders""\n    },\n    ""outfit"": {\n      ""dress"": ""{argument name=""dress color"" default=""black""} oversized hoodie with subtle street logo"",\n      ""jewelry"": {\n        ""earrings"": ""long dangling gold earrings"",\n        ""necklaces"": ""layered gold necklaces with small heart pendant""\n      }\n    }\n  },\n  ""environment"": {\n    ""setting"": ""studio"",\n    ""background"": ""clean minimal light neutral tones""\n  },\n  ""lighting"": {\n    ""type"": ""soft diffused studio lighting"",\n    ""shadows"": ""smooth natural shadows""\n  },\n  ""camera"": {\n    ""lens"": ""50mm"",\n    ""aperture"": ""f/1.8"",\n    ""depth_of_field"": ""shallow""\n  },\n  ""quality"": {\n    ""resolution"": ""high resolution"",\n    ""detail"": ""ultra-detailed"",\n    ""skin_texture"": ""photorealistic"",\n    ""focus"": ""sharp focus"",\n    ""photography_style"": ""high fashion lifestyle photography""\n  }\n}"
12,Profile / Avatar - Seductive Catgirl Selfie Portrait Prompt,en,False,False,,,,,https://youmind.com/en-US/nano-banana-pro-prompts?id=6370,0,"{\n  ""main_prompt"": ""cute seductive catgirl selfie portrait, young woman in her early 20s with fair skin and subtle blush, long straight dark brown hair with side-swept bangs framing face, heavy dark eyeliner with cat-eye flick, long lashes, glossy pink/nude lips in soft pout, half-lidded sultry eyes looking directly at camera, wearing pink fluffy cat ear headband with white inner ears and small gold bells, thin white spaghetti strap crop top showing midriff and cleavage, light pink shorts or skirt implied below frame, delicate gold choker necklace with small heart/pendant, multiple bracelets on wrist including pink beaded one, pale pink manicured nails with glossy finish, playful peace sign hand gesture near face, low angle selfie shot from below (phone held high), lying on stomach on bed propped on elbows, arched back emphasizing curves, cozy bedroom background: soft pinkish walls, wooden furniture blurred, small decorative items like bag or plushies in corner, warm indoor ambient lighting with soft window fill from side, gentle rim light on hair and shoulders, slight lens distortion from close-up phone selfie, photorealistic, ultra-detailed skin texture with natural pores and light freckles, realistic hair strands and flyaways, fluffy fur texture on cat ears, cinematic soft color grading with warm pinkish tones and subtle vignette, light film grain, kawaii meets seductive aesthetic, intimate playful bedroom vibe, shot on iPhone with front camera portrait mode or similar, shallow depth of field focus on face and upper body, dreamy cosplay energy"",\n  ""negative_prompt"": ""blurry, lowres, deformed hands, extra fingers, fused fingers, bad anatomy, poorly drawn face, bad proportions, extra limbs, mutated hands, ugly, disfigured, tiling, out of frame, jpeg artifacts, signature, watermark, text, error, cropped badly, worst quality, low quality, cartoon, anime style unless subtle, 3d render, plastic skin, doll-like, airbrushed skin, overexposed, underexposed, flat lighting, harsh flash, pale washed-out skin, no makeup, heavy filter, instagram face, duck lips, overly happy smile, elderly, child, male, group shot, outdoor background, bright daylight, cold blue tones, desaturated, cheap cosplay props, visible phone in frame, deformed peace sign hand, extra ears, animal fur on body, full body visible unless cropped naturally, cluttered messy room"",\n  ""style_tags"": [\n    ""photorealistic"",\n    ""catgirl cosplay"",\n    ""kawaii seductive selfie"",\n    ""low angle intimate portrait"",\n    ""bedroom candid vibe"",\n    ""soft pink aesthetic"",\n    ""playful yet sultry"",\n    ""phone selfie distortion subtle"",\n    ""film grain light"",\n    ""cosplay editorial"",\n    ""cozy indoor glow""\n  ],\n  ""technical"": {\n    ""aspect_ratio"": ""3:4 or 9:16 (vertical selfie / phone portrait style)"",\n    ""lighting"": ""warm soft indoor ambient ~3200K from room lights, gentle side fill from window, subtle rim light on hair and cat ears, catchlights in eyes, minimal shadows on face f""\n  }\n}"
13,Profile / Avatar - High-End Aesthetic Car Selfie Portrait,en,False,False,,,,,https://youmind.com/en-US/nano-banana-pro-prompts?id=6112,0,"{\n  ""main_prompt"": ""high-end aesthetic car selfie portrait, young Southeast Asian woman in her early 20s, long voluminous dark brown wavy hair, professional editorial makeup, bold winged eyeliner, glossy burgundy lips, confident and moody expression, leaning back on a tan leather passenger seat, one arm extended for a phone selfie angle, wearing a high-quality cream textured knit top and casual denim shorts, subtle gold jewelry, tanned smooth skin with natural glow, relaxed seating pose with legs visible in the frame, luxurious car interior details: brown leather panels, soft natural window light from the right, cinematic color grading, warm cabin atmosphere, photorealistic skin texture, 8k resolution, shot on high-end smartphone, portrait mode with shallow depth of field, raw photography style, urban lifestyle vibe"",\n  ""negative_prompt"": ""nsfw, suggestive, nude, cleavage, blurred, lowres, deformed anatomy, bad hands, extra limbs, watermark, text, signature, plastic skin, doll-like, overexposed, underexposed, harsh shadows, smiling, elderly, male, group shot, steering wheel, cluttered interior, bright direct sunlight"",\n  ""style_tags"": [\n    ""photorealistic"",\n    ""lifestyle selfie"",\n    ""luxury car interior"",\n    ""moody lighting"",\n    ""confident pose"",\n    ""editorial aesthetic"",\n    ""raw photography"",\n    ""urban vibe""\n  ],\n  ""technical"": {\n    ""aspect_ratio"": ""9:16"",\n    ""lighting"": ""soft diffused natural light from window, warm ambient cabin glow, subtle rim light on hair"",\n    ""color_palette"": ""warm cream, rich tan leather, burgundy accents, natural skin tones"",\n    ""camera"": ""wide-angle front camera perspective, shallow DoF, natural focus on face""\n  },\n  ""composition"": ""asymmetrical selfie framing, subject leaning back, casual leg placement in foreground, dynamic and modern"",\n  ""mood_atmosphere"": ""confident, moody, luxury lifestyle, intimate but sophisticated, private car ride moment"",\n  ""extra_parameters"": {\n    ""steps"": 35,\n    ""cfg_scale"": 6.5,\n    ""sampler"": ""DPM++ 2M SDE Karras"",\n    ""clip_skip"": 2\n  }\n}"
14,Profile / Avatar - Image generation of Suu Mizumiya using Nano Banana Pro,ja,False,False,,,,,https://youmind.com/en-US/nano-banana-pro-prompts?id=6233,0,Suu Mizumiya / mizumiya suu. Smiling Suu-chan.
15,Profile / Avatar - Candid Mirror Selfie with Messy Blowout and Y2K Fashion,en,False,False,,,,,https://youmind.com/en-US/nano-banana-pro-prompts?id=6194,0,"{\n  ""subject"": {\n    ""demographics"": {\n      ""age"": ""early 20s"",\n      ""gender"": ""female"",\n      ""ethnicity"": ""caucasian with light skin tone""\n    },\n    ""hair"": {\n      ""color"": ""blonde"",\n      ""style"": ""shoulder-length, wavy, voluminous, messy blowout"",\n      ""texture"": ""thick, natural curls""\n    },\n    ""face"": {\n      ""shape"": ""oval"",\n      ""eyes"": ""light green, looking towards the phone screen"",\n      ""nose"": ""small, straight bridge"",\n      ""lips"": ""full, natural, slightly parted"",\n      ""skin_texture"": ""smooth tanned skin, visible pores, no airbrushing""\n    },\n    ""body_proportions"": {\n      ""build"": ""curvy, athletic"",\n      ""torso"": ""toned midriff, prominent ribcage due to pose"",\n      ""skin_details"": ""nostril piercing, navel piercing""\n    },\n    ""attire"": {\n      ""top"": ""cropped white button-up shirt, rolled sleeves"",\n      ""bottom"": ""black pleated miniskirt"",\n      ""accessory"": ""black and red plaid necktie"",\n      ""details"": ""black thong strap visible above skirt waistband""\n    }\n  },\n  ""pose"": {\n    ""type"": ""mirror selfie sitting on bed"",\n    ""orientation"": ""body angled slightly right"",\n    ""arms"": {\n      ""right_arm"": ""raised, hand behind head, elbow out"",\n      ""left_arm"": ""holding smartphone to take the photo in the mirror""\n    },\n    ""head_tilt"": ""tilted back and to the left, looking up at the phone"",\n    ""legs"": ""kneeling on the bed, partially obscured""\n  },\n  ""setting"": {\n    ""location"": ""hotel bedroom"",\n    ""foreground"": ""rumpled white duvet and pillows"",\n    ""background"": ""large beige pleated curtains, wooden headboard, pinkish wall"",\n    ""props"": ""pink fur smartphone case with multiple camera lenses"",\n    ""clutter"": ""slight wrinkles on bedding""\n  },\n  ""camera"": {\n    ""shot_type"": ""mirror selfie"",\n    ""angle"": ""eye-level reflection"",\n    ""framing"": ""medium shot (waist up)"",\n    ""focal_length"": ""smartphone wide lens"",\n    ""perspective"": ""first-person via mirror"",\n    ""aspect_ratio"": ""3:4""\n  },\n  ""lighting"": {\n    ""source"": ""warm indoor ambient light mixed with purple/blue mood lighting"",\n    ""quality"": ""soft, diffused, colored cast"",\n    ""highlights"": ""reflection on phone screen and camera lens"",\n    ""shadows"": ""soft shadows under arms and chin"",\n    ""color_temperature"": ""warm, purpleish tone""\n  },\n  ""mood_and_expression"": {\n    ""emotion"": ""relaxed, confident, casual"",\n    ""gaze"": ""focused on phone screen"",\n    ""atmosphere"": ""intimate, evening, candid""\n  },\n  ""style_and_realism"": {\n    ""aesthetic"": ""raw photo, candid snap, unfiltered, social media style"",\n    ""realism_level"": ""high, natural film grain, unprocessed look"",\n    ""imperfections"": ""slight lens flare from phone flash reflection, natural skin texture""\n  },\n  ""technical_details"": {\n    ""sharpness"": ""focus on subject in mirror reflection"",\n    ""noise"": ""moderate ISO grain due to low light"",\n    ""texture_quality"": ""high fidelity for fabric and skin""\n  }\n}"
16,Profile / Avatar - Cosmic Galaxy Watercolor Portrait (Identity Preservation),en,False,False,,,,,https://youmind.com/en-US/nano-banana-pro-prompts?id=6163,0,"{\n  ""prompt"": ""Use the uploaded reference image to **preserve 100% of the facial features, identity, age, skin tone, and expression** of the person. Do not alter facial structure or proportions. Create a **cosmic galaxy watercolor portrait** where the face remains soft and realistic but is gently merged with nebula textures. Hair follows the exact reference style, with subtle stardust highlights woven through the strands. Clothing: simple dark or neutral attire that fades into swirling galaxy patterns. Background: deep space filled with vibrant nebulas, glowing stars, floating light particles, and watercolor galaxies in shades of indigo, teal, violet, and cosmic blue. Soft ethereal rim light outlines the silhouette. Fine pencil sketch lines mixed with watercolor bleeds, smooth gradients, dreamy depth, cinematic and artistic masterpiece quality."",\n  ""negative_prompt"": ""blurry, low quality, deformed, extra limbs, bad anatomy, watermark, text overlay, anime, cartoon, overexposed, underexposed, ugly face, bad hands, face altered, identity changed, harsh lighting, plastic skin, flat colors"",\n  ""parameters"": {\n    ""steps"": 50,\n    ""cfg_scale"": 7.2,\n    ""sampler"": ""Euler a or DPM++ 2M Karras"",\n    ""strength"": 0.53,\n    ""noise"": 0.28,\n    ""width"": 832,\n    ""height"": 1216,\n    ""aspect_ratio"": ""2:3""\n  },\n  ""usage_instructions"": ""Upload your image in img2img or reference mode. Keep strength around 0.5–0.55 to keep the face **100% matching**, while blending the portrait into a cosmic watercolor universe.""\n}"
17,Profile / Avatar - Editorial Mirror Selfie with Detailed Identity Lock,en,False,False,,,,,https://youmind.com/en-US/nano-banana-pro-prompts?id=6202,0,"""ar"": ""9:16"",\n  ""intent"": ""rooftop golden hour, city skyline background, editorial feel"",\n  ""subject"": {\n    ""type"": ""young woman"",\n    ""age"": ""mid-20s"",\n    ""identity_lock"": ""young athletic woman in her mid-20s with long platinum-blonde hair, fair skin with a light tan, soft feminine facial features (defined jawline, high cheekbones, natural lips), fit gym-trained body (toned shoulders, visible abs, strong legs and glutes)"",\n    ""face_lock"": {\n      ""face_shape"": ""oval face with soft features"",\n      ""eyes"": ""almond-shaped light hazel/green eyes, sharp catchlights, slightly lifted outer corners, natural lashes"",\n      ""brows"": ""full natural brows with a clean arch"",\n      ""nose"": ""small button nose"",\n      ""lips"": ""slightly pouty lips"",\n      ""skin"": ""real skin texture with visible pores and faint freckles (no smoothing)""\n    },\n    ""hair"": {\n      ""style"": ""medium-length curls"",\n      ""finish"": ""perfectly styled with no flyaways""\n    },\n    ""makeup"": ""minimal: tinted moisturizer, mascara, tinted lip balm"",\n    ""expression"": ""playful side-glance + soft smirk, relaxed jaw""\n  },\n  ""outfit"": {\n    ""top"": {\n      ""type"": ""fitted tank top"",\n      ""cut"": ""off-shoulder"",\n      ""structure"": ""cropped at waist"",\n      ""fabric"": ""soft cotton jersey""\n    },\n    ""bottom"": {\n      ""type"": ""tailored trousers"",\n      ""fit"": ""A-line silhouette""\n    }\n  },\n  ""accessories"": {\n    ""earrings"": ""statement chandelier earrings"",\n    ""bracelets"": ""none"",\n    ""rings"": ""none"",\n    ""other"": ""dainty pendant necklace""\n  },\n  ""action_pose"": {\n    ""type"": ""mirror selfie"",\n    ""body_position"": ""walking mid-stride"",\n    ""upper_body"": ""arms crossed casually"",\n    ""phone_hand"": ""phone extended at arm's length"",\n    ""glass_action"": ""mid-sip with the rim touching lips, white wine visible inside"",\n    ""framing"": ""full body from head to feet visible; subject centered""\n  },\n  ""scene"": {\n    ""location"": ""modern bedroom (hotel-like)"",\n    ""table"": [\n      ""bread basket"",\n      ""water glass"",\n      ""silverware set on the right edge of frame""\n    ],\n    ""background"": [\n      ""rows of tables with white tablecloths"",\n      ""glass/window wall on the right with reflections"",\n      ""ceiling with angled panels/awnings"",\n      ""palm trees visible outside through the large windows""\n    ],\n    ""bed"": {\n      ""bedding"": ""plush velvet comforter"",\n      ""throw_blanket"": ""none""\n    },\n    ""background_details"": {\n      ""vanity_setup"": [\n        ""makeup vanity/desk with lots of items scattered naturally (brush cup, palettes, bottles, perfume silhouettes)"",\n        ""jewelry box with items spilling out""\n      ],\n      ""mirror_lights"": ""Hollywood-style bulb lights around mirror"",\n      ""ring_light"": ""ring light behind the vanity with tripod legs visible (off or dim)"",\n      ""extra_room_details"": [\n        ""a water glass or bottle on a side table edge"",\n        ""small scented candle on the vanity (soft glow)"",\n        ""laptop slightly open on the desk edge or chair (screen dim, no ""\n  }"
18,Profile / Avatar - Ultra-Photorealistic Mirror Selfie in Italy Prompt,en,False,False,,,,,https://youmind.com/en-US/nano-banana-pro-prompts?id=6105,0,"{\n  ""generation_parameters"": {\n    ""aspect_ratio"": ""9:16"",\n    ""quality_preset"": ""Ultra-Photorealistic / Cinematographic"",\n    ""model_version"": ""Nano Banana Pro"",\n    ""chaos"": ""low"",\n    ""stylize"": ""medium-high""\n  },\n  ""prompt_core"": {\n    ""subject_details"": {\n      ""demographics"": ""Young woman, early 20s, olive complexion, highly photogenic."",\n      ""facial_features"": ""Defined facial structure, high cheekbones, sharp jawline, dark almond-shaped eyes looking directly at camera reflection, full lips with mauve gloss."",\n      ""hair_and_grooming"": ""Dark hair styled into a sleek, tight, high ponytail. Two thin, face-framing tendrils pulled loose in front. Immaculate 'clean girl' aesthetic makeup, sharp winged eyeliner, perfectly groomed eyebrows.""\n    },\n    ""attire_and_texture"": {\n      ""main_outfit"": ""A white two-piece set (or cut-out dress) made from a highly textured, shimmering lurex or fine glitter fabric that catches the light. Strapless bandeau top. High-waisted skirt with a significant asymmetrical cut-out at the midriff and a draped, folded front panel."",\n      ""footwear"": ""Black patent leather pointed-toe stiletto pumps, showing glossy reflections."",\n      ""accessories"": ""Layered delicate turquoise chain necklaces. Small diamond hoop earrings. A beaded gold bracelet on the left wrist.""\n    },\n    ""pose_and_action"": {\n      ""body_position"": ""Deep squat posture balanced on the balls of the feet on a rug, knees spread wide. Torso upright, slightly turned."",\n      ""hands_and_objects"": ""Holding a bright magenta/pink Apple iPhone (approx. 17 Pro mqx orange model) with visible camera lenses, positioned in front of the face to take a mirror selfie. A white pop-socket grip is visible on the back of the phone.""\n    },\n    ""environment_dense_description"": {\n      ""setting"": ""Bright, modern, minimalist outdoor terrace exterior. Mediterranean aesthetic."",\n      ""foreground_elements"": ""Perched on steep cliffs, the terrace feature hand-painted ceramic details in azure and coral tones, blending rustic elegance with luxurious comfort. Furnished with sun loungers, shaded pergolas, and al fresco dining sets, they serve as private sanctuaries for savoring morning espresso or golden-hour aperitivos."",\n      ""background_elements"": ""The view typically unfolds across cascading pastel houses, the shimmering Tyrrhenian Sea, and the dome of Santa Maria Assunta, creating a living postcard of coastal beauty.""\n    },\n    ""lighting_and_atmosphere"": {\n      ""light_source"": ""Soft, diffused natural daylight. No harsh shadows."",\n      ""mood"": ""Confident, casual influencer 'fit check', contemporary, clean, high-end vibe."",\n      ""photographic_style"": ""Mirror selfie taken with a high-quality smartphone camera, slightly wide angle. Sharp focus on the subject and the phone. Realistic color grading, high dynamic range.""\n    }\n  },\n  ""negative_prompt_strict"": ""cartoon, painting, 3d render, CGI, anime, low resolution, blurry, grain"""
19,Profile / Avatar - Minimalist Studio Fashion Portrait Prompt,en,False,True,,,,,https://youmind.com/en-US/nano-banana-pro-prompts?id=6169,0,"{\n  ""image_type"": ""studio_photoshoot"",\n  ""shot_type"": ""half_body"",\n  ""camera"": {\n    ""angle"": ""eye_level"",\n    ""lens"": ""85mm portrait lens"",\n    ""aperture"": ""f/2.8"",\n    ""focus"": ""tack_sharp_on_subject"",\n    ""depth_of_field"": ""shallow_background_blur""\n  },\n  ""subject"": {\n    ""gender"": ""{argument name=""subject gender"" default=""male/female""}"",\n    ""age_range"": ""mid_30s_to_early_40s"",\n    ""build"": ""natural_fit"",\n    ""pose"": ""relaxed_confident_stance"",\n    ""expression"": ""calm_confident_neutral"",\n    ""outfit"": ""casual_streetwear"",\n    ""clothing_details"": {\n      ""top"": ""well_fitted_tshirt_or_light_jacket"",\n      ""colors"": ""neutral_muted_tones"",\n      ""style"": ""modern_minimal""\n    }\n  },\n  ""lighting"": {\n    ""type"": ""professional_studio_lighting"",\n    ""key_light"": ""softbox_front"",\n    ""fill_light"": ""subtle_fill"",\n    ""rim_light"": ""gentle_hair_light"",\n    ""shadows"": ""soft_natural"",\n    ""skin_tones"": ""accurate_and_realistic""\n  },\n  ""background"": {\n    ""style"": ""clean_studio_backdrop"",\n    ""color"": ""soft_gradient_neutral"",\n    ""texture"": ""smooth_minimal"",\n    ""distraction_free"": true\n  },\n  ""style"": {\n    ""realism"": ""high"",\n    ""look"": ""editorial_fashion_portrait"",\n    ""color_grading"": ""natural_balanced"",\n    ""no_filters"": true\n  },\n  ""quality"": {\n    ""resolution"": ""8K"",\n    ""detail_level"": ""ultra_high"",\n    ""noise"": ""none""\n  },\n  ""constraints"": [\n    ""full_focus_on_subject"",\n    ""no_motion_blur"",\n    ""no_overprocessing"",\n    ""no_cartoon_style"",\n    ""no_distorted_anatomy""\n  ]\n}"
20,Social Media Post - Train-ad style book advertisement image,ja,False,True,,,,,https://youmind.com/en-US/nano-banana-pro-prompts?id=532,0,"Please generate an advertisement image.\n\n==== Ad specifications ===\n- Aspect ratio: 16:9 (horizontal)\n- Product to advertise: the book in the first attached image\n- Main eye-catcher: place the book from the first attached image in a three-dimensional way\n- Language: Japanese\n- Taste: advertisement for a business book\n\n# Text to include:\n- Pre-head copy: 【New print run decided about one week after release】\n\nBook “{argument name=""book_title_en"" default=""Designing from Zero with AI""}” now on sale and doing well.\n\nAmazon Best Seller Ranking\nRanked No.1 in commercial design sales (as of 10/15)\nhttps://t.co/QxbYpfFVj6"
21,Social Media Post - London outdoor restaurant portrait with Nano Banana Pro,en,False,True,,,,,https://youmind.com/en-US/nano-banana-pro-prompts?id=743,0,"Create a photorealistic image of a young woman sitting at a relaxed outdoor restaurant in {argument name=""city in english"" default=""London""} on a cool Wednesday morning in March {argument name=""year in english"" default=""2025""}. The sky is clear, the spring air is crisp, and the city feels calm as it wakes up. She is the focal point of the shot—wearing a light scarf, gently stirring her tea while gazing off to the side with a thoughtful expression. Everything behind her, from the waiter moving about to the soft morning traffic, should fall into a smooth blur, giving the picture the effortless, candid atmosphere of a moment casually snapped on a phone."
22,Social Media Post - Emoji Aesthetic Prompts (Dark vs. Pastel),en,False,False,,,,,https://youmind.com/en-US/nano-banana-pro-prompts?id=6374,0,⚔️🕸️🏴🗡️                           👛🌷🐥🌸                                               \n🖤⛓️💀🐦‍⬛                           🍥🎀🤍🩰                         🧷🔪🕷️🎱                           🫧🍬👚💗                   \n💣♟️♠️🗝️                           🌸🩷🍡💝
23,Social Media Post - Meme: Shoveling Snow with/without Coffee,en,False,True,,,,,https://youmind.com/en-US/nano-banana-pro-prompts?id=6288,0,"(Meme:\nTop: How I feel tackling my tasks...\nLeft: Without coffee\nRight: With coffee\nAction Left: {argument name=""character name"" default=""nordicjos3""} shoveling his driveway with a tiny shoveling.\nAction Right: nordicjos3 clearing his driveway of snow with a flamethrower.) Note: nordicjos3 is a character I trained in Freepik"
24,Social Media Post - Cinematic Romance: Couple Dancing at Istanbul Sunset,en,False,True,,,,,https://youmind.com/en-US/nano-banana-pro-prompts?id=6253,0,"{\n  ""generation_request"": {\n    ""meta_data"": {\n      ""tool"": ""Kling"",\n      ""task_type"": ""photoreal_cinematic_romance"",\n      ""version"": ""v1.0_ISTANBUL_SUNSET_DANCING_COUPLE"",\n      ""priority"": ""highest""\n    },\n    ""references"": {\n      ""reference_image_1"": {\n        ""source"": ""UPLOAD_REFERENCE_IMAGE (OPTIONAL)"",\n        ""purpose"": ""POSE_MOOD_STYLE_ANCHOR"",\n        ""strict_lock"": false,\n        ""preserve_mood"": true\n      }\n    },\n    ""output_settings"": {\n      ""aspect_ratio"": ""9:16"",\n      ""orientation"": ""portrait"",\n      ""resolution_target"": ""ultra_high_res"",\n      ""render_style"": ""cinematic_photoreal_film_still"",\n      ""sharpness"": ""crisp_but_natural"",\n      ""film_grain"": ""subtle_35mm"",\n      ""color_grade"": ""warm_golden_sunset"",\n      ""dynamic_range"": ""natural_not_hdr"",\n      ""skin_rendering"": ""real_texture_no_filter""\n    },\n    ""creative_prompt"": {\n      ""scene_summary"": ""Ultra-photorealistic cinematic scene of a happy couple dancing together in {argument name=""city"" default=""Istanbul""} at golden hour. They are laughing and spinning joyfully, captured mid-movement with natural motion blur in fabric and hair. The mood is romantic, free, and full of life."",\n      ""location"": {\n        ""city"": ""Istanbul"",\n        ""spot"": ""Bosphorus waterfront promenade"",\n        ""background_elements"": [\n          ""softly blurred Bosphorus"",\n          ""historic Istanbul skyline"",\n          ""warm sunset sky"",\n          ""distant city lights beginning to glow""\n        ]\n      },\n      ""subjects"": {\n        ""female"": {\n          ""appearance"": ""young adult woman, natural beauty, warm skin tone"",\n          ""wardrobe"": ""{argument name=""dress type"" default=""white floral summer dress""}, flowing fabric, knee-length, modest neckline"",\n          ""movement"": ""dress swirling as she dances, hair moving naturally"",\n          ""emotion"": ""pure joy, wide smile, relaxed body language""\n        },\n        ""male"": {\n          ""appearance"": ""young adult man, casual elegant look"",\n          ""wardrobe"": ""light shirt and neutral trousers"",\n          ""movement"": ""leading the dance gently, playful posture"",\n          ""emotion"": ""happy, affectionate smile, eyes focused on partner""\n        }\n      },\n      ""lighting"": {\n        ""type"": ""natural sunset light"",\n        ""direction"": ""side and backlit"",\n        ""feel"": ""warm, glowing highlights with soft shadows""\n      },\n      ""camera_style"": {\n        ""shot_type"": ""medium full-body shot"",\n        ""angle"": ""eye-level, slightly dynamic"",\n        ""lens"": ""35mm cinematic look"",\n        ""depth_of_field"": ""shallow, subjects sharp, background softly blurred""\n      },\n      ""atmosphere"": {\n        ""wind"": ""light breeze moving dress and hair"",\n        ""energy"": ""lively, spontaneous, romantic""\n      },\n      ""quality_guards"": {\n        ""no_text"": true,\n        ""no_watermark"": true,\n        ""no_ai_look"": true,\n        ""hands_and_fingers_clean"": true,\n        ""no_extra_limbs"": true\n      },\n      ""negative_prompt"": ""nudity, explicit content, see-through clothing, nightclub, heavy makeup,""\n    }\n  }\n}"
25,Social Media Post - Paparazzi Flash Portrait of Ana de Armas in a Car,en,False,False,,,,,https://youmind.com/en-US/nano-banana-pro-prompts?id=6273,0,"use the exact facial features from the uploaded reference photo, do not alter face shape, eyes,\n\nnose, lips, skin tone or proportions in any way, 0% face modification, identity lock, strict face\n\npreservation hyper-realistic photography, looks like a real paparazzi fashion photo, natural skin\n\ntexture with visible pores, fine lines and subtle imperfections, realistic skin sheen, no plastic skin,\n\nhigh-resolution fashion photograph, sharp focus, ultra-detailed direct\n\non-camera flash, paparazzi\n\nflash photography, hard frontal flash, harsh shadows, strong highlights, high contrast lighting, flash\n\noverpowering ambient light, slight overexposure on skin highlights, realistic flash falloff shot on fullframe DSLR, 35mm lens, slightly wide perspective, shallow depth of field, handheld camera feeling, candid framing nighttime interior car setting, luxury car back seat, black leather seats,\n\ndark surroundings outside the windows, cinematic night mood, editorial paparazzi aesthetic model\n\nwearing a tailored black pinstripe suit, oversized blazer with structured shoulders, white crisp shirt,\n\nblack slim tie, black tailored trousers, silver jewelry: small hoop earrings, subtle bracelet, watch,\n\nmakeup: glossy lips, defined eyes, soft contour, natural glow, hair styled in a messy elegant updo\n\nwith loose strands framing the face, close-up portrait, candid moment, model laughing softly, eyes\n\nhalf-closed, head tilted back slightly, natural spontaneous emotion, not posed, direct flash freezing\n\nmotion, hair strands caught mid-movement, editorial paparazzi feel"
26,Social Media Post - Flash Photography Portrait of Ana de Armas,en,False,True,,,,,https://youmind.com/en-US/nano-banana-pro-prompts?id=6278,0,"{\n  ""generation_parameters"": {\n    ""topic"": ""Portrait Photography"",\n    ""aspect_ratio"": ""3:4"",\n    ""style_preset"": ""Flash Photography""\n  },\n  ""subject_details"": {\n    ""identity"": {\n      ""name"": ""{argument name=""subject name"" default=""Ana de Armas""}"",\n      ""type"": ""Woman""\n    },\n    ""appearance"": {\n      ""hair"": {\n        ""color"": ""Dark"",\n        ""length"": ""Long"",\n        ""texture"": ""Straight""\n      },\n      ""face"": {\n        ""expression"": ""Soft""\n      },\n      ""body"": {\n        ""build_notes"": ""Large breasts""\n      }\n    },\n    ""pose_and_action"": {\n      ""orientation"": ""Looking over shoulder"",\n      ""framing"": ""Full-body"",\n      ""stance"": ""Standing""\n    }\n  },\n  ""fashion_and_attire"": {\n    ""clothing"": {\n      ""item"": ""Bodycon mini-dress"",\n      ""color"": ""{argument name=""dress color"" default=""Beige""}"",\n      ""fit"": ""Tight"",\n      ""design_elements"": [\n        ""Backless""\n      ]\n    },\n    ""accessories"": {\n      ""jewelry"": {\n        ""item"": ""Back-drop necklace"",\n        ""material"": ""Gold"",\n        ""style"": ""Delicate""\n      },\n      ""carry_items"": {\n        ""item"": ""Shoulder bag"",\n        ""material"": ""Leather"",\n        ""color"": ""Black"",\n        ""size"": ""Small""\n      }\n    }\n  },\n  ""scene_composition"": {\n    ""environment"": {\n      ""location_type"": ""Urban/Studio"",\n      ""background_elements"": {\n        ""object"": ""Wall"",\n        ""material"": ""Concrete block"",\n        ""color"": ""Grey""\n      }\n    },\n    ""lighting_setup"": {\n      ""technique"": ""Flash photography"",\n      ""qualities"": [\n        ""High-quality"",\n        ""Direct""\n      ],\n      ""effects"": {\n        ""skin_interaction"": ""Soft glow"",\n        ""shadows"": ""Slight shadow cast against background""\n      }\n    }\n  }\n}"
27,Social Media Post - Cricketer Composite Portrait and Stats Graphic,en,False,True,,,,,https://youmind.com/en-US/nano-banana-pro-prompts?id=6287,0,"A dynamic composite portrait of Indian cricketer {argument name=""cricketer name"" default=""you neme""} in his Royal Challengers Bangalore jersey, set against a bold red background with a stylized golden lion emblem. The composition features a large, close-up portrait of Iyer in the foreground, looking directly at the viewer with a serious expression, short dark hair, and a trimmed beard. Behind him, a smaller, action-oriented image shows him mid-celebration, mouth open in triumph, wearing the same red jersey with ""DREAM11"" and ""KINGS"" logos. A third, smaller inset depicts him batting in full gear, mid-swing. He wears a red long-sleeved jersey with gold accents, blue pants, and cricket pads. The lighting is dramatic and studio-like, highlighting his features and the vibrant red of his uniform. The background is a deep red with a glowing golden lion logo, evoking team identity. Text elements on the left display his IPL 2025 stats: {argument name=""innings"" default=""13""} innings, {argument name=""runs"" default=""604""} runs, 50.33 average, 175.07 strike rate, and 6 fifties. The overall style is a high-impact sports graphic, combining realistic photography with bold typography and graphic design elements."
28,Social Media Post - Flash Editorial Portrait in Porsche 911 GT3 RS,en,False,True,,,,,https://youmind.com/en-US/nano-banana-pro-prompts?id=6262,0,"{\n  ""generation_request"": {\n    ""meta_data"": {\n      ""tool"": ""NanoBanana Pro"",\n      ""task_type"": ""photoreal_cinematic_flash_evening_portrait_editorial"",\n      ""version"": ""v1.3_RED_SATIN_HALTER_PORSCHE_911_GT3_RS_BLACK_CAR_FLASH_NIGHT_NO_AI_LOOK"",\n      ""priority"": ""highest""\n    },\n\n    ""references"": {\n      ""reference_image_1"": {\n        ""source"": ""UPLOAD_REFERENCE_IMAGE (REQUIRED)"",\n        ""purpose"": ""FACE_IDENTITY_AND_BODY_LOCK"",\n        ""strict_lock"": true,\n        ""face_similarity_priority"": ""MAX"",\n        ""no_identity_blending"": true,\n        ""no_beautify"": true,\n        ""no_age_shift"": true,\n        ""preserve_skin_texture"": true,\n        ""preserve_facial_proportions"": true,\n        ""preserve_pose"": true\n      }\n    },\n\n    ""output_settings"": {\n      ""aspect_ratio"": ""3:4"",\n      ""orientation"": ""portrait"",\n      ""resolution_target"": ""ultra_high_res"",\n      ""render_style"": ""cinematic_flash_editorial"",\n      ""sharpness"": ""flash_crisp_subject_soft_falloff"",\n      ""film_grain"": ""very_subtle_35mm"",\n      ""color_grade"": ""warm_evening_neutral_skin"",\n      ""dynamic_range"": ""natural_not_hdr"",\n      ""skin_rendering"": ""real_texture_no_retouch""\n    },\n\n    ""creative_prompt"": {\n      ""scene_summary"": ""Ultra-photorealistic evening portrait inside a black {argument name=""car model"" default=""Porsche 911 GT3 RS""}. Same woman from the reference image, seated in the front passenger seat, turned slightly toward the camera with relaxed elegance. On-camera flash look: crisp subject, dark background falloff, luxury night-out vibe."",\n\n      ""environment"": {\n        ""location"": ""interior of a black Porsche 911 GT3 RS"",\n        ""car_details"": ""visible Porsche dashboard geometry and sport interior cues (911 cockpit layout, premium materials, sporty trim), black interior theme"",\n        ""time"": ""evening / night"",\n        ""outside_view"": ""dark exterior through windows with faint city bokeh lights, no daylight"",\n        ""interior_light"": ""dominant on-camera flash with minimal ambient spill"",\n        ""atmosphere"": ""cinematic, intimate, upscale, high-performance luxury""\n      },\n\n      ""subjects"": {\n        ""female"": {\n          ""wardrobe"": ""{argument name=""dress color"" default=""red""} satin halter dress with thin straps tied behind the neck, glossy satin fabric with realistic folds and highlights, elegant neckline"",\n          ""pose"": ""seated naturally in the passenger seat, shoulders relaxed, torso angled slightly toward the camera"",\n          ""expression"": ""soft confident smile, calm eyes, natural facial asymmetry"",\n          ""hair"": ""same hairstyle as reference, smooth and natural"",\n          ""nails"": ""clean glossy red nail polish"",\n          ""jewelry"": ""minimal, elegant, no oversized accessories"",\n          ""anatomy_constraints"": ""perfect hand anatomy, five fingers per hand, correct wrist angles, natural shoulder and neck alignment""\n        }\n      },\n\n      ""props"": {\n        ""flowers"": ""only red roses, rich deep red petals, no pink or white flowers present"",\n        ""drink"": ""classic champagne flute with pale sparkl""\n      }\n    }\n  }\n}"
29,Social Media Post - Cinematic Mirror Reflection Portrait with Lipstick Writing,en,False,True,,,,,https://youmind.com/en-US/nano-banana-pro-prompts?id=6250,0,"{\n  ""style"": {\n    ""realism"": ""High-fidelity cinematic photography, hyper-realistic textures"",\n    ""cinematic"": true,\n    ""camera_angle"": ""Three-quarter over-the-shoulder view looking into a mirror reflection"",\n    ""aspect_ratio"": ""9:16"",\n    ""depth_of_field"": ""Shallow depth of field with sharp focus on the mirror reflection and blurred foreground""\n  },\n  ""subject"": {\n    ""gender"": ""Female"",""Teresa Palmer""\n    ""appearance"": {\n      ""skin_tone"": ""Teresa Palmer face complexion with a glowing, sun-kissed finish"",\n      ""body_type"": ""Teresa Palmer body figure with defined features and prominent cleavage"",\n      ""abdomen"": ""Smooth skin texture visible through the drape of the satin dress"",\n      ""features"": ""Wet-look wavy hair, sultry expression, full lips with glossy red lipstick, manicured nails""\n    },\n    ""accessories"": [\n      {\n        ""type"": ""Hoop earrings"",\n        ""material"": ""Polished gold"",\n        ""position"": ""Ears""\n      },\n      {\n        ""type"": ""Spaghetti strap dress"",\n        ""material"": ""{argument name=""dress material"" default=""Red silk satin""} with liquid-like texture"",\n        ""position"": ""Body""\n      }\n    ]\n  },\n  ""pose"": {\n    ""overall_posture"": ""Standing with back to the camera, head turned to view reflection in the mirror"",\n    ""left_arm"": {\n      ""position"": ""Raised toward the mirror surface"",\n      ""interaction"": ""Holding a red lipstick tube as if finishing writing on the glass""\n    },\n    ""right_hand"": {\n      ""position"": ""Blurred in the immediate foreground holding the lipstick base"",\n      ""interaction"": ""Establishing depth""\n    },\n    ""legs"": {\n      ""position"": ""Not visible, frame cuts at the mid-torso""\n    }\n  },\n  ""framing"": {\n    ""composition"": ""Frame-within-a-frame centered on an ornate gold mirror"",\n    ""camera_position"": ""Low-angle, positioned behind the subject's right shoulder"",\n    ""focus_progression"": [\n      ""Blurred foreground of the subject's back and arm"",\n      ""Sharp focus on the face, wet hair, and lipstick writing in the mirror reflection""\n    ]\n  },\n  ""environment"": {\n    ""location"": ""Elegant interior dressing room during golden hour"",\n    ""objects"": [\n      ""Large ornate gold-leaf Victorian mirror with intricate shell and scroll carvings"",\n      ""Red lipstick writing on the mirror surface reading '{argument name=""mirror writing"" default=""Teresa Palmer ❤️""}'"",\n      ""Red lipstick kiss mark on the mirror glass""\n    ]\n  },\n  ""visual_emphasis"": [\n    ""Vibrant red satin versus warm metallic gold"",\n    ""Sultry lighting with soft shadows and golden hour highlights"",\n    ""Contrast between wet hair texture and smooth silk fabric"",\n    ""Radiant skin-glow highlights on the face and décolletage""\n  ]\n}"
30,Social Media Post - Low-Angle Wedding Editorial with Heart Hands,en,False,False,,,,,https://youmind.com/en-US/nano-banana-pro-prompts?id=6309,0,"{\n  ""request_metadata"": {\n    ""tool"": ""Nano Banana Pro"",\n    ""task_type"": ""photoreal_cinematic_poster_style_shoot"",\n    ""quality_preset"": ""ultra"",\n    ""aspect_ratio"": ""9:16""\n  },\n  ""references"": {\n    ""female_reference_image"": {\n      ""slot"": 1,\n      ""purpose"": ""FEMALE_IDENTITY_LOCK"",\n      ""strict_identity_lock"": true\n    },\n    ""male_reference_image"": {\n      ""slot"": 2,\n      ""purpose"": ""MALE_IDENTITY_LOCK"",\n      ""strict_identity_lock"": true\n    }\n  },\n  ""hard_constraints"": [\n    ""Exactly 2 people only (one female, one male)."",\n    ""Faces must match the uploaded references with maximum similarity (no identity drift)."",\n    ""Photorealistic anatomy, natural skin texture, no beautify filter."",\n    ""Vertical 9:16, same low-angle composition and pose logic as the reference image."",\n    ""No readable text, no logos, no watermarks.""\n  ],\n  ""camera"": {\n    ""style"": ""editorial wedding lifestyle photo"",\n    ""lens"": ""24mm"",\n    ""angle"": ""extreme low-angle looking up (worm's-eye view)"",\n    ""aperture"": ""f/2.8"",\n    ""focus"": ""sharp on hands + faces, gentle background falloff"",\n    ""white_balance"": ""clean daylight, slightly cool""\n  },\n  ""lighting"": {\n    ""type"": ""soft natural daylight"",\n    ""contrast"": ""low-to-medium"",\n    ""shadows"": ""soft"",\n    ""highlights"": ""gentle, no clipping""\n  },\n  ""prompt"": {\n    ""scene_summary"": ""Recreate the reference shot: a romantic, ultra-photoreal low-angle wedding editorial photo against a clean blue sky. The couple forms a heart shape with their hands in the foreground, framing the woman’s face. The man leans in from above and kisses the woman on the temple/forehead. The woman stands below, looking relaxed and confident, wearing black sunglasses and a white bridal look. The veil flows softly around her shoulders. The man wears a crisp white dress shirt with a dark vest/jacket. The entire composition must feel like a real photo, with correct hand anatomy, realistic skin texture, and natural fabric details."",\n    ""composition"": {\n      ""foreground"": ""hands forming a perfect heart shape very close to camera, fingers natural, no extra fingers, heart opening centered"",\n      ""subjects_position"": ""woman centered lower-middle; man above her leaning in from upper-right/upper area"",\n      ""framing"": ""heart shape frames the woman’s face; man’s face close to her head in a kiss"",\n      ""background"": ""clean open sky, minimal distractions"",\n      ""pose_lock"": ""match the reference: heart-hands + kiss + low-angle perspective""\n    },\n    ""wardrobe"": {\n      ""female"": ""white bridal dress or strapless/clean white top, sheer white veil, black sunglasses; elegant minimal jewelry"",\n      ""male"": ""white dress shirt + dark vest or dark jacket; clean tailored look""\n    },\n    ""styling_notes"": [\n      ""veil should look airy and translucent with natural folds"",\n      ""hands must be anatomically perfect and symmetrical, no warping"",\n      ""keep facial expressions natural (soft romantic mood)"",\n      ""no added props, no typ"
31,Social Media Post - Poetic Realism of a Woman in a Boat with a Swan,en,False,True,,,,,https://youmind.com/en-US/nano-banana-pro-prompts?id=6267,0,"{\n  ""generation_request"": {\n    ""meta_data"": {\n      ""tool"": ""NanoBanana Pro"",\n      ""task_type"": ""photoreal_fine_art_cinematic_editorial"",\n      ""version"": ""v1.0_SWAN_LAKE_WHITE_DRESS_POETIC_REALISM"",\n      ""priority"": ""highest""\n    },\n\n    ""output_settings"": {\n      ""aspect_ratio"": ""3:4"",\n      ""orientation"": ""portrait"",\n      ""resolution_target"": ""ultra_high_res"",\n      ""render_style"": ""fine_art_cinematic_film_still"",\n      ""sharpness"": ""soft_but_detailed"",\n      ""film_grain"": ""subtle_35mm"",\n      ""color_grade"": ""warm_classical_painterly"",\n      ""dynamic_range"": ""natural_not_hdr"",\n      ""skin_rendering"": ""real_texture_no_retouch""\n    },\n\n    ""creative_prompt"": {\n      ""scene_summary"": ""A serene, painterly moment of a young woman reclining gracefully in a small wooden boat on a calm lake covered with lily pads. She wears a flowing white dress and rests with eyes closed, face turned toward the sun. A white swan glides quietly in the background, reinforcing a sense of purity, calm, and timeless beauty. The image feels like a living oil painting—romantic, poetic, and still."",\n\n      ""environment"": {\n        ""location"": ""quiet lake with lily pads"",\n        ""water"": ""dark reflective surface with gentle ripples"",\n        ""elements"": ""floating lily pads, soft reflections, a white swan in mid-distance"",\n        ""atmosphere"": ""peaceful, warm, late afternoon light""\n      },\n\n      ""subject"": {\n        ""gender_presentation"": ""female"",\n        ""pose"": ""reclining elegantly in the boat, arms relaxed, head tilted back slightly"",\n        ""expression"": ""eyes closed, serene, content"",\n        ""wardrobe"": ""flowing {argument name=""dress color"" default=""white""} vintage-style dress with puff sleeves and corset bodice"",\n        ""details"": ""natural makeup, minimal jewelry, soft highlights on skin""\n      },\n\n      ""props"": {\n        ""boat"": ""small vintage wooden rowboat"",\n        ""accessories"": [\n          ""woven wicker basket"",\n          ""bouquet of white flowers resting beside her""\n        ]\n      },\n\n      ""composition"": {\n        ""camera_angle"": ""slightly elevated diagonal angle from above"",\n        ""framing"": ""boat filling the lower frame, water and lily pads surrounding"",\n        ""balance"": ""subject offset slightly, swan counterbalancing the composition""\n      },\n\n      ""lighting"": {\n        ""source"": ""natural sunlight"",\n        ""quality"": ""soft directional light, gentle shadows"",\n        ""effect"": ""painterly highlights on dress and skin, no harsh contrast""\n      },\n\n      ""aesthetic"": {\n        ""inspiration"": ""Pre-Raphaelite painting, romantic realism"",\n        ""mood"": ""tranquil, feminine, timeless"",\n        ""era"": ""timeless / classical""\n      },\n\n      ""negative_prompt"": ""modern distractions, boats with motors, bright plastic colors, HDR, glossy skin, beauty filters, exaggerated poses, sexualized framing, text overlays, watermarks, logos, AI artifacts, extra limbs, deformed hands""\n    }\n  }"
32,Social Media Post - Reflected Relic: Surreal Artisan Portrait,en,False,True,,,,,https://youmind.com/en-US/nano-banana-pro-prompts?id=6279,0,"{\n  ""vibe_title_en"": ""Reflected Relic"",\n  ""master_prompt"": ""A hyper-realistic cinematic shot of The Artisan, captured exclusively through the reflection of a jagged, antique mirror shard resting on a cluttered workbench. The setting is a dense, chaotic Relic Restoration Atelier, overflowing with stacks of ancient texts, jars of pigment, plaster limbs, and peeling gold leaf, creating a texture-heavy, busy atmosphere. The composition utilizes a shallow depth of field (f/1.4), rendering the actual subject in the background as a soft, restless blur with messy hair and rolled-up sleeves, intensely focused on a task. The sharp reflection in the mirror reveals a surreal transformation: the subject's face appears as a 'living relic,' with skin texture resembling cracked porcelain held together by kintsugi gold repairs, and makeup that looks like weathered paint. The lighting is ceremonial and dramatic, striking the mirror shard like an altar illumination while leaving the surrounding clutter in deep, warm shadows. Shot on Hasselblad H6D-100c with an 80mm lens, utilizing Fujifilm Pro 400H film stock for pastel shifts and organic grain. No neon, no digital gloss."",\n  ""meta"": {\n    ""intent"": ""Visualizing the internal state of a creator merging with their creation."",\n    ""priorities"": ""Texture, Depth of Field, Surreal Reflection, Atmospheric Clutter."",\n    ""device_profile"": ""High-End Medium Format Photography""\n  },\n  ""frame"": {\n    ""aspect"": ""4:5"",\n    ""composition"": ""Frame within a frame; focus locked on a reflective surface in the foreground."",\n    ""layout"": ""Foreground dominated by the mirror shard and workbench clutter; background is a blurred silhouette."",\n    ""camera_angle"": ""High-angle looking down at the workbench surface."",\n    ""tilt_roll_degrees"": ""0""\n  },\n  ""subject"": {\n    ""gender"": ""Female"",\n    ""identity"": ""The Artisan / The Restless Creator"",\n    ""demographics"": ""Universal, age-neutral adult."",\n    ""face"": ""Seen clearly only in reflection; Surreal texture, cracked porcelain effect, kintsugi gold lines."",\n    ""hair"": ""Slightly messy, loose waves, vibrant {argument name=""hair color"" default=""red""} tones (matching input reference) but soft in the blur."",\n    ""body"": ""Blurred in background, posture suggests intense focus, leaning forward."",\n    ""expression"": ""Stoic, graceful, inherited nobility (in reflection); Intense concentration (in blur)."",\n    ""pose"": ""Hands busy working on the mirror/artifact, body hunched in creative labor.""\n  },\n  ""wardrobe_accessories"": {\n    ""garments"": [\n      {\n        ""item"": ""Ceremonial Robe"",\n        ""material"": ""Heavy Silk and Rough Linen mix"",\n        ""color"": ""Faded Ivory and Deep Ochre"",\n        ""fit"": ""Flowing yet constraining, layered""\n      }\n    ],\n    ""accessories"": [\n      {\n        ""item"": ""Antique Rings"",\n        ""color"": ""Tarnished Silver"",\n        ""material"": ""Metal"",\n        ""brand_style"": ""Historical/Relic""\n      }\n    ]\n  },\n  ""environment"": {\n    ""setting"": ""Relic Restoration Ate"
33,Social Media Post - Luxury Retail Editorial Scene with Symbolic Apple,en,False,False,,,,,https://youmind.com/en-US/nano-banana-pro-prompts?id=6337,0,"{\n""project"": ""Nano Banana – Urban Desire | Retail Editorial Scene"",\n""version"": ""NB-2.3"",\n\n""input_required"": {\n""upload_person_image"": false,\n""customization_note"": ""Generates original characters with consistent identity and controlled narrative focus.""\n},\n\n""scene_meta"": {\n""category"": ""Luxury Retail Editorial"",\n""aesthetic"": ""Modern, cinematic, symbolic restraint"",\n""narrative_density"": ""Implied symbolism"",\n""brand_safety"": ""No logos emphasized, no readable UI text""\n},\n\n""frame"": {\n""aspect_ratio"": ""4:5"",\n""camera"": {\n""sensor_format"": ""Full-frame"",\n""lens"": ""50mm prime"",\n""aperture"": ""f/1.8"",\n""focus"": ""Primary focus on woman's face and raised hand with apple""\n},\n""shot_type"": ""Medium-full body"",\n""angle"": ""Eye-level"",\n""composition"": ""Foreground dominance with elevated hand entering upper frame, background softly receding""\n},\n\n""environment"": {\n""location_type"": ""Minimalist flagship tech retail store"",\n""interior_style"": ""Clean, modern, glass-and-light architecture"",\n""materials"": [\n""Light wood tables"",\n""Glass surfaces"",\n""White walls"",\n""Soft reflective flooring""\n],\n""background_activity"": {\n""secondary_subject"": ""Man standing behind the woman"",\n""action"": ""Holding a displayed smartphone"",\n""gaze_direction"": ""Looking discreetly at the woman rather than the device"",\n""behavior_note"": ""Subtle, restrained attraction conveyed through eye-line and posture only""\n}\n},\n\nThe prompt continues in the first comment"
34,Infographic / Edu Visual - Artisan Craft Process Board for Handmade Objects,en,False,True,,,,,https://youmind.com/en-US/nano-banana-pro-prompts?id=6327,0,"An artisan's method board for [{argument name=""handmade object"" default=""HANDMADE OBJECT""}] — [{argument name=""technique"" default=""TECHNIQUE / TRADITION / ORIGIN""}]. Left section: raw materials in unprocessed state, sourced and labeled, the transformation yet to begin. Center section: the making documented in sequential stages, hands visible throughout, tools identified, key decision points annotated, time invested at each phase noted. Right section: the finished object in use context, bearing the maker's mark, fulfilling its purpose, the hours invisible but embedded. Visual style transitions from raw material earth tones through workshop warmth to lifestyle context with natural light. Title block reading ""[{argument name=""object name"" default=""OBJECT NAME""}] — HANDMADE BY [MAKER], [LOCATION], [HOURS] HOURS""."
35,Infographic / Edu Visual - 3D Isometric Miniature Models of Western TV Characters,en,False,True,,,,,https://youmind.com/en-US/nano-banana-pro-prompts?id=6312,0,"Stylized and incredibly detailed ultra-high-fidelity 3D isometric miniature models showcase the core characters of the {argument name=""TV series genre"" default=""American Western""} TV series. Each character displays a different signature move, while soft studio lighting creates stunning light and shadow effects. The highly detailed 3D models are placed on {argument name=""setting"" default=""city streets""} against a pure white background."
36,Infographic / Edu Visual - Exploded-View Structural Cutaway for Food Photography,en,False,False,,,,,https://youmind.com/en-US/nano-banana-pro-prompts?id=6244,0,"Using the first image as the base, create a clean exploded-view structural cutaway. Separate each ingredient vertically one by one, keep perfect alignment, spacing, and scale. White studio background, labeled diagram style, ultra sharp, realistic."
37,Infographic / Edu Visual - Minimalist 3D Isometric Architectural Diorama,en,False,True,,,,,https://youmind.com/en-US/nano-banana-pro-prompts?id=6305,0,"A clean, minimal 3D isometric diorama of a [{argument name=""building type"" default=""BUILDING TYPE""}] section, featuring [{argument name=""elements"" default=""INTERIOR / EXTERIOR ELEMENTS""}] visible in a [{argument name=""style"" default=""CUTAWAY / OPEN STYLE""}], simple [STRUCTURAL FRAME], subtle [INFORMATIONAL SIGNAGE], smooth [MATERIAL FINISH], soft studio lighting, realistic materials, rounded edges, miniature architectural model style, high detail, neutral background."
38,Infographic / Edu Visual - High-Fashion Zootopia Miniature Visualization,en,False,False,,,,,https://youmind.com/en-US/nano-banana-pro-prompts?id=6345,0,"A 3D miniature Zootopia visualization, no human model, showcasing seven artistic miniature stages: bustling Zootopia streets kissed by sunrise, tiny animal citizens harvesting carrots, dimly lit underground tunnels with precise rows of produce crates, intimate city cafe gatherings, ethereal misty morning savanna ambiance. Each tier displays district name, population percentage, and Zootopia Gazette tasting notes designed like precious gems. Backdrop evokes an expensive city hall setting, utilizing strong chiaroscuro lighting to create a high-fashion editorial ambiance. Shot with Hasselblad H6D-100c, 100mm f/2.2, extremely shallow depth of field with exquisite bokeh. Holographic displays of carrot cake pairing suggestions drift subtly, featuring artisanal cheese pairings for whites, intense dark chocolate for reds. The color story shifts from deep earth tones and jewel tones for full-bodied wines to icy greens, silvery golds, and champagne hues for crisp varietals."
39,Infographic / Edu Visual - Literary Curator and Typewriter Sculptor Prompt,en,False,True,,,,,https://youmind.com/en-US/nano-banana-pro-prompts?id=6347,0,"Role: Literary Curator & Typewriter Sculptor\nInput: {argument name=""input"" default=""[Poet or Poem, e.g., T.S. Eliot, Pablo Neruda]""}\nPhase 1: Poetic Voice Analysis\nIdentify the poet's signature rhythm, recurring imagery, and emotional core\nSelect 4 contemporary or lesser-known poets with parallel sensibilities\nExtract 5-8 physical objects mentioned repeatedly in their work\nPhase 2: Visual Execution\nGoal: 2x2 Grid of ""Typewriter Output as 3D Landscapes""\nRules per Panel:\nThe Base: A vintage typewriter (different model per poet's era)\nThe Paper: A single sheet of paper loaded in the roller\nThe Transformation: The typed text physically rises from the page, forming a 3D topographical landscape\nThe Words: Key lines from the poem carved into the terrain like engraved stone\nThe Symbols: Miniature objects from the poem placed in the landscape (tiny boat, rose, clock, door)\nThe Poet: Microscopic figurine of the poet wandering through their own words\nThe Mood: Lighting matches emotional tone (fog for melancholy, harsh light for anger, soft gold for longing)\nThe Metadata: Brass typewriter key showing ""Poet | Collection | Year"" **background: poet and poet era relevant items in the background.\nOutput: 2x2 Grid, Macro Photography, shallow depth of field"
40,Infographic / Edu Visual - Hyper-Realistic Exploded Food Infographic Prompt,en,False,True,,,,,https://youmind.com/en-US/nano-banana-pro-prompts?id=6255,0,"{\n  ""global_settings"": {\n    ""resolution"": ""8K ultra high definition"",\n    ""aspect_ratio"": ""3:4"",\n    ""camera_style"": ""studio food photography with cinematic lighting"",\n    ""depth_of_field"": ""shallow depth of field, sharp subject, soft background"",\n    ""lighting"": ""soft directional key light, subtle rim light, controlled highlights"",\n    ""style"": ""hyper-realistic food illustration with editorial infographic overlays"",\n    ""composition_rules"": [\n      ""no zoom"",\n      ""no crop"",\n      ""center-weighted vertical composition"",\n      ""floating elements frozen in motion""\n    ],\n    ""text_design"": {\n      ""ingredient_name_color"": ""metallic gold"",\n      ""ingredient_description_color"": ""pure white"",\n      ""font_style"": ""elegant serif for titles, clean sans-serif for descriptions"",\n      ""indicator_lines"": ""long, thin, smooth golden lines with rounded corners""\n    }\n  },\n\n  ""module_1_image_1_style"": {\n    ""scene_description"": ""A vertical stack of assorted cake slices floating above a white ceramic plate against a soft pink gradient background."",\n    ""background"": {\n      ""color"": ""{argument name=""background color"" default=""soft pastel pink""}"",\n      ""texture"": ""smooth gradient"",\n      ""lighting"": ""even, studio-lit, no harsh shadows""\n    },\n    ""main_subjects"": [\n      ""multiple layered sponge cake slices"",\n      ""white whipped cream layers"",\n      ""raspberry cream layer"",\n      ""chocolate cream topping""\n    ],\n    ""visible_ingredients"": [\n      ""vanilla sponge cake"",\n      ""whipped cream"",\n      ""raspberries"",\n      ""blueberries"",\n      ""strawberries"",\n      ""macarons (vanilla and chocolate)"",\n      ""chocolate bar pieces"",\n      ""mint leaves"",\n      ""small nut fragments""\n    ],\n    ""motion_elements"": [\n      ""floating fruits"",\n      ""floating macarons"",\n      ""crumbs suspended in air""\n    ],\n    ""text_labels"": [\n      ""Vanilla Cake – soft, fluffy sponge cake layered with white cream filling"",\n      ""Macaron – creamy filling between almond meringue shells"",\n      ""Raspberries – juicy, fresh raspberries"",\n      ""Chocolate Bar – chunks of smooth milk chocolate"",\n      ""Raspberry Cream – soft sponge cake layered with creamy, fruity raspberry cream""\n    ]\n  },\n\n  ""module_2_image_2_style"": {\n    ""scene_description"": ""Rolled Syrian dessert presented vertically with syrup pouring from above, placed in a warm, rustic kitchen environment."",\n    ""background"": {\n      ""environment"": ""traditional kitchen"",\n      ""elements"": [\n        ""warm lantern light"",\n        ""wooden surfaces"",\n        ""brass and copper utensils""\n      ],\n      ""lighting"": ""warm ambient lighting with soft highlights""\n    },\n    ""main_subjects"": [\n      ""rolled white dessert dough"",\n      ""cream filling spilling out"",\n      ""golden syrup stream""\n    ],\n    ""visible_ingredients"": [\n      ""white cheese dough"",\n      ""cream filling"",\n      ""pistachios"",\n      ""sugar syrup""\n    ],\n    ""motion_elements"": [\n      ""syrup dripping vertically"",\n      ""pistachio cr""\n    ]\n  }\n}"
41,Infographic / Edu Visual - Elemental Physics Spill Collage Prompt,en,False,False,,,,,https://youmind.com/en-US/nano-banana-pro-prompts?id=6065,0,"{\n  ""panels"": {\n    ""top_left"": {\n      ""element"": ""WATER"",\n      ""visuals"": {\n        ""text_label"": ""WATER"",\n        ""spill_effect"": {\n          ""details"": ""Caustics, refraction of light through the clear stream, wet darkening effect on the wood, small splashing droplets"",\n          ""physics"": ""Fluid dynamics, low viscosity liquid pouring"",\n          ""interaction"": ""Water breaching the bottom paper edge, forming a continuous stream"",\n          ""surface_contact"": ""Creating a spreading puddle on the wood, surface tension visible at edges""\n        },\n        ""photo_content"": ""Turbulent blue ocean surface with white foam""\n      }\n    },\n    ""top_right"": {\n      ""element"": ""LAVA"",\n      ""visuals"": {\n        ""text_label"": ""LAVA"",\n        ""spill_effect"": {\n          ""details"": ""Smoke and steam wisps rising (volumetric effects), incandescence, heat haze distortion, charred edges where lava meets wood, black solidifying rock floating in the liquid magma"",\n          ""physics"": ""High viscosity fluid simulation, thick and gooey"",\n          ""interaction"": ""Molten rock dripping heavily from the frame"",\n          ""surface_contact"": ""Pooling on the table, glowing intense orange/red""\n        },\n        ""photo_content"": ""Molten magma with cooling black crust""\n      }\n    },\n    ""bottom_left"": {\n      ""element"": ""SAND"",\n      ""visuals"": {\n        ""text_label"": ""SAND"",\n        ""spill_effect"": {\n          ""details"": ""Individual grains visible in macro focus, golden light catching facets of the sand, dust particles in the air, seamless transition from the 2D dune image to the 3D falling stream"",\n          ""physics"": ""Granular particle simulation, dry flow"",\n          ""interaction"": ""Sand pouring like an hourglass from the photo edge"",\n          ""surface_contact"": ""Forming a conical pile on the wooden surface""\n        },\n        ""photo_content"": ""Golden desert dunes with ripple textures""\n      }\n    },\n    ""bottom_right"": {\n      ""element"": ""SNOW"",\n      ""visuals"": {\n        ""text_label"": ""SNOW"",\n        ""spill_effect"": {\n          ""details"": ""Crystalline structure of snowflakes, glistening highlights, high contrast between the cold white snow and the warm brown wood, soft diffused shadows, texture of packed powder versus loose flakes"",\n          ""physics"": ""Soft body powder simulation, clumping snow"",\n          ""interaction"": ""Tumbling snow clumps falling from the frame"",\n          ""surface_contact"": ""Accumulating in a fluffy mound on the table""\n        },\n        ""photo_content"": ""Pristine white snow field, soft texture""\n      }\n    }\n  },\n  ""composition"": {\n    ""type"": ""2x2 Grid Collage"",\n    ""aspect_ratio"": ""1:1 square"",\n    ""overall_theme"": ""Surreal transition between 2D photography and 3D reality, featuring elemental physics simulations spilling from Polaroid frames."",\n    ""camera_settings"": {\n      ""lighting"": ""Golden hour natural sunlight, warm backlighting causing rim light on the hands and elements"",\n      ""perspective"": ""Clos"""
42,Infographic / Edu Visual - Exploded View Taco Visualization and Commercial Food Photography Prompt,en,False,False,,,,,https://youmind.com/en-US/nano-banana-pro-prompts?id=6091,0,"Motion Prompt: The food start to round spin while ingredients separate gently and precisely, maintaining alignment and scale. The motion is smooth, with no extra effects.\n\nImage 1: A high-end commercial food photograph of the same two tacos from the reference image, preserving their exact structure, fillings, proportions, and arrangement. The camera angle is slightly adjusted to a more flattering three-quarter close-up, enhancing depth and appetite appeal without altering the tacos themselves. Soft cinematic lighting highlights the textures of the tortillas and fillings, with subtle steam and natural sheen to emphasize freshness. The background is replaced with a clean, modern, out-of-focus setting in warm complementary tones that enhance the food without distracting from it. Shallow depth of field, crisp focus on the tacos, rich contrast, natural colors, and premium restaurant advertising quality. No added or removed ingredients, refined composition, lighting, and environment.\n\nImage 2: Exploded-view commercial visualization of the taco from the image, presented as premium recipe-style breakdown.\n\nThe taco is deconstructed into four visible ingredients, matching the original taco precisely in composition, color, and texture. No additional ingredients.\n\nThe ingredients are separated and arranged in a clean vertical stack, evenly spaced from bottom to top, floating in place with precise alignment and symmetry.\n\nIngredient order (bottom → top):\n\nSoft wheat taco tortilla\n\nShredded red cabbage\n\nGrilled chicken pieces\n\nSauce with garnish (topped with a small mixed garnish of diced onion, tomato, and parsley, approximately 5–6 small cubes total, lightly mixed, placed naturally on top)\n\nEach ingredient is visually distinct and clearly readable in shape and texture.\n\nAnnotation design requirements:\n\n– Large, bold sans-serif font, high legibility at feed scale\n\n– Each annotation placed inside a solid or softly rounded rectangular color block\n\n– Background color of each block corresponds subtly to the ingredient color (tomato red, lettuce green, meat warm brown, sauce white/cream, pita beige)\n\n– High contrast text (dark on light, light on dark)\n\n– Thick, clean connector lines pointing clearly to each ingredient\n\n– No transparency that reduces readability\n\n– Annotations must visually dominate over background without covering ingredients\n\nBackground is soft, neutral, and atmospheric, with subtle depth and gentle gradients, inspired by premium food advertising.\n\nOverall style is clean, modern, and appetizing, commercial-ready without technical or schematic feel.\n\nNo extra elements, no substitutions, no reinterpretation of ingredients."
43,YouTube Thumbnail - Extreme Closeup of Sophie Turner as Lara Croft,en,False,True,,,,,https://youmind.com/en-US/nano-banana-pro-prompts?id=6252,0,"Extreme closeup portrait of {argument name=""subject"" default=""Sophie Turner""} as {argument name=""character"" default=""Lara Croft""}, framed in a 9:16 vertical aspect ratio, focusing intensely on her face, jawline, and neck. She is captured in a moment of pause, one hand raised to her face as she delicately holds the frame of her signature round, red-tinted sunglasses. Her skin is rendered with hyper-realistic detail, featuring visible pores and a fine sheen of perspiration; large, glistening beads of sweat trickle down her forehead and the length of her neck. Smudges of dark, gritty mud and dried dirt are artfully smeared across her cheekbones and collarbone.\nThe lighting is high-contrast and cinematic, with a sharp key light hitting the side of her face to emphasize the moisture on her skin and the sharp contours of her facial structure, while a subtle rim light separates her from the dark, atmospheric background. Her eyes are sharp and focused, looking directly past the lens with a fierce, weathered expression. The textures are visceral: the polished metal and red glass of the spectacles, the damp strands of her dark hair pulled back, and the rugged, ribbed fabric of her teal tank top visible at the bottom of the frame alongside the distressed brown leather of her tactical shoulder harness. Shot with an 85mm macro lens, f/2.8, creating a shallow depth of field that keeps the focus razor-sharp on her facial features and the grit of the dirt while softly blurring the background."
44,YouTube Thumbnail - YouTube Thumbnail: Trump vs. Chatham House Reaction,en,False,True,,,,,https://youmind.com/en-US/nano-banana-pro-prompts?id=5958,0,"High impact youtube thumbnail.  Visual Structure: Right Side: A large, well-lit cutout of {argument name=""figure 1"" default=""Trump smiling smugly or looking triumphant with a \""thumbs up\"" and a confident smirk""}. He should be facing slightly left.  Left Side/Background: A dark, moody photo of the person [photo attached] who has a shocked expression on her face, reacting to Trump. She in a dark corporate boardroom with the Chatham House Logo.  The Text (Top Center, Bright Yellow): ""{argument name=""headline"" default=""THEY CONFESSED""}"""
45,YouTube Thumbnail - Weekly Schedule Template for VTubers,ja,False,False,,,,,https://youmind.com/en-US/nano-banana-pro-prompts?id=6051,0,"Create a ""Weekly Schedule"" template image for VTubers and streamers.\nHorizontal 16:9, size 1920x1080, flat, neat, print-like design (vector style). The overall look should be cute pastel tones (gentle colors like pale pink, mint, lavender), prioritizing readability without clutter.\n\nLayout specification:\n・Place the schedule section top-aligned on the left 60% of the screen.\n・7 rows (Days of the week: ""Mon, Tue, Wed, Thu, Fri, Sat, Sun"").\n・Each row consists of a ""Day label (small round badge)"" + ""Horizontal blank box for writing plans.""\n・The blank box must be completely empty. Absolutely do not include sample text (e.g., 'Plan here', 'SAMPLE', 'MEMO', etc.).\n・The right 40% of the screen is empty space for later synthesis of a standing character image. Do not draw people, animals, mascots, or silhouettes. The background should only be a faint gradient and subtle abstract patterns of small stars/hearts/dots.\n\nText specification:\n・The only text to include is ""Weekly Schedule"" and ""Mon Tue Wed Thu Fri Sat Sun"" (in Japanese).\n・Do not include any other text (SNS, date range, warnings, logos, hashtags, watermarks).\n・The font should be rounded Gothic style, easy to read, and legible even on a white background.\n\nFinishing:\n・Ensure ample margin around the perimeter, and elements on the left and right sides do not overlap.\n・No logo."
46,YouTube Thumbnail - Pop-Up Book Diorama Generator Prompt,en,False,True,,,,,https://youmind.com/en-US/nano-banana-pro-prompts?id=5831,0,"Do it for Terminator: {argument name=""title"" default=""Moby Dick""}\n\nSystem Instruction:\nAct as a Master Prop Maker. Generate a hyper-realistic, macro-photography shot of a ""Pop-Up Book Diorama.""\n1. Forensic Analysis:\nAnalyze the Input Title to determine the visual components:\nThe Biome: Identify the primary setting (e.g., Ocean, Jungle, Space, Desert).\nThe Conflict: Identify the Antagonist or Monster (e.g., The White Whale, T-Rex, Darth Vader).\nThe Vessel/Hero: Identify the main vehicle or protagonist (e.g., The Pequod, The Jeep, The Millennium Falcon).\nThe Materiality: Identify the texture of the world (e.g., Wood & Water; Amber & Leaf; Metal & Stars).\n2.  Container (The Open Book):\nThe Object: A massive, vintage, leather-bound hardcover book lying flat on a wooden desk.\nThe Transformation: The book is open to the middle. The pages do not just lie flat; they physically mutate into the ""Biome"" identified in Step 1.\nExample: If Ocean, the pages turn into turbulent resin waves. If Desert, they turn into dunes.\n3. Typography (The Floating Title):\nThe Text: The [Title of the Input] rises out of the landscape as massive, 3D block letters.\nIntegration: The letters must interact with the environment.\nTexture: The letters are made of materials from the story (e.g., Driftwood, Stone, Bone).\nPlacement: The waves crash over the letters; vines wrap around the letters.\n4. The Action Scene :\nCRITICAL: Construct a specific scene using miniature models on top of the book.\nThe Threat: Place the ""Antagonist"" looming large in the background (e.g., The Whale breaching behind the text).\nThe Hero: Place the ""Vessel"" or ""Protagonist"" navigating the terrain in the foreground (e.g., A tiny ship rocking on the waves).\nScale: The scene must look like a high-end model kit (1:87 scale).\n5. Lighting & Atmosphere:\nThe Lamp: A vintage brass desk lamp is visible in the corner, casting a warm, directional ""reading light"" onto the scene.\nAtmosphere: Magical realism. The water should glisten; the fog should swirl.\nDepth: Shallow depth of field to blur the edge of the desk, keeping focus on the book.\nOutput: ONE image, 16:9 Aspect Ratio, Cinematic Miniature Photography, 8k Resolution."
47,YouTube Thumbnail - Cinematic Portrait of Indian Astronaut in ISRO Spacesuit,en,False,False,,,,,https://youmind.com/en-US/nano-banana-pro-prompts?id=5828,0,"Create an ultra-realistic 8K cinematic portrait of an astronaut inside an Indian spacecraft, looking out of the circular window at the Earth below, with the Indian subcontinent clearly visible. wearing a modern white and saffron ISRO spacesuit with the Indian flag emblem on the shoulder.\nExpression is one of awe and quiet pride. The soft blue light from the Earth illuminates the face, while the complex buttons and screens of the cockpit glow faintly in the background. The mood is patriotic, futuristic, and deeply inspiring.Keep face and features exactly the same."
48,YouTube Thumbnail - Monk Delivering Life Advice Video Still Prompt,en,False,False,,,,,https://youmind.com/en-US/nano-banana-pro-prompts?id=5680,0,"{\n  ""scene_type"": ""spiritual_teaching_courtyard"",\n  ""setting"": {\n    ""location"": ""outdoor Buddhist temple courtyard"",\n    ""background"": {\n      ""architecture"": ""traditional East Asian temple with intricate wood carvings, red pillars, and curved roof tiles"",\n      ""nature"": ""lush green trees to the left"",\n      ""ground"": ""grey stone pavement"",\n      ""weather"": ""overcast to soft natural daylight""\n    }\n  },\n  ""subject"": {\n    ""type"": ""elderly_monk"",\n    ""position"": ""seated cross-legged on the ground"",\n    ""pose"": ""sitting behind a low table, speaking directly to camera"",\n    ""expression"": ""earnest, wise, and instructional"",\n    ""appearance"": {\n      ""hair"": {\n        ""style"": ""shaved/bald"",\n        ""color"": ""none""\n      },\n      ""skin_features"": ""aged skin with deep wrinkles"",\n      ""eye_color"": ""dark""\n    },\n    ""clothing"": {\n      ""top"": ""light grey inner robe with saffron yellow outer robe draped over shoulder"",\n      ""bottom"": ""saffron yellow robe fabric covering legs""\n    },\n    ""accessories"": []\n  },\n  ""objects"": [\n    {\n      ""type"": ""furniture"",\n      ""name"": ""low wooden table"",\n      ""material"": ""light wood"",\n      ""position"": ""foreground in front of monk""\n    },\n    {\n      ""type"": ""book"",\n      ""name"": ""large open scripture"",\n      ""state"": ""open with visible text columns"",\n      ""position"": ""on wooden table""\n    },\n    {\n      ""type"": ""light_source"",\n      ""name"": ""candle"",\n      ""color"": ""white wax"",\n      ""state"": ""lit with small yellow flame"",\n      ""position"": ""on table next to book""\n    }\n  ],\n  ""camera"": {\n    ""device"": ""iPhone 17 Pro"",\n    ""angle"": ""eye-level"",\n    ""framing"": ""medium shot"",\n    ""orientation"": ""portrait vertical 9:16"",\n    ""quality"": ""4k video still, high definition, sharp focus""\n  },\n  ""mood"": ""serene, philosophical, didactic"",\n  ""lighting"": ""soft, diffuse natural daylight"",\n  ""image_style"": ""viral social media video, realistic"",\n  ""activity"": ""monk delivering life advice""\n}"
49,YouTube Thumbnail - Thumbnail Generation Prompt for Sales Content (Brain/Tips/Note),ja,False,True,,,,,https://youmind.com/en-US/nano-banana-pro-prompts?id=5753,0,"# Role\n\nYou are a professional graphic designer who creates ""sellable"" eye-catching images for Brain, Tips, and note.\n\n# Task\n\nUse the [Title] and [Sub-Catchphrase] below to create a high-quality thumbnail that is highly visible and conveys authority and expectation.\n\n# Design Style\n\n- Composition: Based on the layout of the attached image.\n\n1. [Top]: Place a black, rounded-corner band (badge) in the upper left and write the [Achievement/Urgency Word] there.\n\n2. [Upper Center]: Place the [Sub-Catchphrase] in bold white text (with orange or yellow borders).\n\n3. [Center]: Place the main [Title] as huge, bold text spanning the screen. The text color should be the most prominent color that contrasts with the background, such as a ""yellow-to-white gradient"" or ""neon glow,"" with multiple borders and a drop shadow for three-dimensionality.\n\n4. [Bottom]: Place two ""Benefit Boxes"" (rectangles) on the left and right. Place a ribbon or badge labeled ""Benefit 01"" and ""Benefit 02"" above each. Write the [Benefit Content] inside the boxes.\n\n5. [Decoration]: Place a cute or intellectual character (person or animal) related to the theme at either the left or right edge of the screen.\n\n- Color Scheme: High saturation and energetic coloring based on the [Desired Main Color].\n- Background: A graphical background with depth, not a solid color, scattered with icons related to the theme (e.g., SNS, money, graphs).\n\n# Input Data\n\n- 【Main Color】: {argument name=""main color"" default=""Blue system""}\n- 【Achievement/Urgency Word】: {argument name=""achievement/urgency word"" default=""Achieved 100k in 5 days of entry!""}\n- 【Sub-Catchphrase】: {argument name=""sub-catchphrase"" default=""No product creation! OK without achievements! In as little as 1 month""}\n- 【Title】: {argument name=""title"" default=""Threads × Affiliate Strategy Course""}\n- 【Benefit 01 Content】: {argument name=""benefit 01 content"" default=""10 days of actual selling posts""}\n- 【Benefit 02 Content】: {argument name=""benefit 02 content"" default=""Includes AI automatic generation tool""}\n\n# Constraints\n\n- Accurately depict Japanese text.\n- Use a thick, powerful Gothic or design font.\n- Output in a 16:9 aspect ratio.\n__________________________"
50,YouTube Thumbnail - Premium Esports Gamer Portrait Prompt,en,False,True,,,,,https://youmind.com/en-US/nano-banana-pro-prompts?id=5598,0,"Esports gamer, premium style portrait, fiery glow lighting, {argument name=""background color"" default=""red-orange""} gradient background, minimal or no patterns, dramatic lighting, high-end aesthetic, ultra-detailed face and gear, professional gaming headset, cinematic tone, sharp contrast, sleek and modern look, energetic pose, intense focus, dynamic depth, smooth glossy elements, trending on Behance, studio-quality render, 8K resolution"
51,YouTube Thumbnail - Text Correction and Replacement Prompt,ja,False,True,,,,,https://youmind.com/en-US/nano-banana-pro-prompts?id=5339,0,"Use the image as is and fix the garbled text. Top left: ""{argument name=""Top Left Text"" default=""I got a cute hairstyle today!""}"" Bottom left: ""{argument name=""Bottom Left Text"" default=""Haruka Sakagawa's Day""}"" Top right: ""{argument name=""Top Right Text"" default=""Mahopyon requested this""}"" Bottom right: ""{argument name=""Bottom Right Text"" default=""Today's lucky color is pink""}"""
52,YouTube Thumbnail - Four-Panel Trading Workspace Lifestyle Collage at Sunset,en,False,True,,,,,https://youmind.com/en-US/nano-banana-pro-prompts?id=5330,0,"{\n  ""scene"": ""Modern high-rise trading workspace at sunset"",\n  ""setting"": {\n    ""location"": ""High-rise apartment or office"",\n    ""time_of_day"": ""Golden hour / sunset"",\n    ""environment"": ""Floor-to-ceiling windows with city skyline view""\n  },\n  ""subject"": {\n    ""type"": ""person"",\n    ""gender_presentation"": ""female"",\n    ""appearance"": {\n      ""hair"": ""long blonde hair"",\n      ""outfit"": ""cream and light-yellow striped fitted dress"",\n      ""pose_variations"": [\n        ""standing at desk looking at monitors"",\n        ""seated in office chair facing camera"",\n        ""leaning forward typing on keyboard"",\n        ""turned slightly toward camera with relaxed expression""\n      ],\n      ""expression"": ""confident, focused, calm""\n    }\n  },\n  ""objects"": {\n    ""desk_items"": [\n      ""multiple widescreen monitors"",\n      ""laptop"",\n      ""keyboard"",\n      ""mouse"",\n      ""white notepad"",\n      ""blue water bottle"",\n      ""{argument name=""desk plushie"" default=""small pink penguin plush""}""\n    ],\n    ""screens_content"": [\n      ""financial trading charts"",\n      ""candlestick graphs"",\n      ""market indicators"",\n      ""technical analysis dashboards""\n    ]\n  },\n  ""composition"": {\n    ""layout"": ""four-panel collage"",\n    ""camera_angles"": [\n      ""medium shot"",\n      ""side profile"",\n      ""seated frontal view"",\n      ""close-up working angle""\n    ],\n    ""lighting"": ""natural warm sunset light with soft indoor lighting""\n  },\n  ""mood"": [\n    ""professional"",\n    ""high-performance"",\n    ""modern"",\n    ""aspirational""\n  ],\n  ""themes"": [\n    ""financial intelligence"",\n    ""trading culture"",\n    ""focus and discipline"",\n    ""tech-driven workflow"",\n    ""urban success""\n  ],\n  ""use_cases"": [\n    ""marketing visuals"",\n    ""fintech branding"",\n    ""AI trading platform promotion"",\n    ""social media content"",\n    ""lifestyle-tech crossover""\n  ]\n}"
53,YouTube Thumbnail - Four-Panel Collage of Trader in High-Rise Office,en,False,False,,,,,https://youmind.com/en-US/nano-banana-pro-prompts?id=5269,0,"{\n  ""scene"": ""Modern high-rise trading workspace at sunset"",\n  ""setting"": {\n    ""location"": ""High-rise apartment or office"",\n    ""time_of_day"": ""Golden hour / sunset"",\n    ""environment"": ""Floor-to-ceiling windows with city skyline view""\n  },\n  ""subject"": {\n    ""type"": ""person"",\n    ""gender_presentation"": ""female"",\n    ""appearance"": {\n      ""hair"": ""long blonde hair"",\n      ""outfit"": ""cream and light-yellow striped fitted dress"",\n      ""pose_variations"": [\n        ""standing at desk looking at monitors"",\n        ""seated in office chair facing camera"",\n        ""leaning forward typing on keyboard"",\n        ""turned slightly toward camera with relaxed expression""\n      ],\n      ""expression"": ""confident, focused, calm""\n    }\n  },\n  ""objects"": {\n    ""desk_items"": [\n      ""multiple widescreen monitors"",\n      ""laptop"",\n      ""keyboard"",\n      ""mouse"",\n      ""white notepad"",\n      ""blue water bottle"",\n      ""small pink penguin plush""\n    ],\n    ""screens_content"": [\n      ""financial trading charts"",\n      ""candlestick graphs"",\n      ""market indicators"",\n      ""technical analysis dashboards""\n    ]\n  },\n  ""composition"": {\n    ""layout"": ""four-panel collage"",\n    ""camera_angles"": [\n      ""medium shot"",\n      ""side profile"",\n      ""seated frontal view"",\n      ""close-up working angle""\n    ],\n    ""lighting"": ""natural warm sunset light with soft indoor lighting""\n  },\n  ""mood"": [\n    ""professional"",\n    ""high-performance"",\n    ""modern"",\n    ""aspirational""\n  ],\n  ""themes"": [\n    ""financial intelligence"",\n    ""trading culture"",\n    ""focus and discipline"",\n    ""tech-driven workflow"",\n    ""urban success""\n  ],\n  ""use_cases"": [\n    ""marketing visuals"",\n    ""fintech branding"",\n    ""AI trading platform promotion"",\n    ""social media content"",\n    ""lifestyle-tech crossover""\n  ]\n}"
54,YouTube Thumbnail - Candid Night Snapshot in a Retro Cinema Lobby,en,False,False,,,,,https://youmind.com/en-US/nano-banana-pro-prompts?id=5284,0,"{\n  ""image_prompt"": {\n    ""meta"": {\n      ""aspect_ratio"": ""9:16"",\n      ""orientation"": ""vertical"",\n      ""quality"": ""ultra_photorealistic"",\n      ""style"": ""Night-time cinema lobby snapshot""\n    },\n    ""subject"": {\n      ""description"": ""21-year-old girl with a soft, 'pretty girl' look"",\n      ""face"": ""Laughing mid-bite while holding a piece of popcorn, looking off-camera, eyes slightly crinkled"",\n      ""skin"": ""Warm tone, glowing under warm lobby lights, flushed cheeks"",\n      ""hair"": ""Messy pigtail braids with colorful ribbons"",\n      ""pose"": ""Sitting on a red velvet lobby bench, holding a large popcorn bucket on her lap"",\n      ""outfit"": ""Cropped baby tee with a cute graphic, low-rise mini skirt, leg warmers with sneakers""\n    },\n    ""environment"": {\n      ""location"": ""Retro-modern movie theater lobby"",\n      ""background_elements"": [\n        ""Glowing movie posters in lightboxes (blurred)"",\n        ""Reflective floor with red and yellow neon lights"",\n        ""Neon 'Popcorn' sign reflecting in her eyes""\n      ]\n    },\n    ""lighting"": {\n      ""type"": ""Warm neon ambient + Direct Phone Flash"",\n      ""characteristics"": [\n        ""Warm orange/red glow from the background"",\n        ""Sharp frontal flash freezing the falling popcorn kernels"",\n        ""Soft glow from the lightboxes hitting her side""\n      ]\n    },\n    ""photography_style"": {\n      ""style"": ""Candid lifestyle dump"",\n      ""camera_look"": ""Smartphone camera with high ISO"",\n      ""imperfections"": ""Individual popcorn kernels slightly out of focus in the air, authentic noise in the shadows, red-eye effect reduction glitch"",\n      ""mood"": ""Fun, nostalgic, cute, cozy""\n    },\n    ""render_quality"": {\n      ""realism"": ""Texture variety and warm-light physics"",\n      ""detail_level"": ""Focus on the rough texture of the popcorn and the plush velvet of the bench""\n    }\n  }\n}"
55,YouTube Thumbnail - Cinematic Train Window View in European Spring,en,False,False,,,,,https://youmind.com/en-US/nano-banana-pro-prompts?id=5314,0,"First-person passenger-seat perspective inside a modern European train, camera positioned beside the right-side window. The train is smoothly turning right along curved tracks, visible through the lower edge of the window. Foreground shows slight motion blur on nearby grass and trackside elements, while the midground remains crisp.\nOutside scenery captures early European spring: vibrant green grasslands partially covered with thin, melting snow patches, damp soil visible beneath. Small wildflowers and fresh vegetation emerge through the snow. Gentle hills transition into tall, snow-dusted mountains in the far distance, softly layered with atmospheric haze.\nSky is pale blue with scattered spring clouds, sunlight diffused and natural, casting soft highlights on snow and grass. Interior window glass shows subtle reflections, faint scratches, and light dust particles catching the sun. Calm, peaceful mood, quiet travel moment.\nUltra-realistic, cinematic composition, wide-angle lens, deep depth of field, natural color grading, high dynamic range, 8K detail, realistic lighting, physically accurate materials."
56,YouTube Thumbnail - Cinematic Alpine Travel Scene with Zootopia Characters Prompt,en,False,True,,,,,https://youmind.com/en-US/nano-banana-pro-prompts?id=5305,0,"A cinematic winter travel moment set at a quiet Alpine mountain station just after snowfall. A young woman stands near the edge of a snow-dusted platform, wearing a matte black puffer jacket layered over a soft neutral sweater, dark winter jeans, and insulated boots. Her posture is relaxed and confident, hands tucked into her jacket pockets, breath faintly visible in the cold air. She has a calm, self-assured expression with natural, realistic skin texture and subtle winter glow.\nBeside her, {argument name=""character 1"" default=""Nick Wilde from Zootopia""} leans casually against a metal railing, arms loosely folded, wearing his signature green shirt and striped tie, giving a knowing side-smirk as if mid-conversation. A few steps away, {argument name=""character 2"" default=""Judy Hopps""} stands atop a snow-covered luggage crate, adjusting her blue police uniform with an upbeat, alert expression, ears slightly raised and lively.\nIn the background, towering snow-covered Alpine peaks fade into a soft atmospheric haze. A red mountain train slowly departs the station, creating gentle motion blur and a sense of quiet journey. Cold winter daylight with soft, diffused lighting reflecting off the snow, realistic grounded shadows, ultra-detailed textures, crisp winter air, and cinematic depth of field. Photorealistic female subject seamlessly blended with high-quality animated characters. Travel-film aesthetic, emotionally warm yet minimal, high resolution, 4:5 aspect ratio."
57,YouTube Thumbnail - Photorealistic Female Pilot Selfie Prompt,en,False,True,,,,,https://youmind.com/en-US/nano-banana-pro-prompts?id=5292,0,"{\n  ""prompt"": {\n    ""subject"": {\n      ""identity"": ""Female airline pilot taking a selfie"",\n      ""demographics"": ""Young woman, approximately 20-25 years old"",\n      ""appearance"": {\n        ""hair"": {\n          ""color"": ""Dark brown"",\n          ""style"": ""Long, straight, sleek, falling over shoulders"",\n          ""texture"": ""Silky and smooth""\n        },\n        ""face"": {\n          ""skin"": ""Flawless, light complexion, soft texture"",\n          ""makeup"": ""Polished professional look, winged eyeliner, groomed eyebrows, mauve-pink matte lipstick"",\n          ""expression"": ""Confident, slight soft smile, direct eye contact with camera""\n        }\n      },\n      ""pose"": {\n        ""type"": ""Selfie angle"",\n        ""action"": ""Standing, one arm extended holding camera, other hand resting on hip"",\n        ""details"": ""Slight torso twist to show uniform details""\n      }\n    },\n    ""attire"": {\n      ""type"": ""Commercial pilot uniform"",\n      ""shirt"": ""Crisp white short-sleeve button-down aviator shirt with two front pockets"",\n      ""accessories"": {\n        ""tie"": ""Solid black necktie"",\n        ""epaulets"": ""Black shoulder boards with {argument name=""epaulet stripes"" default=""three or four""} gold stripes"",\n        ""watch"": ""Silver metallic wristwatch on left wrist"",\n        ""logos"": ""Orange text logo reading '{argument name=""airline logo"" default=""GOL""}' embroidered above the left pocket""\n      }\n    },\n    ""environment"": {\n      ""location"": ""Airport observation deck or tarmac balcony"",\n      ""background"": {\n        ""immediate"": ""Glass safety railing with metal fittings"",\n        ""midground"": ""Airport tarmac/apron concrete"",\n        ""distant"": ""Parked commercial airplanes with red tail fins (resembling Swiss Air or similar), airport infrastructure""\n      },\n      ""sky"": ""Sunset sky with dramatic clouds"",\n      ""colors"": ""Golden hour gradient, orange, yellow, and soft blue hues""\n    },\n    ""lighting"": {\n      ""source"": ""Natural golden hour sunlight from behind"",\n      ""effect"": ""Backlit glow on hair, soft flattering frontal illumination on face, warm atmospheric tone"",\n      ""shadows"": ""Soft and diffuse""\n    },\n    ""technical_specs"": {\n      ""style"": ""Photorealistic smartphone selfie"",\n      ""resolution"": ""8k ultra hd"",\n      ""aspect_ratio"": ""9:16 (long vertical format)"",\n      ""focus"": ""Sharp focus on subject, slight depth of field blur on background planes"",\n      ""quality_tags"": [\n        ""hyper-realistic"",\n        ""highly detailed"",\n        ""best quality"",\n        ""masterpiece"",\n        ""raw photo""\n      ]\n    }\n  }\n}"
58,YouTube Thumbnail - 3D Pixar-Style Hook Image: Programmable Money to Intelligence,en,False,False,,,,,https://youmind.com/en-US/nano-banana-pro-prompts?id=5014,0,"3D Pixar-style hook image, 16:9 format.\n\nCHARACTER: Fire character in VR headset with OpenGradient logo. Expression: realizing/pointing. Pose: standing in a construction site, pointing at a transformation in the pipes.\n\nSCENE: A messy wall of rusty, leaking pipes labeled ""OLD DEFI"". One section of the pipe transforms into a glowing, crystalline, see-through conduit pulsating with green ""brain"" energy.\n\nFOREGROUND: A heavy wrench and blurred blueprints on a workbench in the corner. Creates depth.\n\nBACKGROUND: Dark industrial background but lit up by the green glow of the new pipe.\n\nTEXT: ""PIPING TO BRAINS"" on LEFT, bold white with glow.\n\nCOMPOSITION: Text dominant 70/30. Depth of field: blurred foreground -> sharp subject -> slight background blur. Cinematic lighting with neon green accent."
59,YouTube Thumbnail - YouTube Thumbnail Prompt: Political Split Screen,en,False,True,,,,,https://youmind.com/en-US/nano-banana-pro-prompts?id=4729,0,"I want a youtube thumbnail prompt. split screen. On the right, {argument name=""figure 1 name"" default=""trump""} looking angry at the camera, pointing towards the left side. On the left is a scene of {argument name=""figure 2 name"" default=""mark carney""}, visibility in shock. behind mark carney is a canadian flag scene. At the top of the frame in high contrast yellow ""{argument name=""headline text"" default=""THE REAL TARGET""}"""
60,Comic / Storyboard - Negative Prompting for Manga Generation in NanoBanana Pro,ja,False,False,,,,,https://youmind.com/en-US/nano-banana-pro-prompts?id=6367,0,"[Forbidden Items]\n- Left-to-right reading, bottom-to-top reading composition is forbidden\n- English dialogue is forbidden\n- Horizontal writing of dialogue is forbidden\n- Monochrome, black and white, line art is forbidden"
61,Comic / Storyboard - LEGO Miniature Diorama of 'The Nun' Horror Film Set,en,False,False,,,,,https://youmind.com/en-US/nano-banana-pro-prompts?id=6323,0,"{\n  ""scene_overview"": {\n    ""setting"": ""Gothic stone interior resembling a church or cathedral set"",\n    ""environment_style"": ""LEGO miniature diorama"",\n    ""location_type"": ""Film set / behind-the-scenes movie production"",\n    ""time_of_day"": ""Interior, controlled lighting (cinematic night-like mood)"",\n    ""atmosphere"": ""Cinematic, eerie, theatrical, controlled"",\n    ""mood"": ""Dark humor, spooky, playful, creative"",\n    ""genre_influence"": [""Horror"", ""Behind-the-scenes filmmaking"", ""Fantasy""]\n  },\n\n  ""primary_subject"": {\n    ""type"": ""LEGO minifigure character"",\n    ""role"": ""Nun / horror character"",\n    ""appearance"": {\n      ""outfit"": ""Black nun habit with white collar"",\n      ""face"": ""Pale white face, dark hollow eyes, eerie expression"",\n      ""accessories"": ""Cross necklace"",\n      ""pose"": ""Standing still, facing forward""\n    },\n    ""positioning"": {\n      ""location"": ""Centered within a large stone archway"",\n      ""background"": ""Glowing blue-lit alcove or chamber""\n    }\n  },\n\n  ""supporting_characters"": {\n    ""crew_members"": [\n      {\n        ""role"": ""Camera operator"",\n        ""object_interaction"": ""Operating a large LEGO film camera"",\n        ""position"": ""Front-left, seated on a camera dolly""\n      },\n      {\n        ""role"": ""Boom microphone operator"",\n        ""object_interaction"": ""Holding boom mic extended toward subject"",\n        ""position"": ""Upper-left foreground""\n      },\n      {\n        ""role"": ""Lighting technician"",\n        ""object_interaction"": ""Holding a rectangular light reflector"",\n        ""position"": ""Right side, elevated on a stand""\n      },\n      {\n        ""role"": ""Clapperboard operator"",\n        ""object_interaction"": ""Holding a clapperboard"",\n        ""position"": ""Front-center-right""\n      },\n      {\n        ""role"": ""Director / Script supervisor"",\n        ""object_interaction"": ""Holding clipboard and papers"",\n        ""position"": ""Bottom-right foreground""\n      }\n    ],\n    ""style"": ""All characters are LEGO minifigures with yellow skin tone and varied hairpieces""\n  },\n\n  ""props_and_equipment"": {\n    ""film_equipment"": [\n      ""LEGO cinema camera"",\n      ""Camera dolly on rails"",\n      ""Boom microphone with fuzzy windscreen"",\n      ""Lighting reflector panel"",\n      ""Clapperboard"",\n      ""Monitor screen displaying the nun character"",\n      ""Cables coiled on the floor""\n    ],\n    ""architectural_elements"": [\n      ""Stone brick walls"",\n      ""Large arched doorway"",\n      ""Recessed alcove"",\n      ""Tiled stone floor""\n    ]\n  },\n  ""lighting"": {\n    ""primary_light"": ""Strong cyan-blue glow from behind the nun"",\n    ""secondary_lighting"": ""Warm neutral studio lighting on crew and foreground"",\n    ""contrast"": ""High contrast between cold blue background and warm foreground tones"",\n    ""style"": ""Cinematic, dramatic, horror-inspired lighting""\n  },\n\n  ""color_palette"": {\n    ""dominant_colors"": [""Dark gray"", ""Black"", ""Cyan blue""],\n    ""accent_colors"": [""Warm yellow ("""
62,Comic / Storyboard - Heroine Expression Difference Grid Attempt,ja,False,False,,,,,https://youmind.com/en-US/nano-banana-pro-prompts?id=6228,0,Create expression differences for the heroine. Display them in a 16-panel screen. The top-left panel should be the original image as is. The remaining 15 panels should display variations of different expressions.
63,Comic / Storyboard - Ultra-Photorealistic Cinematic Couple Triptych Storyboard,en,False,False,,,,,https://youmind.com/en-US/nano-banana-pro-prompts?id=6003,0,"{\n  ""generation_request"": {\n    ""meta_data"": {\n      ""tool"": ""NanoBanana Pro"",\n      ""task_type"": ""photoreal_cinematic_couple_triptych_storyboard"",\n      ""version"": ""v1.1_SWING_SET_TRIPTYCH_PLAYFUL_UPSIDE_DOWN_ULTRA_REAL"",\n      ""priority"": ""highest""\n    },\n    ""references"": {\n      ""female_reference_image"": {\n        ""slot"": 1,\n        ""purpose"": ""FEMALE_IDENTITY_LOCK"",\n        ""strict_identity_lock"": true,\n        ""face_similarity_priority"": ""MAX"",\n        ""no_identity_blending"": true,\n        ""preserve_age_gender"": true,\n        ""preserve_skin_texture"": true,\n        ""preserve_facial_proportions"": true,\n        ""no_beautify"": true,\n        ""no_makeup_invention"": true\n      },\n      ""male_reference_image"": {\n        ""slot"": 2,\n        ""purpose"": ""MALE_IDENTITY_LOCK"",\n        ""strict_identity_lock"": true,\n        ""face_similarity_priority"": ""MAX"",\n        ""no_identity_blending"": true,\n        ""preserve_age_gender"": true,\n        ""preserve_skin_texture"": true,\n        ""preserve_facial_proportions"": true,\n        ""no_beautify"": true,\n        ""no_makeup_invention"": true\n      },\n      ""composition_reference_image"": {\n        ""source"": ""UPLOAD_REFERENCE_IMAGE (REQUIRED_FOR_LAYOUT_LOCK)"",\n        ""purpose"": ""EXACT_TRIPTYCH_LAYOUT_COMPOSITION_ACTION_LOCK"",\n        ""strict_lock"": true,\n        ""no_layout_drift"": true,\n        ""preserve_framing"": true,\n        ""preserve_pose_logic"": true,\n        ""preserve_panel_spacing"": true\n      }\n    },\n    ""output_settings"": {\n      ""aspect_ratio"": ""4:5"",\n      ""orientation"": ""portrait"",\n      ""resolution"": ""ultra_high_res"",\n      ""render_style"": ""true_photoreal_cinematic_lifestyle"",\n      ""sharpness"": ""natural_camera_sharpness_not_ai"",\n      ""film_grain"": ""subtle_35mm_analog"",\n      ""color_grade"": ""natural_warm_film_neutral_skin"",\n      ""dynamic_range"": ""natural_not_hdr"",\n      ""skin_rendering"": ""real_microtexture_pores_peachfuzz_no_plastic"",\n      ""compression_artifacts"": ""none""\n    },\n    ""hard_constraints"": [\n      ""Exactly 2 people only (one female, one male)."",\n      ""Faces must match the uploaded references with maximum similarity (no identity drift)."",\n      ""Triptych layout: THREE horizontal panels stacked vertically in one 4:5 image, exactly like the composition reference."",\n      ""Outdoor playground swing set setting, same action beats as reference: playful upside-down hanging + pushing + reaching toward camera."",\n      ""Faces must be clearly visible and recognizable in ALL THREE panels (no hair fully covering face, no extreme blur)."",\n      ""Photorealistic anatomy; correct hands/fingers; realistic clothing folds and gravity."",\n      ""Swing set geometry must be physically correct (straight metal frame, correct chain links, no warping)."",\n      ""No text, no logos, no watermark.""\n    ],\n    ""camera"": {\n      ""style"": ""real_cinematic_lifestyle_photo"",\n      ""lens"": ""28mm_full_frame"",\n      ""distortion"": ""realistic_28mm_mild_edge_distortion_controlled"",\n      ""aperture"": ""f/2.8""\n    }\n  }\n}"
64,Comic / Storyboard - Kaiju Kitten Destroying Sydney Waterfront,en,False,True,,,,,https://youmind.com/en-US/nano-banana-pro-prompts?id=5804,0,"Massive kaiju kitten destroying Sydney's urban waterfront, destroying the {argument name=""landmark name"" default=""[place landmark name here]""}. Ground-level view. Bright, daytime, blue skies. No glowing eyes."
65,Comic / Storyboard - Urban Fantasy Giantess Taylor Swift with Scaffolding,en,False,True,,,,,https://youmind.com/en-US/nano-banana-pro-prompts?id=5903,0,"""A colossal woman standing in a city street, appearing to be 'under construction' with scaffolding surrounding her body."",\n      ""aesthetic"": ""Hyper-realistic composite, cinematic, urban fantasy.""\n    },\n    ""subject_details"": {\n      ""celebrity_likeness"": ""{argument name=""celebrity name"" default=""Taylor Swift""}."",\n      ""features"": {\n        ""face"": ""Blue eyes, signature red lipstick, distinct facial structure."",\n        ""hair"": ""Golden blonde, long, wavy texture cascading over shoulders.""\n      },\n      ""apparel"": {\n        ""dress"": ""Black satin slip dress with a deep V-neck and a high slit on the right thigh."",\n        ""accessories"": ""Holding a standard white disposable coffee cup in the right hand. Carrying a brown leather luxury handbag in the left hand."",\n        ""footwear"": ""Bare feet or heels (obscured by street debris/cracks).""\n      }\n    },\n    ""surreal_elements"": {\n      ""scaffolding"": ""Intricate metal construction scaffolding structures built around her arms, torso, and legs, following the contour of her body."",\n      ""miniatures"": ""Tiny construction workers in yellow hard hats and high-vis vests climbing the scaffolding on her body."",\n      ""destruction"": ""The asphalt street beneath her feet is cracking and shattering under the immense weight, creating a crater pattern.""\n    },\n    ""exact_pose_anatomical"": {\n      ""posture"": ""Standing tall with a slight contrapposto (weight shifted to one hip)."",\n      ""orientation"": ""Front-facing, towering over the viewer/city."",\n      ""right_arm"": ""Bent at the elbow, raised to hold the coffee cup at chest level."",\n      ""left_arm"": ""Extended downwards holding the handbag."",\n      ""gaze"": ""Direct, calm eye contact with the camera."",\n      ""scale"": ""Subject appears to be approximately 50 stories tall, matching the height of surrounding skyscrapers.""\n    },\n    ""environment"": {\n      ""location"": ""Avenue in a major metropolis (resembling Chicago or NYC)."",\n      ""elements"": ""Skyscrapers flanking both sides, busy traffic with miniature yellow taxis and buses way below."",\n      ""perspective"": ""Aerial view relative to the city, but eye-level relative to the subject.""\n    },\n    ""camera_technical_values"": {\n      ""lens"": ""35mm (Wide angle to capture the full scale of the subject against the skyline)."",\n      ""aperture"": ""f/11 (Deep depth of field to keep both the giant subject and the city background relatively sharp)."",\n      ""shutter_speed"": ""1/500s."",\n      ""iso"": ""ISO 100."",\n      ""resolution"": ""8k, high fidelity textures.""\n    },\n    ""lighting_setup"": {\n      ""source"": ""Natural Daylight."",\n      ""quality"": ""Soft, diffused sunlight (slightly overcast)."",\n      ""direction"": ""Overhead/Frontal."",\n      ""shadows"": ""Subject casts a massive, long shadow onto the city streets below."""
66,"Comic / Storyboard - High-Energy, Print-Ready Comic Art Prompt",en,False,False,,,,,https://youmind.com/en-US/nano-banana-pro-prompts?id=5890,0,"High-energy panels, bold outlines, vibrant colors, dramatic action.\n\nNo photos. No realism.\n\nJust pure, print-ready comic art from one Nano Banana Pro prompt."
67,Comic / Storyboard - Surreal Forced Perspective Composite Prompt for Nano Banana Pro,en,False,False,,,,,https://youmind.com/en-US/nano-banana-pro-prompts?id=5821,0,"A hyper-realistic, surreal composite shot utilizing forced perspective to create a dramatic scale difference, featuring an extreme close-up profile view on the right side of a man with uploaded face as reference, his expression one of slack-jawed astonishment with mouth slightly agape as he gazes downward. His large hand extends into the focal plane on the left, palm upturned and open, cradling a tiny, miniature version of a man standing directly on the skin of the palm; the miniature figure is dressed in a black t-shirt and loose beige khaki trousers, captured in a dynamic, slightly crouched stance as if balancing or reacting to the giant. The cinematography employs a shallow depth of field with an 85mm portrait lens, keeping the giant's profile and the miniature figure in sharp focus while rendering the background—a warm-toned domestic interior with reddish-brown wooden cabinetry and vague blue shapes—into a creamy, soft bokeh. The lighting is warm and naturalistic, suggestive of indoor tungsten sources, highlighting the skin texture, facial hair, and subsurface scattering on the giant's face, rendered in 8k resolution with the fidelity of an Octane Render, emphasizing the absurdity and realism of the ""shrunk"" subject matter.\n\nMan should be fully visible"
68,Comic / Storyboard - Gemini System Prompt for 10-Page Manga Generation in Nano Banana Pro,ja,False,False,,,,,https://youmind.com/en-US/nano-banana-pro-prompts?id=5737,0,"You are a ""professional manga writer"" and ""AI Art Director"". Based on the [Character Image] and [Theme] I provide, please create a **10-page manga generation prompt sequence that can be used directly with NanoBananaPro (high-performance image generation AI)**.\n\n## Production Requirements (NanoBananaPro Hybrid Optimized)\n1. **Output Format**:\n   - Output each page in a `Code Block` format that is easy to copy and paste.\n   - **Language Specification (Hybrid Strategy)**:\n     - **Visual Description (Visuals)**: Character, background, and art style specifications should be in **""English""** to maintain consistency.\n     - **Text Rendering**: Dialogue and sound effects within speech bubbles should be specified in **""Japanese""**.\n     - **Aspect Ratio**: Each page should be structured assuming a `Vertical 9:16 aspect ratio`.\n\n2. **Utilization of NanoBananaPro Specific Features**:\n   - **Text Rendering**:\n     - This model can accurately render Japanese text within the image.\n     - Describe the Japanese dialogue by writing `Text: ""[Japanese Dialogue]""` in the Prompt.\n     - **Contextual Understanding**:\n     - Describe the situation using English close to natural language, not just a list of words.\n\n3. **Story Structure and Direction**:\n   - **Title Determination**: Devise a ""high-sense title"" that reflects the theme, conveys the content at a glance, and captures interest.\n     - **Title Logo Placement**:\n     - Create a ""Title Panel"" where the title logo is prominently placed on **Page 1 or Page 2**.\n     - **Rendering Instruction**: Include instructions to render the title text itself as ""decorative typography"" within the image.\n     - **""Setup and Punchline"" Structure**:\n     - **Page 1 (The Hook)**: Include a ""strong setup (mystery, shock, empathy)"" that strongly captures the reader's interest.\n     - **Page 10 (The Punchline)**: The conclusion, or a cliffhanger leading to the next part.\n\n4. **Page Description Rules (Strictly Enforced)**:\n   The prompt must always include the following sections.\n   \n   - **Header**: `【IMAGE_GEN_ONLY】: Generate a high-resolution professional Japanese manga page. Full Color. Vertical 9:16. 4K.`\n   \n   - **【STRICT CHARACTER CONSISTENCY (English)】**:\n     - **Important**: The **""Character Appearance Description (English)""** created by analyzing the initial image must be written in the prompt for **all pages**, without changing a single word.\n     - **Prohibition**: ""Omission"" or ""As above"" is **strictly forbidden**. The entire definition must be written out every time.\n     - Example: `Black bob cut hair, red ribbon, golden eyes, wearing a futuristic cyberpunk school uniform.`\n   \n   - **【STRICT STYLE CONSISTENCY (English)】**:\n     - **Style Analysis and Fixation**: Analyze the input image and define its characteristics (Lines, Color, Lighting) as a detailed English prompt.\n     - **Prohibition**: This is also **forbidden** to ""omit"". Output the full text every time.\n     - Example: `Thick confident outlines, cel shading with soft gradients, vibrant high-saturation colors, dramatic lighting, anime screentones.`\n\n   - **【PANEL LAYOUT & VISUALS (English + Japanese Text)】**:\n     - **Panel Composition**: **Always place 4 to 8 panels** per page. (3 panels or less is forbidden)\n     - **Content Description**:\n       - `Panel 1 (Top-Right):`\n       - `Visual: [English description of action/angle]`\n       - `Text: ""[Japanese Dialogue in bubble]""`\n\n   - **【PAGE NUMBERING】**:\n     - Instruction to render the page number (e.g., ""1"") small in the bottom-right corner.\n\n## Output Template Example\n\n### Page X\n\n【IMAGE_GEN_ONLY】: Generate a high-resolution professional Japanese manga page. Full Color. Vertical 9:16. --ar 9:16\n\n# STRICT CHARACTER CONSISTENCY (DO NOT CHANGE)\n[Paste the EXACT English Master Description here... NO ABBREVIATIONS]\n\n# STRICT STYLE CONSISTENCY (DO NOT CHANGE)\n[Paste the EXACT English Master Style Description here... NO ABBREVIATIONS]\n\n# PAGE NUMBER\nSmall clear text ""X"" in the bottom-right corner.\n\n# PANEL LAYOUT & VISUALS (Target: 5-8 Panels, Top-Right to Bottom-Left)\n\n## Panel 1 (Top-Right):\n- Visual: [English description of the scene and action]\n- Text: ""[Japanese Dialogue]"""
69,Comic / Storyboard - Nostalgic Memory Narrative Grid Prompt,en,False,True,,,,,https://youmind.com/en-US/nano-banana-pro-prompts?id=5731,0,"{\n  ""concept"": ""a quiet moment that feels remembered rather than photographed"",\n  ""subject"": {\n    ""type"": ""young man"",\n    ""age"": ""early 20s"",\n    ""presence"": ""subtle, almost unnoticed within the frame"",\n    ""expression"": ""emotion held back, eyes suggesting unfinished thoughts"",\n    ""skin_tone"": ""natural muted tone with real-life unevenness"",\n    ""features"": ""unposed face, relaxed posture, human imperfections preserved""\n  },\n  ""scene"": {\n    ""environment"": ""abandoned outdoor bus stop near a dried riverbed"",\n    ""location"": ""cracked concrete shelter, faded signage, tall wild grass reclaiming the area"",\n    ""props"": ""old bench, weathered backpack, torn paper timetable"",\n    ""time_of_day"": ""{argument name=""time of day"" default=""late evening""} just before blue hour fades"",\n    ""weather"": ""still air, faint dust particles floating""\n  },\n  ""composition"": {\n    ""style"": ""5-image narrative grid, non-linear storytelling"",\n    ""shots"": [\n      ""extreme close-up of fingers resting on the bench, shallow focus"",\n      ""reflection of the subject in a scratched metal surface, face partially distorted"",\n      ""medium shot from behind, subject seated and slightly slouched"",\n      ""side profile framed through tall grass in the foreground"",\n      ""wide static shot where the subject appears small, almost dissolving into space""\n    ],\n    ""camera_angles"": ""observational, imperfect, slightly off-center"",\n    ""framing"": ""intentional imbalance, negative space dominating the frame""\n  },\n  ""lighting"": {\n    ""type"": ""natural residual daylight"",\n    ""quality"": ""soft, fading, low-energy light"",\n    ""color_temperature"": ""cool desaturated blues with hints of warm decay"",\n    ""shadows"": ""subtle, undefined, realistic""\n  },\n  ""visual_style"": {\n    ""mood"": ""nostalgic, suspended, emotionally restrained"",\n    ""color_grading"": ""washed-out tones with gentle color separation"",\n    ""contrast"": ""very low, almost flat"",\n    ""film_look"": ""experimental indie film / memory archive aesthetic"",\n    ""realism"": ""raw, anti-gloss, intentionally imperfect""\n  },\n  ""camera_settings"": {\n    ""lens"": ""40mm–58mm documentary-style lens"",\n    ""depth_of_field"": ""selective focus, occasionally soft"",\n    ""focus"": ""priority on atmosphere over sharpness""\n  },\n  ""quality"": {\n    ""resolution"": ""4K"",\n    ""detail"": ""natural textures, visible wear, realistic surfaces"",\n    ""noise"": ""organic grain resembling scanned film"",\n    ""artifacts"": ""none, no AI distortions""\n  }\n}"
70,Comic / Storyboard - Complex Comic Panel Generation: Speech Bubbles and Identity Separation,ja,False,False,,,,,https://youmind.com/en-US/nano-banana-pro-prompts?id=5746,0,"Putting a speech bubble inside a speech bubble was quite difficult. Furthermore, it is difficult to specify which of the three speech bubbles belongs to which character. Moreover, if you don't properly distinguish between the three characters who are all the same person, they get mixed up. It requires ingenuity to make them distinct characters (Real, Angel, Demon) while being the same person."
71,Comic / Storyboard - Cinematic Anime/Reality Action Blend Prompt,en,False,False,,,,,https://youmind.com/en-US/nano-banana-pro-prompts?id=5457,0,"{\n  ""generation_request"": {\n    ""meta_data"": {\n      ""tool"": ""NanoBanana Pro"",\n      ""task_type"": ""cinematic_anime_reality_action_adventure"",\n      ""version"": ""onepiece_storm_harbor_v7_CINEMATIC_GROUNDED_NO_STICKER"",\n      ""priority"": ""highest""\n    },\n\n    ""references"": {\n      ""reference_image_1"": {\n        ""source"": ""UPLOAD_REFERENCE_IMAGE (REQUIRED)"",\n        ""purpose"": ""REFERENCE_PERSON_IDENTITY_AND_SCALE_ANCHOR"",\n        ""strict_lock"": true,\n        ""face_similarity_priority"": ""MAX"",\n        ""preserve_body_proportions"": true,\n        ""no_body_rescale"": true,\n        ""no_identity_blending"": true,\n        ""no_beautify"": true,\n        ""no_age_shift"": true,\n        ""preserve_skin_texture"": true,\n        ""preserve_facial_proportions"": true,\n        ""preserve_expression"": true\n      }\n    },\n\n    ""output_settings"": {\n      ""aspect_ratio"": ""16:9"",\n      ""resolution_target"": ""ultra_high_res"",\n      ""render_style"": ""cinematic_film_still"",\n      ""sharpness"": ""crisp_but_natural"",\n      ""film_grain"": ""subtle_true_35mm"",\n      ""dynamic_range"": ""natural_not_hdr"",\n      ""color_grade"": ""darker_stormy_maritime_noir_realism_low_saturation""\n    },\n\n    ""camera"": {\n      ""lens"": ""50mm_equivalent"",\n      ""camera_height"": ""eye_level"",\n      ""movement"": ""handheld_urgent_run_energy"",\n      ""aperture"": ""f/2.8"",\n      ""shutter_speed"": ""1/800"",\n      ""iso"": 800,\n      ""white_balance"": ""cool_4600K"",\n      ""exposure_bias"": ""-0.5EV"",\n      ""focus_priority"": ""reference_person_eyes_then_anime_character_face"",\n      ""faces_must_be_sharp"": true,\n      ""background_motion_blur_only"": true,\n      ""depth_of_field_rule"": ""MATCH_REAL_LIVE_ACTION_DOF""\n    },\n\n    ""global_rules"": {\n      ""reality_rule"": ""REFERENCE PERSON AND ENVIRONMENT ARE FULLY PHOTOREAL LIVE-ACTION"",\n      ""anime_rule"": ""ANIME CHARACTER REMAINS CEL-SHADED BUT MUST BE PHYSICALLY GROUNDED IN LIGHT, SHADOW, WEATHER, AND DEPTH"",\n      ""scale_rule"": [\n        ""ANIME CHARACTER HEIGHT WITHIN ±5% OF REFERENCE PERSON"",\n        ""REALISTIC HUMAN BODY PROPORTIONS ONLY"",\n        ""NO GIANT OR MINIATURE SCALE""\n      ],\n      ""camera_rule"": [\n        ""50MM LENS ONLY"",\n        ""EYE-LEVEL CAMERA"",\n        ""SAME CAMERA PLANE FOR ALL SUBJECTS"",\n        ""NO WIDE-ANGLE DISTORTION""\n      ],\n      ""action_rule"": ""SCENE MUST SHOW ACTIVE MOTION AND URGENCY, MID-STRIDE, WIND RESISTANCE, SPRAY IN AIR""\n    },\n\n    ""lighting_rules"": {\n      ""source"": ""overcast storm daylight + subtle practical harbor lights"",\n      ""noir_exposure"": ""slightly underexposed low-key storm look"",\n      ""shadows"": [\n        ""MATCHED SHADOW DIRECTION"",\n        ""CONTACT SHADOWS AT FEET"",\n        ""CONSISTENT SHADOW SOFTNESS FROM OVERCAST SKY""\n      ],\n      ""anime_lighting_match"": ""ANIME CHARACTER RECEIVES THE SAME OVERCAST KEY + WET DECK BOUNCE (WITHOUT BECOMING REALISTIC)""\n    },\n\n    ""creative_prompt"": {\n      ""story_context"": ""A high-stakes adventure sprint on a stormy harbor pier. Wind and sea spray whip across the frame. The referen""\n}\n}"
72,Comic / Storyboard - Gemini 3 Story Creation and Nano Banana Pro Manga Generation,ja,False,True,,,,,https://youmind.com/en-US/nano-banana-pro-prompts?id=5489,0,"Story Creation Prompt ①↓↓ (Gemini 3 “Thought Mode” only, nanobabananapro unnecessary)\n\n“Write a story about {argument name=""story theme"" default=""a busy salaryman who starts a side job for one hour a day and earns 1 million yen a month to quit his corporate job""} in about 1000 characters.”\n\nThat’s all.\nChange the text to your preferred story.\n\nPrompt ②↓↓ (Gemini 3 “Thought Mode” + nanobabananapro)\n\n“Please create a rich-looking four-panel manga using the following text. The design tone and manner should be {argument name=""design style"" default=""pop, cute art style, characters, and panel layout""}”\n\n→Paste the story created by Prompt ① here←\n*If you want to divide it into four separate 4-panel comics like this post, divide the story into four parts and submit each one to Gemini 3 + nanobabananapro using Prompt ② four times."
73,Comic / Storyboard - High-Concept 3D Diorama Generation Prompt,en,False,False,,,,,https://youmind.com/en-US/nano-banana-pro-prompts?id=5295,0,"<instructions> you are a world class visual artist and viral content generator tasked with creating high-concept 3D diorama for games or books. For every input, you will analyze the core identity, the defining artifacts, the atmosphere, characters and the underlying narrative of the subject. you will then construct a specific container, the appropriate shell based on the title and year it was made: for any title, analyze the mechanics and aesthetic. visualize a hollowed-out item. the interior is a diorama of a famous level. it contains miniature elements, assets, tiny protagonist, and other relevant elements to the subject. lighting & style should be appropriate for the title </instructions>"
74,Comic / Storyboard - Classic Comic Book Panel Style,en,False,True,,,,,https://youmind.com/en-US/nano-banana-pro-prompts?id=5242,0,"{\n  ""visual_style"": {\n    ""colors"": {\n      ""palette"": [\n        ""#A67B5B"",\n        ""#87CEEB"",\n        ""#2F4F4F"",\n        ""#000000"",\n        ""#FFFFFF""\n      ],\n      ""description"": ""Flat, block colors with no gradients. Dominant tan skin and light blue water, dark blue and black for shadows, and stark black outlines.""\n    },\n    ""typography"": {\n      ""font_family"": ""None"",\n      ""style"": ""None"",\n      ""description"": ""No text is present in this panel.""\n    },\n    ""composition"": {\n      ""framing"": ""Medium close-up portrait panel"",\n      ""elements"": [\n        ""{argument name=""subject"" default=""Man with mustache and sunglasses in a pool""}"",\n        ""Left arm with a watch rests on the pool edge"",\n        ""Water with simple wave lines"",\n        ""Wooden deck and ladder in background""\n      ],\n      ""perspective"": ""Eye-level""\n    },\n    ""effects"": {\n      ""style"": ""Classic comic book panel"",\n      ""techniques"": [\n        ""Bold black ink outlines"",\n        ""Cel-shading with distinct shadow blocks"",\n        ""Cross-hatching for arm texture""\n      ]\n    }\n  }\n}"
75,Comic / Storyboard - Lara Croft with Fiery Bow in Heavy Downpour,en,False,False,,,,,https://youmind.com/en-US/nano-banana-pro-prompts?id=5279,0,"A medium shot of Lara Croft in the midst of a heavy downpour at night, holding a fiery recurve bow with an arrow fully drawn to her cheek. Her body is angled slightly to the right, her right arm is extended forward, and her left arm is bent, pulling the bowstring taut. Her wet hair is tied back, and her face, splattered with mud and water, is focused intently on a target off-camera.The flames on the bow and arrow are intense. Size 3 : 4 ratio Quality 8k image generator"
76,Comic / Storyboard - Nosferatu Cinematic 2x2 Grid Prompt,en,False,False,,,,,https://youmind.com/en-US/nano-banana-pro-prompts?id=5153,0,"A 2×2 grid cinematic composition (four equal panels within one frame), aspect ratio 4:5, extremely realistic, photorealistic, film-quality imagery. Each panel depicts a different moment between the same two characters, unified by identical lighting, wardrobe, environment, and color grading.\n\nOverall aesthetic: inspired by the gold-ornamented, ceremonial atmosphere of the reference image—real materials, real light, real skin, no painterly effects.\n\n🔲 PANEL DESCRIPTIONS (READ AS ONE IMAGE)\n\nPanel 1 (Top Left)\nHe is hugging her from behind, close and possessive.\nMia Goth stands still, her posture tense, shoulders slightly raised. Her pale, luminous skin contrasts with the heavy gold-embroidered ceremonial garment draped over her head and shoulders. Bill Skarsgård as Nosferatu presses close behind her, his face near her temple, eyes half-lidded, expression restrained but predatory. His hands rest gently yet firmly at her waist. The gold background glows softly.\n\nPanel 2 (Top Right)\nHe is beside her, leaning in to bite her neck.\nHis mouth hovers just at her throat, lips barely touching skin. The woman’s head tilts slightly away, eyelids heavy, her expression weakening as she begins to lose consciousness—soft slackening of the mouth, unfocused gaze. Subtle tension in her neck and jaw. His face is partly in shadow, sharp cheekbones and hollow eyes emphasized.\n\nPanel 3 (Bottom Left)\nThey stand side by side.\nThe man turns his head slightly toward her, studying her with cold intent. She faces forward and looks directly into the camera, eyes glassy, vulnerable, haunted. Her expression is calm but resigned. The gold embroidery and symbolic patterns are sharply detailed, realistic fabric weight and stitching visible.\n\nPanel 4 (Bottom Right)\nThis panel is an exact recreation of the reference photo.\nSame pose, same spacing, same lighting, same expressions, same wardrobe, same background texture—faithful, photorealistic reproduction with no reinterpretation.\n\n👤 CHARACTER DETAILS (CONSISTENT ACROSS ALL PANELS)\n\nMia Goth\nEthereal woman with pale luminous skin, delicate symmetrical features, expressive melancholic eyes, softly parted lips. Subtle emotional tension throughout—vulnerability mixed with quiet resolve. Draped in an elaborate gold-embroidered ceremonial garment with Art Nouveau geometry and mosaic symbolism, rendered as real textile embroidery with metallic thread, natural folds and weight.\n\nBill Skarsgård as Nosferatu\nTall, imposing, gaunt aristocratic frame. Elongated facial structure, sharp cheekbones, hollow eyes. Stillness that feels controlled and predatory. Dressed in dark antique clothing that absorbs light, contrasting strongly against the radiant gold environment.\n\n🌟 ENVIRONMENT & LIGHTING\n\nRichly textured, softly glowing gold interior\n\nAged gilded walls, embossed ceremonial patterns\n\nReal material depth, patina, imperfections\n\nDramatic cinematic lighting\n\nSoft diffused key light on her face\n\nWarm gold bou"
77,Comic / Storyboard - Profile 4-Panel Manga Generation,ja,False,False,,,,,https://youmind.com/en-US/nano-banana-pro-prompts?id=5223,0,I had my profile turned into a 4-panel manga.
78,Comic / Storyboard - Generating 4-Panel Manga on GE's Financial History,ja,False,False,,,,,https://youmind.com/en-US/nano-banana-pro-prompts?id=5218,0,I want to know the flow of GE's financial business from entry to withdrawal” → “Summarize it for a 4-panel manga” → 4-panel output instruction
79,Product Marketing - Luxury minimalist product photography based on a reference image,zh,False,False,,,,,https://youmind.com/en-US/nano-banana-pro-prompts?id=814,0,"Using my uploaded reference image as the base, generate a minimalist, high-quality commercial still life photograph with the aesthetic of a luxury brand advertisement.\n\nPreserve the general shape, proportions, and main color scheme of the core product in the reference so that it is instantly recognizable as the same product, but upgrade the overall texture and atmosphere of the image, making it look like an ad for a top-tier international fragrance, skincare item, or high-end electronic product.\n\nUse a vertical 4:5 composition. The background should be a large area of clean, neutral negative space, such as soft off-white, cool gray, or light beige, creating a quiet, restrained, and expensive studio environment. Apart from the core product and a minimal number of necessary supports, do not add any extra decorations. No clutter, no elaborate scene setup—only keep very simple geometric supports (such as a plain white cube, a cylinder, or a thin transparent panel). The supports must be simple and low-profile, existing only to hold and accentuate the product.\n\nStrongly emphasize the material details of the product, and let the lighting fully serve those materials:\nShow frosted glass with a fine, soft matte texture, ceramics with a matte or slightly glazed feel, and polished metal with clean, sharp specular highlights. Liquids should have clearly visible viscosity and volume. Avoid any cheap plastic feel, complex patterns, or gaudy stickers; the overall material quality must feel cool, restrained, and luxurious.\n\nUse professional studio lighting: mainly soft, diffused light from softboxes, plus precise rim light outlining the product’s shape. The contours should be crisp and layered, and the shadows should be soft and clean, with no noise or dirty shadow patches. You may use a near-macro viewpoint, moving in closer to the product to highlight materials and details, while preserving ample negative space around the frame so the product can ""speak for itself"" in the emptiness.\n\nKeep the overall color scheme neutral and calm. The product’s own color can be slightly more saturated, making it the single visual focal point in the scene. Do not use exaggerated gradient backgrounds, flashy colored lighting, or e-commerce promo aesthetics. No large-price text, labels, or cartoon graphics.\n\nThe final result must be a high-resolution commercial key visual that looks ready for a magazine back cover or a high-end brand announcement poster: minimalist, quiet, high-end, with the core product confidently centered, surrounded by clean negative space and precisely controlled lighting."
80,Product Marketing - Ultra-Cinematic Splash Photography of Coffee and Chocolate,en,False,False,,,,,https://youmind.com/en-US/nano-banana-pro-prompts?id=6319,0,"{\n  ""composition"": {\n    ""orientation"": ""vertical"",\n    ""style"": ""ultra-cinematic"",\n    ""scene_type"": ""mid-air suspended elements"",\n    ""depth_of_field"": ""cinematic shallow depth""\n  },\n  ""subject"": {\n    ""main_elements"": [\n      ""cascading roasted coffee beans"",\n      ""floating chocolate bonbons"",\n      ""mid-air coffee cup with swirling latte art"",\n      ""splashes of milk frozen in motion"",\n      ""splashes of espresso frozen in motion"",\n      ""fine coffee grounds dusting through the air""\n    ],\n    ""motion_state"": ""frozen action splash photography""\n  },\n  ""color_palette"": {\n    ""primary_colors"": [\n      ""rich coffee brown"",\n      ""warm cream"",\n      ""espresso black""\n    ],\n    ""background"": ""deep velvety black""\n  },\n  ""lighting"": {\n    ""type"": ""dramatic high-contrast studio lighting"",\n    ""highlights"": ""glossy reflections on liquids"",\n    ""shadows"": ""deep cinematic shadows""\n  },\n  ""texture_detail"": {\n    ""liquids"": [\n      ""glossy milk splashes"",\n      ""glossy espresso splashes"",\n      ""crema bubbles with micro-detail""\n    ],\n    ""solids"": [\n      ""matte roasted coffee beans"",\n      ""smooth chocolate bonbon surfaces"",\n      ""fine granular coffee grounds""\n    ]\n  },\n  ""photography_style"": {\n    ""genre"": ""premium café advertising"",\n    ""aesthetic"": ""editorial splash photography"",\n    ""clarity"": ""crisp ultra-detailed""\n  },\n  ""camera"": {\n    ""camera_model"": ""Nikon D850 (virtual)"",\n    ""lens"": ""105mm macro"",\n    ""aperture"": ""f/4.0"",\n    ""focus"": ""sharp subject focus with background falloff""\n  },\n  ""render_quality"": {\n    ""detail_level"": ""hyper-detailed"",\n    ""realism"": ""photorealistic"",\n    ""finish"": ""high-end commercial output""\n  }\n}"
81,Product Marketing - Close-up Night Beach Portrait of Woman in Black Swimsuit,en,False,True,,,,,https://youmind.com/en-US/nano-banana-pro-prompts?id=6320,0,"{\n  ""scene"": ""A woman posing on a moss-covered rock at night with waves crashing behind her"",\n  ""subject"": {\n    ""character"": ""A young adult female with an athletic and toned physique"",\n    ""face"": {\n      ""structure"": ""Oval face shape, defined jawline, high cheekbones"",\n      ""skin"": ""Tanned, wet, glistening with sharply defined water droplets captured in high detail"",\n      ""eyes"": {\n        ""shape"": ""Almond-shaped"",\n        ""color"": ""Indistinct due to lighting"",\n        ""expression"": ""Heavy-lidded, sultry downward gaze with strong confidence""\n      },\n      ""mouth"": {\n        ""lips"": ""Slightly parted, natural fullness, subtle tension without exaggeration""\n    },\n      ""makeup"": ""Minimal, natural look, water-resistant mascara only, no stylized makeup effects""\n    },\n    ""hair"": {\n      ""color"": ""Honey blonde with darker roots and lighter highlights"",\n      ""length"": ""Shoulder-length, approximately 12-14 inches"",\n      ""texture"": ""Wavy and heavily clumped due to being soaked with seawater"",\n      ""style"": ""Side-parted, messy wet look, strands sticking naturally to neck, shoulders, and upper chest"",\n      ""visible"": ""Fully visible within the tighter frame""\n    },\n    ""accessories"": {\n      ""hat"": {\n        ""type"": ""None"",\n        ""color"": ""N/A"",\n        ""detail"": ""N/A"",\n        ""fit"": ""N/A""\n      }\n    }\n  },\n  ""pose"": {\n    ""overall"": ""Reclining and leaning back against a large rock with controlled tension visible in the torso and shoulders"",\n    ""position"": {\n      ""base"": ""Seated/leaning on a mossy rock"",\n      ""orientation"": ""Three-quarter view toward the left""\n    },\n    ""torso"": {\n      ""direction"": ""Leaning back and slightly angled away from the camera"",\n      ""position"": ""Extended with a defined arch through the lower back and ribcage, clearly visible in close framing""\n    },\n    ""hips"": {\n      ""position"": ""Shifted to the side, partially visible within the close crop"",\n      ""emphasis"": ""High-cut swimsuit line still readable despite tighter framing""\n    },\n    ""legs"": {\n      ""position"": ""Legs mostly cropped out due to close-up framing, only upper thigh hint visible"",\n      ""visible"": ""Minimal, implied rather than fully shown""\n    },\n    ""arms"": {\n      ""position"": ""Left arm extended back with the hand pressing into the rock for support, shoulder and collarbone tension emphasized; right arm mostly outside the frame""\n    },\n    ""head"": {\n      ""turn"": ""Tilted slightly down and toward the right shoulder"",\n      ""expression"": ""Confident, calm, controlled sensuality""\n    }\n  },\n  ""outfit"": {\n    ""swimwear"": {\n      ""type"": ""One-piece swimsuit"",\n      ""color"": ""Solid {argument name=""swimsuit color"" default=""black""}"",\n      ""top"": {\n        ""style"": ""Scoop neck with thin camisole straps"",\n        ""ties"": ""None"",\n        ""coverage"": ""Moderate, fabric clinging naturally due to wetness""\n      },\n      ""bottom"": {\n        ""style"": ""High-leg cut (80s/90s style)"",\n        ""cut"": ""High-waisted silhouette"",\n        ""ties"": ""None"",\n        ""coverage"":"""
82,Product Marketing - Extreme Close-Up Portrait in Glossy Bikini,en,False,True,,,,,https://youmind.com/en-US/nano-banana-pro-prompts?id=6280,0,"{\n  ""portrait_metadata"": {\n    ""composition"": ""Extreme Tight Crop Close-up Portrait (Torso and Upper Chest Focus). Extreme Low Angle (Worm's Eye View). Dramatic wide-angle lens distortion emphasizing cleavage and shoulders. Frame filled by glossy black bikini and highly textured skin."",\n    ""lighting"": ""Harsh, High-Contrast Midday Sunlight. Strong rim lighting/backlighting grazing the contours of the shoulders and hair. Deep, hard-edged self-shadows in the cleavage area, emphasizing form and texture. Intense, specular highlights reflecting off the glossy vinyl bikini material."",\n    ""camera_settings"": ""Simulated Wide-Angle Prime Lens (20-24mm equivalent). Aperture f/2.8. ISO 100. Shutter speed 1/1000s. Autofocus locked on skin texture of the clavicle area. High-resolution sensor (16K fidelity).""\n  },\n  ""subject"": {\n    ""demographics"": ""Early Twenties, Female, Tanned Skin Tone, Model Physique"",\n    ""expression"": ""Sensual and intense implied mood. Head slightly tilted back towards the sky. Lips slightly parted, obscured partially by dynamic hair (Minimal Facial Visibility)."",\n    ""skin_micro_details"": ""Warm, golden-brown tanned skin. Extreme textural fidelity focused on the chest and shoulders. Clearly visible pores (ostia) and subtle skin unevenness. Fine vellus hair (peach fuzz) across the shoulders and neck, intensely illuminated by the grazing hard backlight. Skin has a dewy, slightly moist texture, exhibiting subtle light refraction on the surface."",\n    ""eyes_micro_details"": {\n      ""iris"": ""Cropped out"",\n      ""sclera_and_lashes"": ""Cropped out"",\n      ""reflections"": ""Cropped out""\n    }\n  },\n  ""environment_and_style"": ""Outdoors, Luxurious Summer Vibe. Background is an intensely saturated, cloudless {argument name=""sky color"" default=""Cyan-Blue""} sky (extreme low angle perspective). High contrast color grading with rich golden skin tones and deep shadows. Influencer Editorial Aesthetic."",\n  ""image_quality_tokens"": ""16k UHD, hyper-photorealism, raw photo, masterwork, extreme textural sharpness, cinematic composition, microscopic detail, ultra-detailed skin, hard light photography""\n}"
83,Product Marketing - Sydney Sweeney Red Carpet Flash Portrait Prompt,en,False,True,,,,,https://youmind.com/en-US/nano-banana-pro-prompts?id=6254,0,"{\n  ""image_prompt"": {\n    ""subject"": {\n      ""name"": ""{argument name=""subject name"" default=""Sydney Sweeney""}"",\n      ""description"": ""young woman with shoulder-length layered blonde hair, soft waves, blue eyes, soft natural makeup with nude pink lipstick, glowing skin complexion"",\n      ""pose"": ""looking directly at camera, slight smile, confident red carpet stance, head and shoulders portrait""\n    },\n    ""outfit"": {\n      ""item"": ""corset bodice dress"",\n      ""details"": ""black beaded geometric web pattern over nude sheer illusion fabric, sweetheart neckline, intricate black sequin embroidery, sleeveless, structured fit"",\n      ""style"": ""glamorous, high fashion, couture""\n    },\n    ""environment"": {\n      ""setting"": ""movie premiere red carpet event"",\n      ""background"": ""dark blurred media wall with unrecognizable white and red logos, professional event backdrop"",\n      ""atmosphere"": ""exclusive, cinematic, celebrity sighting""\n    },\n    ""technical_specs"": {\n      ""lighting"": ""soft professional flash photography, rim lighting on hair, even facial illumination, no harsh shadows"",\n      ""camera"": ""85mm lens, f/1.8 aperture, sharp focus on eyes, bokeh background"",\n      ""quality"": ""8k resolution, ultra-realistic, highly detailed texture, raw photo, photorealism, masterpiece"",\n      ""aspect_ratio"": ""9:16""\n    }\n  },\n  ""negative_prompt"": ""cartoon, illustration, painting, drawing, bad anatomy, blurry, low quality, distorted eyes, text, watermark, logo, oversaturated, messy hair, wrong face"",\n  ""parameters"": {\n    ""size"": ""highest_resolution"",\n    ""orientation"": ""vertical"",\n    ""style_preset"": ""photographic""\n  }\n}"
84,Product Marketing - Flash Photography Portrait of Taylor Swift in Latex Dress,en,False,True,,,,,https://youmind.com/en-US/nano-banana-pro-prompts?id=6307,0,"{\n  ""generation_parameters"": {\n    ""topic"": ""Portrait Photography"",\n    ""aspect_ratio"": ""3:4"",\n    ""style_preset"": ""Flash Photography""\n  },\n  ""subject_details"": {\n    ""identity"": {\n      ""name"": ""{argument name=""subject name"" default=""Taylor Swift""},\n      ""type"": ""Woman""\n    },\n    ""appearance"": {\n      ""hair"": {\n        ""color"": ""Dark"",\n        ""length"": ""Long"",\n        ""texture"": ""Ponytail""\n      },\n      ""face"": {\n        ""expression"": ""Soft""\n      },\n      ""body"": {\n        ""build_notes"": ""Large breasts""\n      }\n    },\n    ""pose_and_action"": {\n      ""orientation"": ""Looking over shoulder"",\n      ""framing"": ""Full-body"",\n      ""stance"": ""Sitting with crossed legs""\n    }\n  },\n  ""fashion_and_attire"": {\n    ""clothing"": {\n      ""item"": ""Bodycon latex mini-dress with black fishnets"",\n      ""color"": ""{argument name=""dress color"" default=""Yellow""}"",\n      ""fit"": ""Tight"",\n      ""design_elements"": [\n        ""Backless""\n      ]\n    },\n    ""accessories"": {\n      ""jewelry"": {\n        ""item"": ""Back-drop necklace"",\n        ""material"": ""Gold"",\n        ""style"": ""Delicate""\n      },\n      ""carry_items"": {\n        ""item"": ""Shoulder bag Gucci"",\n        ""material"": ""Leather"",\n        ""color"": ""Turquoise"",\n        ""size"": ""Small""\n      }\n    }\n  },\n  ""scene_composition"": {\n    ""environment"": {\n      ""location_type"": ""Urban/Studio"",\n      ""background_elements"": {\n        ""object"": ""Wall"",\n        ""material"": ""Concrete Graffiti Taylor Swift written on blocks"",\n        ""color"": ""Red""\n      }\n    },\n    ""lighting_setup"": {\n      ""technique"": ""Flash photography"",\n      ""qualities"": [\n        ""High-quality"",\n        ""Direct""\n      ],\n      ""effects"": {\n        ""skin_interaction"": ""Soft glow"",\n        ""shadows"": ""Slight shadow cast against background""\n      }\n    }\n  }\n}"
85,Product Marketing - Luxury Golden Hour Bikini Shoot by Infinity Pool,en,False,True,,,,,https://youmind.com/en-US/nano-banana-pro-prompts?id=6297,0,"{\n  ""meta"": {\n    ""aspect_ratio"": ""4:5"",\n    ""quality"": ""ultra_photorealistic"",\n    ""resolution"": ""8k"",\n    ""camera"": ""DSLR camera"",\n    ""lens"": ""Wide-angle lens"",\n    ""style"": ""Luxury lifestyle photography at golden hour"",\n    ""composition"": ""Medium shot of a woman standing by an infinity pool, looking away towards the ocean.""\n  },\n  ""scene"": {\n    ""location"": ""Terrace of a luxury villa overlooking the ocean"",\n    ""environment"": [\n      ""Infinity pool with reflections of the sunset"",\n      ""Glass railing along the terrace edge"",\n      ""Palm trees and Mediterranean-style architecture of the villa and surrounding houses"",\n      ""Vast ocean and coastline under a clear sky""\n    ],\n    ""time"": ""Golden hour (sunset)"",\n    ""atmosphere"": ""Luxurious, warm, serene, sun-drenched""\n  },\n  ""lighting"": {\n    ""type"": ""Natural sunlight"",\n    ""source"": ""Setting sun positioned low on the horizon"",\n    ""effect"": ""Warm, golden light creating long shadows, highlighting the subject's wet skin and hair, casting a warm glow on the water and architecture.""\n  },\n  ""subject"": {\n    ""identity"": ""A woman with wet, platinum blonde hair, looking off to the side."",\n    ""body"": {\n      ""pose"": ""Standing by the glass railing, one hand resting on it, looking out at the view."",\n      ""physique"": ""Slender, toned build with tanned skin""\n    },\n    ""outfit"": {\n      ""clothing"": ""{argument name=""bikini color"" default=""Red""} string bikini with gold ring details on the top and bottom."",\n      ""accessories"": ""Multiple gold bangles and a watch on her left wrist.""\n    }\n  },\n  ""realism_focus"": {\n    ""textures"": ""Wet strands of hair, water droplets on tanned skin, fabric of the bikini, reflective water surface, glass railing, stone terrace tiles"",\n    ""imperfections"": ""Realistic skin texture, water ripples, slight lens flare \n  }\n}"
86,Product Marketing - Color-Blocked Fashion Portrait with Graphic Accents,en,False,False,,,,,https://youmind.com/en-US/nano-banana-pro-prompts?id=6352,0,"A full-body fashion portrait of a young man standing confidently on an open rooftop parking lot under a clear blue daytime sky, with distant city buildings softly blurred in the background. He is positioned slightly angled toward the camera, weight shifted onto one leg, with both hands casually placed inside the pockets of his black pants, creating a relaxed yet stylishposture. His expression is calm and self-assured, with a subtle, composed gaze directed toward the camera.\n\nHe has a youthful face with smooth medium skin tone, a neatly groomed thin mustache, straight nose, defined jawline, and expressive eyes that convey quiet confidence. His hair is dark, thick, and neatly styled with volume, combed back and slightly to the side, giving a clean, polished look. He is wearing a bold, color-blocked zip-up jacket featuring vibrant red, blue, green, yellow, and black panels arranged in a geometric pattern, with a black ribbed collar and zipper running down the center. The jacket fits comfortably and stands out strongly against the neutral rooftop setting. He pairs it with loose-fitting black pants and colorful athletic sneakers that echo the playful color palette of the jacket. Around his body, subtle stylized graphic accents appear—small curved strokes and confetti-like shapes in matching bright colors—adding a modern, creative, illustrated effect without overpowering the realism of the photo. The lighting is natural and even, coming from daylight above, casting soft shadows and maintaining clear detail across his face and outfit. The overall mood is modern, youthful, energetic, and fashion-forward, blending realistic photography with light artistic flair. The camera is positioned at eye level, capturing a balanced, editorial-style composition with shallow depth of field that keeps the subject crisp while softly blurring the background. Use this uploaded photo as the only and exact face reference. The generated image must use this same face exactly as shown, without any changes to identity, facial structure, or expression."
87,Product Marketing - Gourmet Chocolate Collection 2x2 Grid,en,False,True,,,,,https://youmind.com/en-US/nano-banana-pro-prompts?id=6284,0,"{\n  ""image_metadata"": {\n    ""title"": ""Gourmet Chocolate Collection"",\n    ""layout"": ""Four-panel grid (2x2 collage)"",\n    ""theme"": ""Culinary arts and confectionery"",\n    ""image_type"": ""High-resolution professional food photography""\n  },\n  ""panels"": [\n    {\n      ""position"": ""top_left"",\n      ""subject"": ""Artisan Dark Chocolate Bars"",\n      ""details"": {\n        ""base"": ""Two thick slabs of dark chocolate"",\n        ""toppings"": [""Whole almonds"", ""Walnut halves"", ""Dried cranberries"", ""Cashews""],\n        ""surface"": ""Rustic weathered wood tabletop"",\n        ""composition"": ""Close-up angled shot highlighting texture""\n      }\n    },\n    {\n      ""position"": ""top_right"",\n      ""subject"": ""Assorted Chocolate Truffles Box"",\n      ""details"": {\n        ""packaging"": ""Elegant dark brown gift box with a cream base"",\n        ""varieties"": [\n          ""Milk chocolate swirls"", \n          ""White chocolate striped truffles"", \n          ""Cocoa-dusted dark chocolate balls"", \n          ""Gold-leaf accented squares"", \n          ""Hazelnut-topped pralines""\n        ],\n        ""quantity"": ""12 visible handcrafted pieces in individual paper liners""\n      }\n    },\n    {\n      ""position"": ""bottom_left"",\n      ""subject"": ""Chocolate Fondue Fountain"",\n      ""details"": {\n        ""fountain"": ""Tiered stainless steel fountain with flowing melted milk chocolate"",\n        ""dipping_items"": [""{argument name=""dipping item 1"" default=""Fresh red strawberries""}"", ""{argument name=""dipping item 2"" default=""White and pink fluffy marshmallows""}""],\n        ""background"": ""Soft bokeh (blurred) background showing more treats"",\n        ""vibe"": ""Dessert party or luxury buffet setting""\n      }\n    },\n    {\n      ""position"": ""bottom_right"",\n      ""subject"": ""Chocolate Making Process"",\n      ""details"": {\n        ""person"": ""Chef in a white professional culinary uniform"",\n        ""action"": ""Pouring tempered liquid chocolate from a metal pitcher into clear polycarbonate molds"",\n        ""equipment"": [""Chocolate molds"", ""Mixing bowls"", ""Professional kitchen counter""],\n        ""focus"": ""Precision and craftsmanship in chocolate tempering""\n      }\n    }\n  ],\n  ""aesthetic_summary"": {\n    ""lighting"": ""Soft, diffused studio lighting to enhance food textures"",\n    ""color_scheme"": ""Rich browns, deep reds, creamy whites, and warm wood tones"",\n    ""overall_mood"": ""Indulgent, sophisticated, and appetizing""\n  }\n}"
88,Product Marketing - Grunge Street Photography Portrait with a Sports Car,en,False,True,,,,,https://youmind.com/en-US/nano-banana-pro-prompts?id=6294,0,"{\n  ""prompt_name"": ""grunge_man_with_car_street_pose"",\n  ""scene_type"": ""urban_grunge_photography"",\n  ""camera_style"": {\n    ""camera"": ""DSLR street photography camera"",\n    ""lens"": ""35mm prime lens"",\n    ""aperture"": ""f/2.8"",\n    ""depth_of_field"": ""shallow"",\n    ""focus"": ""sharp focus on man, slightly blurred background"",\n    ""angle"": ""low angle cinematic shot"",\n    ""framing"": ""mid-body portrait with car visible""\n  },\n\n  ""lighting"": {\n    ""light_type"": ""natural moody daylight"",\n    ""time_of_day"": ""late afternoon"",\n    ""weather"": ""cloudy with soft sunlight"",\n    ""shadows"": ""soft shadows with gritty contrast"",\n    ""reflection"": ""subtle reflections on car surface""\n  },\n\n  ""environment"": {\n    ""location"": ""urban street with graffiti walls"",\n    ""road"": ""slightly wet asphalt road"",\n    ""background"": ""abandoned warehouse, street posters, neon signs"",\n    ""atmosphere"": ""dust particles in air, cinematic haze"",\n    ""color_tone"": ""dark teal, muted orange, grunge texture overlay""\n  },\n\n  ""car"": {\n    ""type"": ""modified sports car"",\n    ""model"": ""{argument name=""car model"" default=""Nissan GTR R35""}"",\n    ""color"": ""matte black"",\n    ""condition"": ""slightly dusty with road wear"",\n    ""position"": ""parked diagonally on street"",\n    ""details"": ""wide body kit, black alloy wheels, LED headlights glowing""\n  },\n\n  ""male_character"": {\n    ""gender"": ""male"",\n    ""age"": ""25-32 years old"",\n    ""ethnicity"": ""South Asian"",\n    ""body_type"": ""athletic build"",\n    ""height"": ""tall"",\n    ""skin_tone"": ""medium brown"",\n    ""face"": {\n      ""jawline"": ""sharp"",\n      ""beard"": ""short trimmed beard"",\n      ""expression"": ""confident, intense stare"",\n      ""eyes"": ""dark brown, serious look""\n    },\n    ""hair"": {\n      ""style"": ""messy textured haircut"",\n      ""length"": ""medium"",\n      ""color"": ""dark black""\n    }\n  },\n\n  ""outfit"": {\n    ""top"": ""black oversized hoodie with subtle street logo"",\n    ""bottom"": ""distressed ripped jeans"",\n    ""shoes"": ""black combat boots"",\n    ""accessories"": [\n      ""silver chain necklace"",\n      ""black leather bracelet"",\n      ""aviator sunglasses in hand""\n    ]\n  },\n\n  ""pose"": {\n    ""position"": ""leaning against car door"",\n    ""posture"": ""one leg crossed, relaxed street stance"",\n    ""hands"": ""one hand in pocket, one resting on car hood"",\n    ""head"": ""slightly tilted down looking into camera""\n  },\n\n  ""mood"": {\n    ""emotion"": ""calm dominance"",\n    ""vibe"": ""grunge street boss"",\n    ""energy"": ""raw, powerful, fearless""\n  },\n\n  ""photo_style"": {\n    ""genre"": ""street portrait"",\n    ""texture"": ""film grain, dust, scratches"",\n    ""color_grading"": ""cinematic teal and orange"",\n    ""sharpness"": ""high detail skin texture"",\n    ""contrast"": ""high contrast gritty look""\n  },\n\n  ""quality"": {\n    ""resolution"": ""8K"",\n    ""details"": ""ultra detailed skin, fabric texture, car reflections"",\n    ""realism"": ""hyper realistic photography"",\n    ""render_style"": ""raw unfiltered camera look""\n  },\n\n  ""negative_prompt"": [\n    ""cartoon"",\n    ""anime"",\n    ""illustration"",\n    ""painting"",\n    ""overly smooth skin"",\n    ""pla"
89,E-commerce Main Image - Luxury Watch Editorial Layout Prompt,en,False,True,,,,,https://youmind.com/en-US/nano-banana-pro-prompts?id=6266,0,"A glamorous editorial for a luxury watch brand, 1:1.\n\nLAYOUT: Irregular grid (1+2) - large hero left, two supporting images stacked right\nDIRECTION: None (editorial arrangement)\nBACKGROUND: Warm cream base (#FAF6F0), studio shots with soft beige gradient\nPRODUCT: 3D render - hero full product, supporting close-ups and angles\nDYNAMIC: None (static elegance)\nTONE: Color contrast - chrome silver watch blends with earth-toned background, warm luxury throughout\nSTYLE: Minimal + Soft hybrid, collection presentation\n\nGRID COMPOSITION:\n\nHERO CELL (left 60%):\nFull shot of luxury watch on a neutral wrist, standing with slight turn, elegant pose, hands relaxed, soft expression, minimal jewelry\nBackground: Soft beige gradient, clean studio\n\nSUPPORTING CELL 1 (top right, 20%):\nDetail shot - watch on wrist, bias cut visible, hand touching watch\nBackground: Cream solid\n\nSUPPORTING CELL 2 (bottom right, 20%):\nBack view - watch detail, strap construction, elegant neckline\nBackground: Matching cream\n\nPRODUCT INFO OVERLAY:\n- Color swatches: 4 circles ({argument name=""color 1"" default=""Silver""}, {argument name=""color 2"" default=""Champagne""}, {argument name=""color 3"" default=""Blush""}, {argument name=""color 4"" default=""Gold""}) with names\n\nTYPOGRAPHY:\n""TIMELESS LUXURY"" headline in elegant serif\n""Elegance Redefined"" tagline\nBrand logo top left\n\nCAMERA: Hasselblad X2D, 85mm for full body, 100mm macro for details, consistent soft studio lighting\n\nStyle keywords: collection showcase, irregular grid, chrome watch, minimal luxury, product presentation. A stylish handwritten signature Willy is elegantly and small letters placed at the Bottom Right corner."
90,E-commerce Main Image - Organic Beauty Product Photography Template,en,False,False,,,,,https://youmind.com/en-US/nano-banana-pro-prompts?id=6300,0,"\[BEAUTY PRODUCT\] surrounded by \[raw ingredient: flowers, fruits, herbs, minerals\], natural origin story, fresh and organic aesthetic, ingredient transparency, bright clean lighting, botanical beauty."
91,E-commerce Main Image - Minimalist Chocolate Packaging Grid for New Flavors,en,False,True,,,,,https://youmind.com/en-US/nano-banana-pro-prompts?id=6310,0,"{\n  ""scene_overview"": {\n    ""setting"": ""Studio product photography setup"",\n    ""background"": ""Clean, off-white neutral surface and wall"",\n    ""time_of_day"": ""Not specified (controlled indoor lighting)"",\n    ""atmosphere"": ""Minimalist, modern, premium, calm"",\n    ""mood"": ""Artisanal, refined, contemporary""\n  },\n  ""composition"": {\n    ""layout"": ""Grid layout with four products"",\n    ""arrangement"": ""Two rows and two columns"",\n    ""alignment"": ""Each chocolate bar centered within its quadrant"",\n    ""spacing"": ""Even spacing with clear separation between products"",\n    ""perspective"": ""Straight-on, eye-level product view""\n  },\n  ""products"": {\n    ""brand_name"": ""AGI BAR"",\n    ""product_type"": ""Chocolate bars"",\n    ""cacao_percentage"": ""80% CACAO"",\n    ""quantity"": 4,\n    ""packaging_style"": ""Flat, rectangular paper wrappers"",\n    ""design_theme"": ""Minimalist typography with vintage-style ingredient illustrations""\n  },\n  ""individual_variants"": [\n    {\n      ""position"": ""Top left"",\n      ""flavor_name"": ""{argument name=""flavor 1"" default=""Salted Caramel""}"",\n      ""wrapper_color"": ""Warm mustard yellow"",\n      ""text_color"": ""Dark brown"",\n      ""illustration"": ""Small cube of caramel with dripping glaze and salt crystals"",\n      ""visual_tone"": ""Warm, indulgent""\n    },\n    {\n      ""position"": ""Top right"",\n      ""flavor_name"": ""{argument name=""flavor 2"" default=""Fire Jalapeño""}"",\n      ""wrapper_color"": ""Muted red"",\n      ""text_color"": ""Dark brown"",\n      ""illustration"": ""Jalapeño pepper with flame on top"",\n      ""visual_tone"": ""Bold, spicy, intense""\n    },\n    {\n      ""position"": ""Bottom left"",\n      ""flavor_name"": ""{argument name=""flavor 3"" default=""Himalayan Sea Salt""}"",\n      ""wrapper_color"": ""Soft pastel blue"",\n      ""text_color"": ""Dark navy/charcoal"",\n      ""illustration"": ""Cacao pod with scattered salt crystals"",\n      ""visual_tone"": ""Cool, clean, refined""\n    },\n    {\n      ""position"": ""Bottom right"",\n      ""flavor_name"": ""Madagascar Vanilla"",\n      ""wrapper_color"": ""Light cream / beige"",\n      ""text_color"": ""Dark brown"",\n      ""illustration"": ""Vanilla flower with vanilla pods"",\n      ""visual_tone"": ""Elegant, smooth, classic""\n    }\n  ],\n  ""typography"": {\n    ""primary_text"": ""AGI BAR"",\n    ""secondary_text"": ""80% CACAO"",\n    ""flavor_text"": ""Flavor name printed near bottom"",\n    ""font_style"": ""Bold, uppercase, sans-serif with slightly rough texture"",\n    ""hierarchy"": ""Brand name largest, cacao percentage medium, flavor smallest""\n  },\n  ""lighting"": {\n    ""light_type"": ""Soft, diffused studio lighting"",\n    ""shadow_style"": ""Subtle shadows beneath and around packaging"",\n    ""highlights"": ""Even illumination with no harsh reflections"",\n    ""contrast"": ""Low to medium, natural""\n  },\n  ""color_palette"": {\n    ""dominant_colors"": [\n      ""Mustard yellow"",\n      ""Muted red"",\n      ""Pastel blue"",\n      ""Cream beige""\n    ],\n    ""accent_colors"": [\n      ""Dark brown"",\n      ""Charcoal"",\n      ""Navy""\n    ],\n    ""overall_palette"": ""Muted, earthy, premium""\n  },\n  ""style"": {\n    ""visual_style"": ""Clean,"
92,E-commerce Main Image - Luxury Product Photography for Artisanal Vanilla Coffee,en,False,False,,,,,https://youmind.com/en-US/nano-banana-pro-prompts?id=6329,0,"Luxury product photography of artisanal vanilla ground coffee packaged in a soft sculpted ivory pouch with gentle wave contours, minimal branding embossed into fabric. The pouch rests on a rustic oak tabletop dusted with coffee grounds, accompanied by a hand-carved wooden scoop spilling aromatic powder.\nNatural Madagascar vanilla pods curve organically around the base, blending into drifting coffee granules that form a subtle flowing aroma path instead of a spiral.\nOn the pouch front, a modern sensory chart: thin matte gold lines showing flavor balance — low acidity, rich sweetness, full-bodied depth.\nWarm morning sunlight enters from the left at a low angle, creating soft shadows and tactile fabric highlights. Background fades into a cozy café interior with creamy bokeh lights, evoking calm morning rituals.\nUltra-sharp macro texture on vanilla pods and coffee grains, cinematic depth of field, premium lifestyle aesthetic, inviting, warm, handcrafted, high-end brand feel."
93,E-commerce Main Image - Ultra-Cinematic Product Photography of 'NOIR BREW' Coffee Bottle,en,False,True,,,,,https://youmind.com/en-US/nano-banana-pro-prompts?id=6325,0,"Ultra-cinematic premium coffee bottle labeled “{argument name=""product name"" default=""NOIR BREW""}”, matte black glass with gold typography, floating upright amid swirling espresso waves and roasted coffee beans. Steam and mist curling around the bottle, dramatic low-key lighting with warm highlights and deep shadows, rich brown color grading, macro condensation details, cinematic depth of field, photorealistic, 8K, luxury branding aesthetic."
94,E-commerce Main Image - Ultra-Cinematic Floating Energy Drink Product Shot,en,False,True,,,,,https://youmind.com/en-US/nano-banana-pro-prompts?id=6261,0,"Ultra-cinematic product photography of a {argument name=""drink color"" default=""purple""} energy drink can labeled “{argument name=""drink name"" default=""INFINITY ENERGY DRINK – NIGHT KING""}” in bold white typography, floating mid-air at a dynamic three-quarter angle, wrapped with sleek black over-ear headphones; explosive liquid arcs and splashes frozen in time around the can, crystal-clear ice cubes and glossy berries (raspberries, blueberries, strawberries) suspended in motion, tiny droplets and mist filling the scene; dramatic high-contrast studio lighting with a powerful top key light, sharp rim lights tracing the can edges, and deep shadows for a dark, premium mood; monochromatic purple color palette with luminous highlights and metallic reflections, subtle neon glow accents; shallow depth of field isolating the can as the hero subject, hyper-detailed condensation on the aluminum surface, macro texture on fruit and water; volumetric light rays, floating particles, high-speed splash photography aesthetic, photorealistic, ultra-detailed, 8K, luxury advertising style, sharp focus, no watermark."
95,E-commerce Main Image - Hyper-Realistic Commercial Product Photography (Splash Effect),en,False,True,,,,,https://youmind.com/en-US/nano-banana-pro-prompts?id=6165,0,"{\n  ""master_prompt"": {\n    ""global_settings"": {\n      ""resolution"": ""8K ultra-high-definition"",\n      ""aspect_ratio"": ""3:4 vertical"",\n      ""style"": ""hyper-realistic AI-edited commercial product photography"",\n      ""sharpness"": ""extreme clarity, micro-detail visibility"",\n      ""lighting_quality"": ""cinematic studio lighting with controlled highlights and shadows"",\n      ""motion_freeze"": ""high-speed capture, frozen splashes and particles"",\n      ""noise"": ""none"",\n      ""artifacts"": ""none""\n    },\n\n    ""module_1_image_1_style"": {\n      ""subject"": {\n        ""type"": ""beverage can"",\n        ""material"": ""matte black metal"",\n        ""surface_details"": ""fine condensation droplets evenly distributed"",\n        ""branding_text_visible"": [\n          ""{argument name=""can brand 1"" default=""SNICKERS""}"",\n          ""STOUTT"",\n          ""BERRY WHIPT"",\n          ""BREW IN WITT ISLAUTT""\n        ]\n      },\n      ""pose_and_orientation"": {\n        ""position"": ""upright, centered"",\n        ""angle"": ""slight forward-facing perspective"",\n        ""scale"": ""dominant foreground subject""\n      },\n      ""liquid_and_motion"": {\n        ""liquid_color"": ""glossy pink"",\n        ""liquid_texture"": ""thick, creamy, whipped consistency"",\n        ""motion"": ""explosive upward splash wrapping around the can"",\n        ""splash_shape"": ""curved arcs with sharp liquid peaks and droplets""\n      },\n      ""floating_elements"": {\n        ""berries"": [\n          ""raspberries"",\n          ""blackberries"",\n          ""blueberries""\n        ],\n        ""chocolate_pieces"": ""rectangular chocolate chunks with sharp edges"",\n        ""nuts"": ""round and halved nuts scattered near base and mid-air"",\n        ""distribution"": ""suspended at various depths around the can""\n      },\n      ""background"": {\n        ""color_gradient"": ""purple to blue"",\n        ""light_effects"": ""soft radial glow behind can"",\n        ""particles"": ""small pink droplets and specks floating""\n      },\n      ""surface_and_reflection"": {\n        ""base"": ""glossy reflective surface"",\n        ""reflection_quality"": ""clear mirrored reflection with slight ripple distortion""\n      }\n    },\n\n    ""module_2_image_2_style"": {\n      ""subject"": {\n        ""type"": ""plastic protein drink bottle"",\n        ""color"": ""deep matte blue"",\n        ""surface_details"": ""condensation droplets across entire bottle"",\n        ""label_text_visible"": [\n          ""milk & yogurt"",\n          ""mock up"",\n          ""protein"",\n          ""SEPARATED SHADOWS""\n        ]\n      },\n      ""pose_and_orientation"": {\n        ""position"": ""slightly tilted to the right"",\n        ""angle"": ""three-quarter view"",\n        ""motion_feel"": ""dynamic, leaning into splash""\n      },\n      ""liquid_and_motion"": {\n        ""liquid_color"": ""white and light beige milk mixture"",\n        ""texture"": ""smooth, creamy, fluid"",\n        ""motion"": ""swirling splash rising around bottle base and sides""\n      },\n      ""floating_elements"": {\n        ""blueberries"": ""whole and halved blueberries at different dept""\n      }\n    }\n  }\n}"
96,E-commerce Main Image - Exploded View Product Photography Prompt,en,False,True,,,,,https://youmind.com/en-US/nano-banana-pro-prompts?id=6146,0,"[{argument name=""product name"" default=""product""}], high-end product advertising, white seamless background, exploded view with inner mechanics revealed, outer shell hovering above core, micro screws and components suspended, perfect alignment guides implied, crisp soft shadow, ultra realistic, macro product photography, 100mm lens look, f/8, 8k, 1:1"
97,E-commerce Main Image - Artisan Chocolate Product Visuals (Multi-Image Prompt),en,False,True,,,,,https://youmind.com/en-US/nano-banana-pro-prompts?id=6179,0,"""style"": ""ultra-realistic food photography, luxury editorial, macro-detail, natural textures"",\n  ""images"": [\n    {\n      ""id"": ""image_1"",\n      ""subject"": ""assorted praline tower"",\n      ""composition"": ""staggered vertical tower, center frame, loose organic stacking"",\n      ""details"": {\n        ""fillings"": [\n          ""hazelnut chunks irregularly clumped at base"",\n          ""raspberry gel naturally puddled"",\n          ""salted caramel with realistic flow lines"",\n          ""coffee ganache with smooth wave texture"",\n          ""passionfruit filling with visible pulp specks""\n        ],\n        ""accent"": ""one unique metallic gold nut per filling type placed at layer transitions"",\n        ""stand"": ""brushed gold stand with subtle reflections""\n      },\n      ""lighting"": {\n        ""type"": ""dramatic side lighting"",\n        ""angle"": ""35 degrees left"",\n        ""effects"": ""authentic filling refractions, layered shadow play""\n      },\n      ""background"": ""{argument name=""background color"" default=""teal-to-navy""} gradient with suspended gold motes"",\n      ""mood"": ""luxurious, indulgent, artisanal depth""\n    },\n    {\n      ""id"": ""image_2"",\n      ""subject"": ""ruby chocolate tablet"",\n      ""composition"": ""floating hexagonal segments above black textured paper liner"",\n      ""details"": {\n        ""surface"": ""hand-tempered imperfections, translucent ruby pink"",\n        ""inclusions"": ""embedded fruit flecks visible through chocolate"",\n        ""motion"": ""ruby cacao nibs falling in gravity-realistic arc from one segment""\n      },\n      ""lighting"": {\n        ""key"": ""top-down at 12 o'clock"",\n        ""rim"": ""soft pink rim light at 3 o'clock"",\n        ""effects"": ""authentic shadows, enhanced translucency""\n      },\n      ""background"": ""black-to-warm pink radial gradient with subtle sparkle specks"",\n      ""mood"": ""modern, vibrant, floating tension""\n    },\n    {\n      ""id"": ""image_3"",\n      ""subject"": ""white chocolate bonbons"",\n      ""composition"": ""organic cluster on clear glass stand"",\n      ""details"": {\n        ""marbling"": [\n          ""central bonbon with irregular orange passionfruit veins"",\n          ""surrounding bonbons with pink raspberry swirls"",\n          ""green matcha flecks with varied density""\n        ],\n        ""cutaway"": ""one bonbon sliced vertically showing gel core with real fruit speckles"",\n        ""props"": ""dried fruit flecks scattered below (orange zest curls, raspberry seeds)""\n      },\n      ""lighting"": {\n        ""key"": ""soft high-key front light at 10 degrees"",\n        ""rim"": ""rear rim light at 35 degrees"",\n        ""effects"": ""enhanced marbling contrast and glass refractions""\n      },\n      ""background"": ""soft taupe with fruit-toned bokeh"",\n      ""mood"": ""elegant, fresh, handcrafted""\n    },\n    {\n      ""id"": ""image_5"",\n      ""subject"": ""dark chocolate pistachio bar"",\n      ""composition"": ""vertical bar centered on polished black granite slab"",\n      ""details"": {\n        ""cross_section"": ""precision side cut revealing layered pista"
98,E-commerce Main Image - Master Prompt for Premium Minimalist Product Photography,en,False,True,,,,,https://youmind.com/en-US/nano-banana-pro-prompts?id=6002,0,"Premium minimalist product photography. A {argument name=""brand name"" default=""BRAND""} {argument name=""product name"" default=""PRODUCT""} featuring {argument name=""packaging details"" default=""PACKAGING/LOGO DETAILS""} placed at the center of the frame. The product rests on {argument name=""surface type"" default=""SURFACE""} surrounded by {argument name=""relevant props"" default=""RELEVANT PROPS""}. Clean matte {argument name=""background color"" default=""COLOR""} background with subtle gradient. Soft diffused lighting with gentle rim light creates a luminous glow highlighting {argument name=""key features"" default=""KEY FEATURES""}. Sharp focus, high clarity, realistic textures, luxury advertising style, modern branding, ultra-realistic, 8K detail, high dynamic range. \n\nNegative Prompt: hands, people, faces, clutter, harsh reflections, label distortion, unreadable text, warped product, hard shadows, grain, noise, low resolution, CGI look, cartoon style, messy spills, uneven lighting, watermark"
99,E-commerce Main Image - Commercial Fashion Photograph with Strict Garment Preservation (Variant),en,False,False,,,,,https://youmind.com/en-US/nano-banana-pro-prompts?id=5988,0,"{\n  ""task_configuration"": {\n    ""type"": ""GENERATE"",\n    ""sub_type"": ""commercial_lifestyle_photograph"",\n    ""reference_logic"": ""STRICT_GARMENT_PRESERVATION_FROM_INPUT"",\n    ""aesthetic"": ""high_end_fashion_campaign"",\n    ""output_quality"": ""high_resolution_photorealistic""\n  },\n  ""subject_definition"": {\n    ""identity"": {\n      ""demographic"": ""white American female model"",\n      ""physique"": ""fit"",\n      ""appearance"": ""beautiful, naturally styled""\n    },\n    ""skin_and_features"": {\n      ""realism_rule"": ""macro_level_human_realism; NO artificial smoothing or filtering"",\n      ""texture_details"": [\n        ""visible natural pores"",\n        ""light blemishes and imperfections"",\n        ""soft expression lines around eyes/mouth"",\n        ""light freckles across nose/cheeks"",\n        ""natural skin highlights and subsurface scattering""\n      ],\n      ""makeup"": ""minimal, natural or bare skin look""\n    },\n    ""attire_constraints"": {\n      ""source"": ""garment_from_input_reference_image"",\n      ""preservation_rules"": [\n        ""exact color dye and pattern"",\n        ""exact fabric weave and texture"",\n        ""exact thread stitching details"",\n        ""exact fit, drape, and silhouette on the body""\n      ],\n      ""modification_permission"": ""NONE""\n    },\n    ""pose"": {\n      ""framing"": ""full_body_standing"",\n      ""style"": ""natural, relaxed, confident"",\n      ""orientation"": ""facing camera to showcase garment front""\n    }\n  },\n  ""environment_definition"": {\n    ""location_type"": ""outdoor_urban_sidewalk"",\n    ""specific_context"": ""outside a stylish cafe or artisan building facade"",\n    ""contextual_logic"": ""architecture and decor must visually complement the style of the reference clothing"",\n    ""atmosphere"": ""elevated, authentic city life, cinematic quality"",\n    ""background_elements"": [\n      ""textured building materials (brick, stone, wood)"",\n      ""cafe seating or planter boxes"",\n      ""pavement textures""\n    ]\n  },\n  ""composition_and_layout"": {\n    ""camera_principles"": [\n      ""commercial fashion standards"",\n      ""golden ratio alignment of subject"",\n      ""product-centered focus"",\n      ""grid alignment""\n    ],\n    ""framing_scale"": ""wide full shot (head to toe)"",\n    ""spatial_margins"": {\n      ""top_margin"": ""generous clear space above head for potential typography/cropping"",\n      ""side_margins"": ""balanced clear space"",\n      ""bottom_margin"": ""clear space below feet""\n    }\n  },\n  ""lighting_and_optics"": {\n    ""source"": ""natural daylight"",\n    ""quality"": ""soft, diffused sunlight or open shade"",\n    ""color_temperature"": ""warm undertones"",\n    ""shadows"": ""clean, natural falloff defining form without harshness""\n  },\n  ""constraints_and_prohibitions"": {\n    ""must_not_render"": [\n      ""airbrushed skin"",\n      ""plastic textures"",\n      ""studio backdrop"",\n      ""altered clothing design"",\n      ""overly posed look""\n    ]\n  }\n}"
100,E-commerce Main Image - Winter Cabin Scene with Frosted Window and Coca-Cola Can,en,False,True,,,,,https://youmind.com/en-US/nano-banana-pro-prompts?id=5966,0,"Ultra-realistic winter cabin scene viewed from indoors through a frosted window. A cold {argument name=""product"" default=""Coca-Cola can""} placed on the wooden window sill, condensation and frost crystals visible on the glass. Outside, heavy snowfall, snow-covered pine trees, and a cozy wooden log cabin with warm orange lights glowing from the window. Soft firelight flickering near the cabin, cinematic depth of field, shallow focus on the Coca-Cola can, background slightly blurred. Moody winter atmosphere, contrast between warm interior tones and cold blue snowy exterior. Photorealistic lighting, soft bokeh snow particles, premium commercial photography style, ultra-detailed textures, 8K resolution.\nNegative Prompt (optional):\ncartoon, illustration, low quality, blurry, overexposed, distorted logo, extra text, watermark, unrealistic proportions"
101,E-commerce Main Image - Solarpunk Product Showcase with Bioluminescence,en,False,True,,,,,https://youmind.com/en-US/nano-banana-pro-prompts?id=5983,0,"A stunning solarpunk product showcase featuring an elegant grid arrangement of sustainable technology products seamlessly integrated with lush botanical elements. The scene displays bio-engineered devices with flowing organic curves and living moss accents arranged in perfect symmetry on a reclaimed wood surface. Each product emanates a soft bioluminescent glow, featuring translucent bio-plastic casings with visible internal plant root systems and flowing water channels. The background reveals a verdant living wall cascade with hanging air-purifying vines, integrated solar panel leaves, and delicate flowering pods that power the displayed technology.\n\nGolden hour sunlight streams through floor-to-ceiling windows, casting warm amber rays that dance across the green foliage and illuminate the products with a dreamy, ethereal backlight. Soft volumetric lighting creates gentle lens flares and highlights the organic textures of both nature and technology. The atmosphere feels optimistic and serene, embodying a harmonious future where innovation and nature coexist beautifully.\n\nShot from a slightly elevated three-quarter angle using a wide-angle lens with shallow depth of field, creating artistic bokeh in the background vegetation while keeping the product grid in sharp focus. The composition follows rule of thirds with leading lines created by the wooden planks and vine arrangements. Professional commercial photography style with vibrant color grading emphasizing rich emerald greens, warm golden tones, and creamy white highlights. The aesthetic balances minimalist {argument name=""design style"" default=""Korean""} design sensibilities with abundant natural elements, creating an Instagram-worthy visual that suggests premium eco-luxury and sustainable innovation. Photorealistic rendering with high dynamic range, crisp details, and subtle film grain for organic authenticity.\nA stylish handwritten signature Willy is elegantly and small letters placed at the Bottom Right corner."
102,E-commerce Main Image - Character Ekiben (Lunch Box) Product Shot,ja,False,True,,,,,https://youmind.com/en-US/nano-banana-pro-prompts?id=6053,0,"Character Name: {argument name=""キャラクター名"" default=""[Character Name]""}\n(Scene/Moment)\nA single shot capturing the moment the lid of a character-themed lunch box (Ekiben style), packaged for sale, is opened.\n\nThe transparent or paper lid is partially covering the lunch box, revealing the contents.\n\n(Packaging/Lid Expression)\nThe outside of the lid is printed with a commercial package design based on the character in the reference image. Various exaggerated sales phrases based on the reference image are displayed with high quality and high sense.\n\nDesign that looks like it would be lined up in an actual Ekiben stall.\nIllustration of the character deformed with a 'food' theme.\nLimited color palette, layout resembling food labels, logos, and catchphrases.\nDisplay a price that greatly reflects the concept of the reference image and the lunch box.\n\nIncludes a humorous product name that utilizes the character's personality.\nIf a character name is set at the beginning, use it.\nRealistic depiction of print gloss, paper thickness, and folded parts.\n*This lid is strongly linked to the concept of the contents.\n(Composition/Shooting Style)\nShoot the lunch box placed on a table from a **slightly diagonal top-down perspective (product photography flat lay)**.\n\n8K resolution, ultra-realistic food photography.\n\nQuality that would not look out of place in a convenience store, department store basement, or Ekiben fair.\n(Container - Lunch Box)\nA mass-produced, realistic lunch box container.\n\nCommon lunch box containers such as black, white, or wood grain.\nWith dividers or integrated.\nRealistic depiction of rounded corners, molding marks, and shadows on the rim.\n\nBasic Structure of Character Representation\nFace/Body:\n\nThree-dimensionally shaped rice (white rice/seasoned rice/mixed rice, etc., changing according to the concept).\nExpression/Outline:\n\nThree-dimensionally expressed using nori (seaweed), salted kelp, sesame seeds, fried pasta, chopped vegetables, etc.\nConcept-Specific Side Dishes\nThe concept exaggerates the characteristics of the reference image.\nNot a fixed menu, but changes freely according to the character and world view.\nAll side dishes are composed only of real ingredients and cooking methods,\n\nEach one has a solid three-dimensional feel and texture.\n(Color Design)\nDo not use the colors of the reference image directly,\nTranslate using only natural colors as food ingredients.\nWhite/light brown of rice.\nGolden brown of fried food.\nGreen of vegetables.\nRed of tomato/plum/carrot.\nYellow of egg.\nBlack of nori/sesame.\nDesigned to recognize the character not by 'color coding' but by\nDifferences in texture, shape, and arrangement.\n(Text/Logo Expression: Reinforcing the feeling of a product for sale)\nThree-dimensional expression of the product name and catchphrase using food items in the empty space within the lunch box.\n\nExaggerate the characteristics of the reference image.\nThe text is composed entirely of “edible items.”\n(Background/Environment)\nRandomly select an outdoor setting.\nNatural light from the side.\nEmphasize the shine of oil on fried chicken, the moisture of the rice, and the freshness of the vegetables.\nThe overall color temperature is warm, with light that makes it look the most delicious at the point of sale.\n(Overall Tone)\n“Cute” + “Looks like it could actually be sold.”\nFusion of Character Bento × Product Photography × Food Sizzle."
103,E-commerce Main Image - Commercial Fashion Photograph with Strict Garment Preservation,en,False,False,,,,,https://youmind.com/en-US/nano-banana-pro-prompts?id=5985,0,"{\n  ""task_configuration"": {\n    ""type"": ""GENERATE"",\n    ""sub_type"": ""commercial_lifestyle_photograph"",\n    ""reference_logic"": ""STRICT_GARMENT_PRESERVATION_FROM_INPUT"",\n    ""aesthetic"": ""high_end_fashion_campaign"",\n    ""output_quality"": ""high_resolution_photorealistic""\n  },\n  ""subject_definition"": {\n    ""identity"": {\n      ""demographic"": ""white American female"",\n      ""physique"": ""fit"",\n      ""appearance"": ""beautiful, naturally styled""\n    },\n    ""skin_and_features"": {\n      ""realism_rule"": ""macro_level_human_realism; NO artificial smoothing or filtering"",\n      ""texture_details"": [\n        ""visible natural pores"",\n        ""light blemishes and imperfections"",\n        ""soft expression lines"",\n        ""light freckles across nose/cheeks"",\n        ""natural skin highlights""\n      ],\n      ""makeup"": ""minimal, natural or bare skin look""\n    },\n    ""attire_constraints"": {\n      ""source"": ""garment_from_input_reference_image"",\n      ""preservation_rules"": [\n        ""exact color dye and pattern"",\n        ""exact fabric weave and texture"",\n        ""exact thread stitching details"",\n        ""exact fit, drape, and silhouette on the body""\n      ],\n      ""modification_permission"": ""NONE""\n    },\n    ""pose"": {\n      ""framing"": ""full_body_standing"",\n      ""style"": ""natural, relaxed, confident"",\n      ""orientation"": ""facing camera to showcase garment""\n    }\n  },\n  ""environment_definition"": {\n    ""location_type"": ""outdoor_urban_sidewalk"",\n    ""specific_context"": ""outside a stylish cafe or boutique building facade"",\n    ""contextual_logic"": ""architecture and decor must visually complement the style of the reference clothing"",\n    ""atmosphere"": ""elevated, bustling but serene city life"",\n    ""background_elements"": [\n      ""textured building materials (brick, stone, wood)"",\n      ""cafe seating or plants"",\n      ""pavement textures""\n    ]\n  },\n  ""composition_and_layout"": {\n    ""camera_principles"": [\n      ""commercial fashion standards"",\n      ""golden ratio alignment of subject"",\n      ""product-centered focus""\n    ],\n    ""framing_scale"": ""wide full shot"",\n    ""spatial_margins"": {\n      ""top_margin"": ""generous clear space above head for potential typography/cropping"",\n      ""side_margins"": ""balanced clear space"",\n      ""bottom_margin"": ""clear space below feet""\n    }\n  },\n  ""lighting_and_optics"": {\n    ""source"": ""natural daylight"",\n    ""quality"": ""soft, diffused sunlight or open shade"",\n    ""color_temperature"": ""warm undertones"",\n    ""shadows"": ""clean, natural falloff defining form""\n  },\n  ""constraints_and_prohibitions"": {\n    ""must_not_render"": [\n      ""airbrushed skin"",\n      ""plastic textures"",\n      ""studio backdrop"",\n      ""altered clothing design"",\n      ""overly posed look""\n    ]\n  }\n}"
104,E-commerce Main Image - Flat Lay Fashion Editorial Image,en,False,True,,,,,https://youmind.com/en-US/nano-banana-pro-prompts?id=5802,0,"[OUTFIT_STYLE] = Use the outfit from the reference image | casual utilitarian womenswear | casual mens streetwear\n[COMPOSITION_SCHEME] = seated-inspired angular layout | standing-inspired vertical layout | walking-inspired offset layout | dynamic diagonal layout | balance-inspired asymmetric layout | editorial flat-lay grid break | sculptural negative-space layout | yoga-inspired angular balance layout | athletic-inspired directional layout\n[SURFACE] = clean matte studio backdrop | soft neutral paper surface | cool tone matte backdrop\n[ACCESSORY_MODE] = outfit_integrated | decorative | none\n\nMake a high resolution flat lay fashion image for editorial and catalog use.\nUse a strict top down camera angle with a natural 50mm equivalent perspective and perfectly parallel framing.\nSet the scene on [SURFACE] with no visible texture seams or edge shadows.\n\nShow only clothing items and approved accessories placed on the surface.\nDo not depict or imply any human body, body parts, limbs, skin, joints, or anatomy.\nDo not include legs, hips, feet, knees, or any biological structure.\n\nArrange garments as a flat, uninhabited composition following [COMPOSITION_SCHEME].\nInterpret [COMPOSITION_SCHEME] purely as a geometric layout logic, never as a body configuration.\nUse angles, spacing, and directional alignment only to suggest balance and posture.\n\nKeep every garment fully flat with zero internal volume.\nForce all bottom garments including pants or leggings to remain collapsed, empty, and tension-free.\nDo not stretch, contour, wrap, or compress fabric.\nRepresent bends only through sharp planar folds and angular breaks.\nProhibit smooth curves, rounded forms, seated volume, or body-fit deformation.\n\nAllow folds and wrinkles only as gravity-driven surface creases.\nEnsure clothing reads strictly as laid fabric, not worn, inhabited, or shaped by a body.\n\nSelect garments and accessories based on {argument name=""outfit style"" default=""OUTFIT_STYLE""}.\nIf [ACCESSORY_MODE] is outfit_integrated, include only functionally worn items.\nIf [ACCESSORY_MODE] is decorative, allow accessories as independent flat objects.\nIf [ACCESSORY_MODE] is none, exclude all accessories entirely.\n\nUse soft diffused daylight from above with gentle shadows directly beneath each item.\nKeep spacing balanced with visible negative space around the composition.\nAvoid mannequins, models, body silhouettes, stuffing, air filled shapes, extra items, text, logos, or branding.\nEnsure clarity, accurate fabric texture, and a calm contemporary aesthetic."
105,Game Asset - Hyper-Detailed Crocheted Portrait of a Legend,en,False,False,,,,,https://youmind.com/en-US/nano-banana-pro-prompts?id=6357,0,"{\n  ""image_type"": ""hyper-detailed studio portrait"",\n  ""resolution"": ""8K"",\n  ""style"": ""handcrafted crochet / amigurumi realism"",\n  ""overall_aesthetic"": ""ultra-realistic knitted texture with lifelike proportions and expressive facial details"",\n  ""composition"": {\n    ""framing"": ""centered portrait"",\n    ""crop"": ""upper torso to head"",\n    ""camera_angle"": ""straight-on eye level"",\n    ""depth_of_field"": ""shallow, subject sharply in focus, background softly blurred""\n  },\n  ""lighting"": {\n    ""type"": ""soft studio lighting"",\n    ""direction"": ""front-biased with subtle side fill"",\n    ""contrast"": ""moderate"",\n    ""shadows"": ""soft, natural falloff"",\n    ""highlights"": ""gentle highlights accentuating yarn texture""\n  },\n  ""background"": {\n    ""description"": ""dark, painterly backdrop with warm brown, olive, and muted amber tones"",\n    ""pattern"": ""abstract foliage-like shapes"",\n    ""focus"": ""intentionally blurred""\n  },\n  ""texture_details"": {\n    ""material"": ""crocheted yarn"",\n    ""stitch_visibility"": ""clearly visible tight uniform stitches across all surfaces"",\n    ""surface_quality"": ""matte yarn fibers with subtle fuzz"",\n    ""consistency"": ""even stitch density across face, clothing, and hair""\n  },\n  ""subject_1"": {\n    ""appearance"": {\n      ""skin_material"": ""light beige yarn"",\n      ""facial_structure"": ""rounded face with pronounced cheek volume"",\n      ""eyes"": {\n        ""shape"": ""round"",\n        ""color"": ""light gray-blue"",\n        ""pupils"": ""dark circular pupils"",\n        ""whites"": ""clearly defined"",\n        ""expression"": ""wide open eyes conveying surprise or playful curiosity""\n      },\n      ""eyebrows"": ""thick crocheted white yarn eyebrows"",\n      ""nose"": ""prominent crocheted nose with defined bridge and rounded tip"",\n      ""mouth"": {\n        ""state"": ""open"",\n        ""tongue"": ""visible pink crocheted tongue extended outward""\n      },\n      ""facial_hair"": {\n        ""mustache"": ""white crocheted mustache with slight curl"",\n        ""beard"": ""none""\n      },\n      ""hair"": {\n        ""color"": ""white"",\n        ""style"": ""messy, voluminous, outward-curving yarn strands"",\n        ""texture"": ""loose twisted yarn locks""\n      }\n    },\n    ""clothing"": {\n      ""outerwear"": {\n        ""type"": ""crocheted jacket"",\n        ""color"": ""deep blue"",\n        ""lapels"": ""wide folded lapels"",\n        ""texture"": ""thicker stitch pattern than face""\n      },\n      ""shirt"": {\n        ""color"": ""off-white"",\n        ""visibility"": ""visible beneath jacket""\n      },\n      ""accessory"": {\n        ""type"": ""bow tie"",\n        ""color"": ""bright red"",\n        ""material"": ""crocheted yarn"",\n        ""position"": ""centered below chin  ""\n  },\n  ""mood"": ""playful, expressive, handcrafted realism"",\n  ""render_quality"": {\n    ""detail_level"": ""extreme micro-detail"",\n    ""sharpness"": ""high"",\n    ""noise"": ""none"",\n    ""artifacts"": ""none""\n  },\n  ""post_processing"": {\n    ""color_grading"": ""warm neutral tones"",\n    ""clarity"": ""enhanced to emphasize yarn texture"",\n  }\n}"
106,Game Asset - Handcrafted Felt Miniature Scene with Tech Character,en,False,False,,,,,https://youmind.com/en-US/nano-banana-pro-prompts?id=6344,0,"A handcrafted felt miniature scene featuring a soft wool doll character with simplified facial features, round button eyes, rosy cheeks, and a gentle smile. The character wears a dark felt jacket, gray wool t-shirt, and matching trousers, styled in a minimal casual tech look. He is walking on grassy felt terrain alongside a small felt fox companion. Whimsical storybook environment with pastel greenery, soft clouds, and a bright blue sky, subtle miniature rockets blurred in the background. Macro photography style, shallow depth of field, soft natural daylight, stop-motion animation aesthetic, ultra-detailed felt fibers and fabric textures, cozy cinematic mood, high quality."
107,Game Asset - Isometric Miniature DJ Setup Scene,en,False,False,,,,,https://youmind.com/en-US/nano-banana-pro-prompts?id=6341,0,Create Isometric miniature scene of an oversized DJ setup. 🍌
108,Game Asset - Nano Banana Icon Batch Generation,ja,False,True,,,,,https://youmind.com/en-US/nano-banana-pro-prompts?id=6224,0,"Generate {argument name=""number of icons"" default=""40""} {argument name=""type"" default=""icons""}"
109,Game Asset - Panoramic Character Concept Sheet for 17-Year-Old Japanese JK,en,False,False,,,,,https://youmind.com/en-US/nano-banana-pro-prompts?id=6174,0,"{\n  ""Objective"": ""Create a panoramic character concept decomposition sheet for a Japanese high school student. Center: Full-body illustration of female student in JK uniform. Surrounding: Layered clothing showing school uniform layers and casual wear, Expression sheet with cheerful smile, studious concentration, surprised excitement, and shy embarrassment, Texture zoom on uniform fabric and school accessories"",\n  ""FaceReference"": {\n    ""Mode"": ""Strict face preservation"",\n    ""Instruction"": ""Use uploaded reference image for exact facial features, bone structure, and proportions"",\n    ""Consistency"": ""Face must remain identical across all frames""\n  },\n  ""CharacterDetails"": {\n    ""Subject"": { ""Type"": ""Japanese high school student"", ""Age"": ""17"" },\n    ""ClothingLayers"": [\n      ""School blazer with emblem"",\n      ""White button-down shirt"",\n      ""Pleated skirt"",\n      ""Casual underwear set"",\n      ""Loafers and socks""\n    ]\n  },\n  ""RelatedItems"": {\n    ""Bag"": ""School satchel with textbooks, notebooks, pencil case, lunch box"",\n    ""SchoolTools"": ""Student ID card, club activity items, study materials"",\n    ""Personal"": ""Smartphone, headphones, cute accessories, manga, snacks""\n  }\n}"
110,Game Asset - Nano Banana Detail Addition Test,ja,False,True,,,,,https://youmind.com/en-US/nano-banana-pro-prompts?id=6226,0,"As a hint for the world currently being created, ask nano banana to add {argument name=""element to add"" default=""details""}"
111,Game Asset - 3D Isometric Urban Transit Stop Diorama Prompt,en,False,True,,,,,https://youmind.com/en-US/nano-banana-pro-prompts?id=6143,0,"A clean, minimal 3D isometric diorama of a {argument name=""city transport type"" default=""[CITY TRANSPORT TYPE]""} stop, featuring a {argument name=""vehicle type"" default=""[VEHICLE]""} paused at a [PLATFORM TYPE], simple [SHELTER / CANOPY], subtle wayfinding signs, smooth concrete surfaces, soft studio lighting, realistic materials, rounded edges, miniature architectural model style, high detail, neutral background."
112,Game Asset - Cyberpunk POV Motorcycle Ride at Hyper-Velocity,en,False,False,,,,,https://youmind.com/en-US/nano-banana-pro-prompts?id=6190,0,"""Red futuristic sport motorcycle (POV perspective)"",\n      ""visible_elements"": ""Glossy red fuel tank with fuel cap, clip-on handlebars, black gloved hands gripping the grips, illuminated digital dashboard (slightly blurred)"",\n      ""action"": ""Speeding at hyper-velocity through a suspended structure"",\n      ""pose"": ""First-Person View (POV) / Rider's eye perspective looking slightly downward at the bike and forward into the horizon""\n    },\n    ""environment"": {\n      ""setting"": ""Transparent glass hyperloop tunnel / skyway"",\n      ""location"": ""High altitude above a futuristic cyberpunk metropolis"",\n      ""background_details"": ""Sprawling city grid with infinite street lights below, skyscrapers, motion-blurred light trails"",\n      ""horizon"": ""Dusk/Twilight sky with a gradient of deep teal fading into a warm sunset orange strip""\n    },\n    ""lighting_and_color"": {\n      ""color_palette"": ""Cinematic Teal and Orange (Complementary colors)"",\n      ""primary_tones"": ""Cyan/Turquoise glass reflections, Deep Red motorcycle paint, Golden/Orange horizon glow"",\n      ""lighting_style"": ""High contrast, neon ambient lighting, specular highlights on the metal and glass surfaces""\n    },\n    ""camera_technical"": {\n      ""camera_angle"": ""Wide-angle POV (14mm to 16mm equivalent)"",\n      ""focus"": ""Sharp focus on the motorcycle tank and handlebars, radial motion blur on the tunnel walls and city"",\n      ""aperture"": ""f/2.8 (to capture low light details)"",\n      ""shutter_speed"": ""1/30s (simulated drag shutter to create heavy motion blur effects on the surroundings)"",\n      ""iso"": ""ISO 800"",\n      ""composition"": ""Central symmetry, leading lines created by the tunnel structure converging at the center vanishing point""\n    },\n    ""style_descriptors"": [\n      ""Cyberpunk"",\n      ""Synthwave aesthetic"",\n      ""Hyper-realistic"",\n      ""High velocity"",\n      ""Futuristic"",\n      ""Cinematic"",\n      ""8k resolution"",\n      ""Unreal Engine 5 render style""\n    }"
113,Game Asset - Four-View Character Reference Sheet for 3D Modeling,en,False,False,,,,,https://youmind.com/en-US/nano-banana-pro-prompts?id=6056,0,"Create a detailed and realistic full-body reference image on a plain white background, showing four views of the young adult woman in the attached image, follow this description:\n\n    ""body_description"": \n      ""ethnicity"": ""caucasian with fair skin tone""\n      ""hair"": brown with blonde highlights, long, wavy"",\n      ""build"": ""athletic hourglass, fit and toned"",\n      ""torso"": ""narrow, high-waisted, plain stomach"",\n      ""bust"": ""proportional, firm"",\n      ""waist"": ""taut, slim, high-definition transition to hips"",\n      ""hips"": ""wide, curvy, pronounced shelf-like curve at the iliac crest"",\n      ""legs"": ""toned, athletic thighs with smooth skin transition"",\n\nArrange the views horizontally from left to right: front view, left side profile view, right side profile view, and back view. In each pose, she stands straight with arms relaxed at her sides, feet slightly apart, wearing a simple black sports bra and black thong underwear to clearly display body proportions, muscle definition, facial details, hair, and posture. Ensure a 4:4 aspect ratio, high resolution, realistic rendering, no shadows, no additional elements, and equal spacing between views for easy reference."
114,Game Asset - Full-Body Reference Sheet for Athletic Hourglass Figure,en,False,True,,,,,https://youmind.com/en-US/nano-banana-pro-prompts?id=5987,0,"Create a detailed and realistic full-body reference image on a plain white background, showing four views of the young adult woman in the attached image, follow this description:\n\n    ""body_description"": \n      ""ethnicity"": ""caucasian with fair skin tone""\n      ""hair"": ""{argument name=""hair description"" default=""brown with blonde highlights, long, wavy""}"",\n      ""build"": ""athletic hourglass, fit and toned"",\n      ""torso"": ""narrow, high-waisted, plain stomach"",\n      ""bust"": ""proportional, firm"",\n      ""waist"": ""taut, slim, high-definition transition to hips"",\n      ""hips"": ""wide, curvy, pronounced shelf-like curve at the iliac crest"",\n      ""legs"": ""toned, athletic thighs with smooth skin transition"",\n\nArrange the views horizontally from left to right: front view, left side profile view, right side profile view, and back view. In each pose, she stands straight with arms relaxed at her sides, feet slightly apart, wearing a simple black sports bra and black thong underwear to clearly display body proportions, muscle definition, facial details, hair, and posture. Ensure a 4:4 aspect ratio, high resolution, realistic rendering, no shadows, no additional elements, and equal spacing between views for easy reference."
115,Game Asset - Stylized 3D Glass Skeleton Render Prompt,en,False,False,,,,,https://youmind.com/en-US/nano-banana-pro-prompts?id=6059,0,"Create a high-quality stylized 3D render of a clear, translucent glass skeleton wearing black-rimmed glasses sitting at a wooden desk. The skeleton MUST be looking down at an open textbook and holding a yellow highlighter, actively highlighting a line of text. The scene MUST feature a warm gold desk lamp on the right side casting a cozy, yellow light that creates glossy reflections on the skeleton's surface. The desk is cluttered with a white coffee mug, a stack of hardcover books on the right, and scattered pens and pastel pink and yellow highlighters. The background MUST be a solid, soft pink wall. The overall aesthetic should be warm, studious, and visually soft. Do not include any text overlays or watermarks."
116,Game Asset - Character Emerging from Smartphone Screen (Forced Perspective),ja,False,False,,,,,https://youmind.com/en-US/nano-banana-pro-prompts?id=6046,0,"🍌 Prompt A\nUltra-realistic photo. The moment this character emerges three-dimensionally from a smartphone placed on a table. One hand is reaching towards the viewer, the other hand is on the smartphone frame, the lower body is inside the smartphone, and the feet are cropped out. The character is looking at the viewer. Due to strong exaggerated perspective (extreme wide-angle, forced perspective),\nthe hands and face appear extremely large, being very close to the camera,\nand the lower body appears smaller in the back, creating a three-dimensional depth composition.\n\n🍌 Prompt B\nUltra-realistic photo. The moment this character emerges three-dimensionally from a smartphone placed on a table. One hand is reaching towards the viewer, one foot is on the smartphone frame, and the lower body is inside the smartphone. Exaggerated perspective makes the nearby face and hands look large. Motifs associated with the atmosphere of the reference image also pop out. The character is leaping out vigorously while looking at the viewer, and motion blur is occurring."
117,Game Asset - Isometric figurine generation prompt for Nano Banana Pro,en,False,True,,,,,https://youmind.com/en-US/nano-banana-pro-prompts?id=5874,0,"""Make a miniature, full-body, isometric, realistic figurine of this person, wearing {argument name=""attire"" default=""ABC""}, doing {argument name=""action"" default=""XYZ""}, on a white background, minimal, 4K resolution."""
118,Game Asset - Isometric Miniature Figurine of a Character in a Japanese Flower Shop,ja,False,True,,,,,https://youmind.com/en-US/nano-banana-pro-prompts?id=5861,0,"Create a miniature, full-body, isometric, realistic doll. The features of the doll must perfectly match the uploaded image. The doll is currently strolling through a {argument name=""location theme"" default=""cute Japanese flower shop""} with a {argument name=""background location"" default=""white background""}, minimal style, and 4K resolution."
119,Game Asset - Hyper-Realistic Caricature of a Bald Man in a Jersey,en,False,True,,,,,https://youmind.com/en-US/nano-banana-pro-prompts?id=5905,0,"{\n  ""resolution"": ""8K ultra high resolution"",\n  ""style"": {\n    ""visual_style"": ""hyper-realistic, stylized caricature realism"",\n    ""render_quality"": ""extreme detail, sharp focus on subject, shallow depth of field"",\n    ""lighting_style"": ""cinematic warm indoor lighting with soft highlights and smooth shadows"",\n    ""color_grading"": ""warm tones, golden highlights, natural skin tones with glossy reflections""\n  },\n  ""subject"": {\n    ""type"": ""human-like caricature figure"",\n    ""pose"": ""standing upright with legs slightly apart"",\n    ""proportions"": ""extremely exaggerated proportions, very large head and torso, very short limbs"",\n    ""scale"": ""small, table-height figure"",\n    ""expression"": {\n      ""mouth"": ""slightly open"",\n      ""eyes"": ""looking slightly to the side"",\n      ""emotion"": ""neutral to mildly surprised""\n    }\n  },\n  ""head_and_face"": {\n    ""head_shape"": ""very large, rounded head"",\n    ""hair"": ""completely bald"",\n    ""skin_texture"": ""smooth, glossy, reflective with visible moisture"",\n    ""skin_tone"": ""light to medium skin tone with noticeable red flush on cheeks"",\n    ""facial_features"": {\n      ""cheeks"": ""very large, swollen appearance with strong redness"",\n      ""chin"": ""multiple visible folds"",\n      ""eyebrows"": ""dark, defined eyebrows"",\n      ""eyes"": ""small relative to head size, natural reflections visible"",\n      ""nose"": ""small and rounded"",\n      ""lips"": ""slightly parted, natural color""\n    }\n  },\n  ""body"": {\n    ""torso"": ""extremely large, rounded belly protruding forward"",\n    ""arms"": ""short and thick arms hanging down"",\n    ""hands"": ""small hands with short fingers"",\n    ""legs"": ""short, thick legs"",\n    ""feet"": ""bare feet, small toes visible"",\n    ""skin_detail"": ""glossy surface with visible highlights, subtle texture, reflective sheen""\n  },\n  ""clothing"": {\n    ""top"": {\n      ""type"": ""short-sleeve sports jersey"",\n      ""color"": ""{argument name=""jersey color"" default=""white""}"",\n      ""fit"": ""very tight, stretched over torso"",\n      ""logos"": [\n        {\n          ""placement"": ""center chest"",\n          ""description"": ""sports brand logo in blue""\n        },\n        {\n          ""placement"": ""left chest"",\n          ""description"": ""gold shield-shaped emblem""\n        },\n        {\n          ""placement"": ""right chest"",\n          ""description"": ""circular crest with crown and letters""\n        }\n      ],\n      ""details"": ""blue accent stripes on shoulders""\n    },\n    ""bottom"": ""no visible pants or shorts""\n  },\n  ""environment"": {\n    ""setting"": ""indoor room"",\n    ""surface"": {\n      ""type"": ""wooden table"",\n      ""texture"": ""polished wood grain with reflections""\n    },\n    ""background"": {\n      ""focus"": ""heavily blurred"",\n      ""elements"": [\n        ""warm glowing lights"",\n        ""candle-like light sources"",\n        ""dark interior shapes""\n      ],\n      ""bokeh"": ""large circular light bokeh""\n    }\n  },\n  ""props"": {\n    ""left_side"": {\n      ""object"": ""transparent glass"""
120,Poster / Flyer - Romantic Cinematic Triptych with Shared Earphones,en,False,True,,,,,https://youmind.com/en-US/nano-banana-pro-prompts?id=6302,0,"{\n  ""generation_request"": {\n    ""meta_data"": {\n      ""tool"": ""NanoBanana Pro"",\n      ""task_type"": ""photoreal_cinematic_romantic_triptych_editorial"",\n      ""version"": ""v1.0_CITY_WALK_EARPHONES_COUPLE_TRIPTYCH_FILM_LOOK"",\n      ""priority"": ""highest""\n    },\n\n    ""references"": {\n      ""reference_image_1"": {\n        ""source"": ""UPLOAD_REFERENCE_IMAGE"",\n        ""purpose"": ""LAYOUT_POSE_EXPRESSION_LIGHTING_REFERENCE"",\n        ""strict_lock"": true,\n        ""match_reference_priority"": ""MAX"",\n        ""preserve_triptych_layout"": true,\n        ""preserve_framing_and_crop"": true,\n        ""preserve_subject_positions"": true,\n        ""preserve_earphone_cable_detail"": true,\n        ""preserve_emotions_sequence"": true,\n        ""preserve_background_bokeh_structure"": true,\n        ""no_style_drift"": true\n      },\n      ""reference_image_2"": {\n        ""source"": ""UPLOAD_FACE_REFERENCE (OPTIONAL)"",\n        ""purpose"": ""FACE_IDENTITY_LOCK_FEMALE"",\n        ""strict_lock"": true,\n        ""face_similarity_priority"": ""MAX"",\n        ""no_identity_blending"": true,\n        ""no_age_shift"": true,\n        ""preserve_skin_texture"": true,\n        ""preserve_facial_proportions"": true,\n        ""preserve_expression"": true\n      },\n      ""reference_image_3"": {\n        ""source"": ""UPLOAD_FACE_REFERENCE (OPTIONAL)"",\n        ""purpose"": ""FACE_IDENTITY_LOCK_MALE"",\n        ""strict_lock"": true,\n        ""face_similarity_priority"": ""MAX"",\n        ""no_identity_blending"": true,\n        ""no_age_shift"": true,\n        ""preserve_skin_texture"": true,\n        ""preserve_facial_proportions"": true,\n        ""preserve_expression"": true\n      }\n    },\n\n    ""creative_direction"": {\n      ""concept"": ""A three-panel romantic film still sequence on a city street: a couple sharing wired earphones, exchanging intimate smiles; the middle panel is a forehead kiss; the final panel is laughter—captured with warm, nostalgic 35mm film texture."",\n      ""mood"": ""tender, playful, nostalgic, deeply human"",\n      ""style_keywords"": ""indie romance, golden hour city bokeh, candid intimacy, film still""\n    },\n\n    ""layout"": {\n      ""format"": ""3-panel vertical triptych"",\n      ""panel_1"": ""close-up: they lean in close, sharing one set of wired earphones, soft eye contact and smile"",\n      ""panel_2"": ""close-up: he kisses her forehead, she laughs with eyes closed, arm around shoulders"",\n      ""panel_3"": ""close-up: both laughing openly, faces turned toward each other, earphone cable still visible"",\n      ""borders"": ""clean separations between panels, no text""\n    },\n\n    ""scene"": {\n      ""location"": ""{argument name=""location"" default=""city street / pedestrian area""}"",\n      ""background"": ""soft out-of-focus passersby, warm street tones, creamy bokeh lights"",\n      ""time"": ""late afternoon into golden hour"",\n      ""weather"": ""dry, mild, warm light""\n    },\n\n    ""subjects"": {\n      ""male"": {\n        ""wardrobe"": ""dark knit sweater"",\n        ""hair"": ""short curly hair"",\n        ""pose_sequence"": {\n          ""pa"
