id,title,description,content,sourceLink,sourcePublishedAt,author,sourceMedia,sourceReferenceImages,sourceVideos
543,Cinematic Crane Shot Video Prompt,"A detailed, multi-cut prompt designed for image-to-video generation, describing a romantic scene involving a couple and a glowing castle in the mist, utilizing specific camera movements like a wide crane shot, slow push-in, and whip-pan.","Cut 1 (2s): Wide crane shot from behind the couple, castle glowing in the misty night. Wind moves their cloaks. 
Cut 2 (2s): Slow push-in close-up on their interlocked hands, subtle tremble. 
Cut 3 (2s): Whip-pan to castle towers as shadows move behind lit",https://x.com/airina_xyz/status/2024825092690035135,2026-02-20T12:34:56.000Z,"{""name"":""AIrina (Virtual Media Net)"",""link"":""https://x.com/airina_xyz""}",[],[],"[{""id"":""699948b34d83820004b47dfd"",""url"":""https://video.twimg.com/amplify_video/2024824424424230912/vid/avc1/1280x720/M14Diht-eO9evfD_.mp4?tag=21"",""thumbnail"":""https://pbs.twimg.com/amplify_video_thumb/2024824424424230912/img/g3OA-k2G_Xukn01I.jpg"",""caption"":null},{""id"":""699948b34d83820004b47dfe"",""url"":""https://video.twimg.com/amplify_video/2024824770995294208/vid/avc1/1280x716/wFpKB0YuYhsv5LIB.mp4?tag=21"",""thumbnail"":""https://pbs.twimg.com/amplify_video_thumb/2024824770995294208/img/WF90Nq-njPfaHWB4.jpg"",""caption"":null}]"
542,Valentine's Day Themed Text,"This tweet contains a short, romantic text snippet, possibly intended as a prompt for a text-based generation model or as a caption, featuring a date range and a French phrase for 'I love you,' along with a heart emoji.","20 de febrero del 2025 ㅤ⊹ㅤ 20 de febrero del 2026 ❞ㅤㅤ
 ᅠ ⠀ ㅤㅤㅤㅤㅤ𝖩𝖾 𝗍'𝖺𝗂𝗆𝖾. 💌",https://x.com/eclatsang/status/2025079422152298796,2026-02-21T05:25:33.000Z,"{""name"":""˚ ᅠ 𝐂𝐚𝐬𝐞𝐲 ֶָ֢ ͏ 𖤍ᅠᅠ"",""link"":""https://x.com/eclatsang""}","[""https://pbs.twimg.com/media/HBqHAEOW8AAC2pu.jpg"",""https://pbs.twimg.com/media/HBqHAK0WwAAt5m2.jpg""]",[],[]
541,Recursive Horror Jump-Scare Prompt,"An extremely long and detailed prompt for Seedance 2.0 designed to create a psychological horror scene with a recursive loop effect, focusing on first-person POV, VHS aesthetic, and mounting dread rather than a cheap jump scare. The prompt specifies camera movements, sound design, and the appearance of a translucent ghost in security footage that mirrors reality.","""First-person POV video, dimly lit abandoned room in an old house at night, 1990s aesthetic, viewer (the protagonist) kneels in front of a dusty wooden dresser with a hidden drawer half-pulled open, camera hands reach in and pull out a worn, unlabeled black VHS tape covered in faint scratches and cobwebs, close-up on the tape as fingers brush off dust revealing a handwritten label in faded marker reading something cryptic like ""WATCH ALONE"", camera shakes slightly with nervous breathing audible, cut to inserting the tape into an ancient top-loading VCR on a low TV stand, static snow flickers on the bulky CRT television screen as the machine whirs and clicks to life, tracking lines roll vertically before stabilizing into grainy black-and-white security camera footage timestamped in the corner (e.g., 03:17 AM, date obscured), the footage shows the exact same room from a high corner-mounted camera angle—wide shot including the dresser, the TV, the spot where the viewer is currently sitting/kneeling, and crucially, the back of the protagonist's own head and shoulders as he watches the screen in real time, the recursive loop creates an eerie infinite mirror effect, camera (POV) slowly tilts and leans forward in confusion, breathing quickens, then subtle movement in the footage draws attention: a tall, translucent, humanoid silhouette—pale gray-white, vaguely female or androgynous with elongated limbs and indistinct features—materializes silently standing right beside the seated protagonist in the video, inches from his shoulder, unmoving at first, head tilted downward as if staring at the back of his neck, faint static distortion pulses around its form like bad reception, the POV hands in real life freeze on the remote, camera jerks back in shock as realization hits that the ghost is standing in the exact same position now, just off-frame to the right in the current reality, the on-screen ghost slowly raises one ethereal hand as if to touch the protagonist's shoulder, screen glitches harder with horizontal tearing and audio warble, POV whips around frantically to look beside himself—room empty in real life but the TV footage now shows the ghost's hand almost making contact, building dread as the footage loops the moment endlessly, ash-like video noise thickens, low electronic hum rises, photorealistic with heavy VHS degradation—tracking errors, color bleed, scan lines, chromatic aberration, muted greens and grays clashing with the warm amber glow of the CRT illuminating the protagonist's stunned face reflected in the glass, continuous handheld tremor, mounting terror through recursive impossibility, sense of being watched from both past and present, no jump scares but unrelenting psychological unease.""",https://x.com/zsakib_/status/2024876704561557714,2026-02-20T16:00:01.000Z,"{""name"":""Sakib"",""link"":""https://x.com/zsakib_""}",[],[],"[{""id"":""699948b14d83820004b47dfc"",""url"":""https://video.twimg.com/amplify_video/2024852708897734656/vid/avc1/1280x720/TK5Z0pvWsrx94fzb.mp4?tag=21"",""thumbnail"":""https://pbs.twimg.com/amplify_video_thumb/2024852708897734656/img/MDRVB45bNQqbGJPl.jpg"",""caption"":null}]"
540,Chinese New Year 'Instant Wealth' Animation,"A 15-second vertical video prompt for Seedance 2.0, generating a warm, cinematic scene where a girl in a Qipao interacts with a golden, translucent horse spirit that leaps out of a graffiti wall, celebrating the Chinese New Year and wishing for instant wealth.","9:16竖屏，电影质感暖色调， 画面（0-2秒）：【参考图】为首帧，穿红色旗袍的黑发女生站在涂鸦墙前，对着镜头微微歪头，身后墙上画着骑马的卡通女孩和""马上暴富2026""字样 台词1（女生，俏皮开心）：""嘿！2026马年到啦！"" 画面（3-6秒）：墙上涂鸦里的卡通小马突然抖动，整匹马从墙面剥离出来变成金色半透明的光影马，嘶鸣一声跃下墙面，女生惊喜地侧身让开，旗袍裙摆被带起的风微微飘动 台词2（女生，惊喜夸张）：""哎哟！马真的来了！"" 画面（7-11秒）：金光马绕着女生小跑一圈，马蹄踏过的地面溅起金色粒子和红色烟花碎屑，女生开心地跟着马转了一圈，伸手去摸但手穿过了光影 台词3（女生，兴奋）：""祝大家马到成功！马上暴富！"" 画面（12-15秒）：金光马一跃跳回墙面变回涂鸦，墙上的""马上暴富""文字闪烁变得更亮更金，女生转回面对镜头，双手合十鞠了一躬，然后笑着比了个大大的心 台词4（女生，温暖真诚）：""新年快乐，爱你们哟～"" 音效：马蹄嗒嗒声、烟花噼啪声、金色粒子的叮叮声 时长：精准15秒 禁止：任何字幕或水印",https://x.com/msjiaozhu/status/2025041768719561102,2026-02-21T02:55:55.000Z,"{""name"":""MapleShaw"",""link"":""https://x.com/msjiaozhu""}",[],[],"[{""id"":""699948b04d83820004b47dfb"",""url"":""https://video.twimg.com/amplify_video/2025041647038595074/vid/avc1/720x1280/568bpRlzjtwHjVsH.mp4?tag=21"",""thumbnail"":""https://pbs.twimg.com/amplify_video_thumb/2025041647038595074/img/x0gMrrtnN0ulXAOL.jpg"",""caption"":null}]"
539,Transformer Transformation Cinematic Sequence,"A detailed, four-scene cinematic prompt designed for Seedance 2.0 to generate a complex transformation sequence of a muscle car into a giant mechanical titan, focusing on dynamic camera work, detailed mechanical actions, and an apocalyptic aesthetic. This prompt is structured with specific time stamps for each scene.","分镜 1：动力重组：车尾裂变 (0-4s)
动作： Close-up tracking shot. A dusty muscle car accelerates. Suddenly, the rear chassis violently splits, expanding into gigantic hydraulic mechanical legs. The rear tires reconfigure into jagged metal heels. These legs slam onto the bridge deck, crushing the asphalt with a massive sense of weight. Blue sparks and white smoke erupt from the friction. High-frequency vibration, 8K photorealistic.

分镜 2：躯干扩张：钢铁脊梁 (4-8s)
动作：The transformation ripples forward. The car’s roof and hood fold and stack into a massive mechanical torso and armored shoulders. The interior of the car deconstructs, exposing a glowing power core. The titan stands nearly 15 meters tall, its metal spine extending and locking with a loud mechanical clank. Handheld shaky cam, low angle looking up at the growing giant.

分镜 3：正面武装：胸口炮仓 (8-12s)
动作：Extreme close-up on the chest armor plates. The heavy plating slides open in a complex clockwork sequence, revealing a colossal kinetic energy cannon nestled in the torso. Blue plasma arcs dance around the rifled barrel. The surrounding air begins to shimmer from intense thermal energy. The camera captures the intricate clicking of locking mechanisms.

分镜 4：终极裁决：毁灭一击 (12-15s)
动作：The cannon fires a devastating, blinding cyan energy beam directly from the chest. The massive recoil forces the titan to dig its metal claws into the bridge. The beam pierces through abandoned vehicles, causing them to melt and explode instantly. A shockwave ripples through the air, shattering remaining glass. Epic cinematic wide shot, masterwork, apocalyptic aesthetic.",https://x.com/zlb2017/status/2024858145546555522,2026-02-20T14:46:16.000Z,"{""name"":""nft0755.milady 发财"",""link"":""https://x.com/zlb2017""}",[],[],"[{""id"":""699948af4d83820004b47dfa"",""url"":""https://video.twimg.com/amplify_video/2024857779798933504/vid/avc1/1472x632/5NzElKZQdfqSztRw.mp4?tag=21"",""thumbnail"":""https://pbs.twimg.com/amplify_video_thumb/2024857779798933504/img/fKQ4CTiV1MVV-7H4.jpg"",""caption"":null}]"
538,Nine-Panel Grid Interactive Animation,"A complex, 12-second prompt for Seedance 2.0 to animate a nine-panel grid composition where the characters in each panel start interacting, pushing, and distorting the grid lines, transitioning from static poses to chaotic, cross-panel activity.",【图片1】为首帧画面，12秒，3:4竖屏。 九宫格画面中九个女孩各自静止在自己的格子里。 第1-3秒：所有格子里的女孩开始微微活动，各自保持表情特征。突然左上角自拍格的女孩发现自己被困在格子里，用手推了推格子边框，表情从自信变成疑惑； 第4-7秒：她用力拍了一下右边的格子边框，这一拍的震动传递过去，中上格微笑的女孩被震得晃了一下，不满地看向左边。与此同时，左下角吐舌头的女孩从自己格子底部伸出一只手，越过边框线探进了正下方正中间大笑格的领地，从大笑女孩的画面下方冒出来挠了一下她的下巴，大笑格的女孩笑得更厉害了； 第8-12秒：场面彻底混乱，多个格子之间开始互动——右上角惊讶脸被右边格子里伸过来的手拍了一下肩膀吓得更惊讶了，中间嫌弃脸对着旁边伸过来的手一脸嫌弃地躲开，最后所有人都在跨格子互动推搡打闹，格子边框线被挤得歪歪扭扭变形。 全程九宫格构图，但格子边框会被互动动作推挤变形。禁止：任何文字、字幕、LOGO或水印。,https://x.com/msjiaozhu/status/2024700816251297831,2026-02-20T04:21:06.000Z,"{""name"":""MapleShaw"",""link"":""https://x.com/msjiaozhu""}",[],[],"[{""id"":""699948ae4d83820004b47df9"",""url"":""https://video.twimg.com/amplify_video/2024700744906280961/vid/avc1/834x1112/_rA-R0WAF3ukpGxq.mp4?tag=21"",""thumbnail"":""https://pbs.twimg.com/amplify_video_thumb/2024700744906280961/img/RJlJMHvrFpuzPEs4.jpg"",""caption"":null}]"
537,Cinematic War Footage Style Guide (Part 1),"The first part of a detailed style guide for generating cinematic, realistic war footage set in a modern Middle Eastern desert village, focusing on color palette, lighting, and atmosphere.","Universal Style Guidelines (Applicable to All Clips)
Cinematic realist war footage, set in a modern Middle Eastern desert village; dominant color palette of earthy yellow and taupe; harsh sunlight with high-contrast shadows; sand and gunsmoke lingering in the air;",https://x.com/DAZ376957278814/status/2024785027385655664,2026-02-20T09:55:43.000Z,"{""name"":""G-Hope"",""link"":""https://x.com/DAZ376957278814""}",[],[],"[{""id"":""699948ad4d83820004b47df8"",""url"":""https://video.twimg.com/amplify_video/2024783695228661760/vid/avc1/1280x720/ElJdtLyKiHQQqCC4.mp4?tag=14"",""thumbnail"":""https://pbs.twimg.com/amplify_video_thumb/2024783695228661760/img/cKq-_XlUtGSj48Fk.jpg"",""caption"":null}]"
536,Midjourney Style Reference for Minimalist Pink & Black Fashion Aesthetic,"This is a Midjourney prompt utilizing a specific style reference code (sref 2331967092) to generate images with a minimalist pink and black fashion aesthetic, including parameters for style weight, stylization, and version 7.",Minimalist Pink & Black Fashion Aesthetic. --sref 2331967092 --sw 500 --stylize 500 --v 7,https://x.com/SrefCodeAi/status/2024886720932839867,2026-02-20T16:39:49.000Z,"{""name"":""Sref Code"",""link"":""https://x.com/SrefCodeAi""}","[""https://pbs.twimg.com/media/HBnXu4FbgAENE8S.jpg""]","[""https://pbs.twimg.com/media/HBnXu4FbgAENE8S.jpg""]",[]
535,Shot Horror Sequence (Kling 3.0),"A detailed, multi-shot prompt for generating a 13-second POV horror sequence set in an abandoned hallway, featuring a rocking horse that multiplies and a final jump scare with a distorted wooden mask. This prompt is explicitly for Kling 3.0, not Seedance 2.0, but is included as a complex video generation example.","A 13-second POV horror sequence set in a desolate, abandoned institutional hallway with grimy, peeling walls covered in faded graffiti. The scene is shot through a fisheye lens, lit only by a stuttering, weak flashlight beam.
In the center of the corridor, a weathered wooden rocking horse with chipped white paint sits alone. Suddenly, it begins to rock—slowly at first, then with violent, bone-creaking intensity, its hollow thuds echoing against the concrete.
After a rapid jump-cut through total darkness, the flashlight flickers back on to reveal the entire hallway now packed with dozens of identical rocking horses, all perfectly aligned and swaying in a sinister, synchronized rhythm. The collective sound of wood hitting the floor creates a deafening, heartbeat-like roar.
The sequence ends with a visceral jump scare: a giant, distorted wooden mask with a maniacal, carved grin and viscous black liquid pouring from its hollow eye sockets lunges directly into the lens, its face filling the frame as the audio peaks into a distorted screech.",https://x.com/IqraSaifiii/status/2024773067856351317,2026-02-20T09:08:12.000Z,"{""name"":""Iqra Saifi"",""link"":""https://x.com/IqraSaifiii""}",[],[],"[{""id"":""699948aa4d83820004b47df7"",""url"":""https://video.twimg.com/amplify_video/2024772985211764737/vid/avc1/3840x2160/tmmPs8O6pYa82g2o.mp4?tag=21"",""thumbnail"":""https://pbs.twimg.com/amplify_video_thumb/2024772985211764737/img/tSfuw8FkoOCne2u6.jpg"",""caption"":null}]"
534,Anime Girl Parkour Escape in Neon Night City,"A detailed prompt for generating a dynamic video sequence featuring an anime girl performing parkour to escape black agents across neon-lit city rooftops, emphasizing cel-shading, low-angle tracking, and realistic physics.","Anime girl parkour escape: rooftop flips between skyscrapers, wind-swept ponytail, pursued by black agents, neon night city, cel-shading, dynamic low-angle tracking, realistic jumps/physics.",https://x.com/HoneyAnimeX07/status/2024781627184800215,2026-02-20T09:42:13.000Z,"{""name"":""HoneyAnimeX"",""link"":""https://x.com/HoneyAnimeX07""}",[],[],"[{""id"":""699948a94d83820004b47df6"",""url"":""https://video.twimg.com/ext_tw_video/2024778255929077761/pu/vid/avc1/1280x720/S3ixGlY71ERQRaC4.mp4?tag=12"",""thumbnail"":""https://pbs.twimg.com/ext_tw_video_thumb/2024778255929077761/pu/img/1qWp817oXbGVo1vp.jpg"",""caption"":null}]"
533,Character Replacement and Consistency,"A complex prompt instructing Seedance 2.0 to replace a character in an existing video with a basketball player from a reference image, ensuring consistent body proportions, facial features, and athletic build throughout the sequence, while maintaining complex camera moves.","Replace the character in @  Video 1 with the basketball player from @ Image 1. The player’s body proportions, facial features, and athletic build must remain consistent throughout the entire sequence.",https://x.com/SDxArt/status/2024925187095863675,2026-02-20T19:12:40.000Z,"{""name"":""SD | AI Animation Storyteller"",""link"":""https://x.com/SDxArt""}",[],[],"[{""id"":""699948a84d83820004b47df5"",""url"":""https://video.twimg.com/amplify_video/2024924975992295424/vid/avc1/1440x3118/xAJxUKmhCS3Alb-W.mp4?tag=21"",""thumbnail"":""https://pbs.twimg.com/amplify_video_thumb/2024924975992295424/img/6yl5iyglwHeKfZXH.jpg"",""caption"":null}]"
532,Sports Car Transformer Sequence,"A detailed prompt for generating a 10-second dynamic video showing a modern sports car transforming into a tall, handsome humanoid mecha, emphasizing metallic textures, cinematic lighting, and sound effects.","In Seedance 2.0, one prompt can transform an excavator into a Transformer.

A 10-second dynamic video shows a modern sports car transforming on the spot. The metallic body parts smoothly separate, rotate, and reassemble, transforming into a tall and handsome humanoid mecha. Featuring a sci-fi mechanical structure with cinematic lighting and texture, the 4K ultra-high-definition video is accompanied by a rotating mechanical gear, metal folding, and sci-fi transformation sound effects, creating a strong sense of rhythm.",https://x.com/underwoodxie96/status/2024882892414104024,2026-02-20T16:24:36.000Z,"{""name"":""underwood"",""link"":""https://x.com/underwoodxie96""}",[],[],"[{""id"":""699948a74d83820004b47df4"",""url"":""https://video.twimg.com/ext_tw_video/2024882856544337921/pu/vid/avc1/1280x720/hX2lyBakA8ZmZyJ7.mp4?tag=19"",""thumbnail"":""https://pbs.twimg.com/ext_tw_video_thumb/2024882856544337921/pu/img/tqMEWWr29A2DDiEV.jpg"",""caption"":null}]"
531,Indonesian Man Fight Scene,A simple prompt for generating an action scene featuring an overweight Indonesian man fighting and defeating multiple enemies armed with machetes in a hotel hallway.,An overweight Indonesian man fights several enemies armed with machetes in a hotel hallway. He defeats them,https://x.com/sapujagad1987/status/2024801707813900338,2026-02-20T11:02:00.000Z,"{""name"":""Manz Al Ghozi"",""link"":""https://x.com/sapujagad1987""}",[],[],"[{""id"":""699948a54d83820004b47df3"",""url"":""https://video.twimg.com/amplify_video/2024801167881240577/vid/avc1/1080x1920/rNMQHjegqSBIpkth.mp4?tag=21"",""thumbnail"":""https://pbs.twimg.com/amplify_video_thumb/2024801167881240577/img/09LUGFFtlXmANIVx.jpg"",""caption"":null}]"
530,Female Ninja Fight Scene,"A prompt for generating an intense, high-action sword fight scene featuring a female ninja in a dark cinematic alley, emphasizing dynamic camera movement and dramatic lighting.","A female ninja fighting in a dark cinematic alley, intense sword fight, dynamic camera movement, high action, dramatic lighting",https://x.com/0879520ed907421/status/2024708073944932816,2026-02-20T04:49:56.000Z,"{""name"":""MB_H89 AI"",""link"":""https://x.com/0879520ed907421""}",[],[],"[{""id"":""699948a44d83820004b47df2"",""url"":""https://video.twimg.com/amplify_video/2024706598602784768/vid/avc1/1280x720/C1Vgv6djgVQbEbx8.mp4?tag=21"",""thumbnail"":""https://pbs.twimg.com/amplify_video_thumb/2024706598602784768/img/k5yyk_pw8zZBLikR.jpg"",""caption"":null}]"
529,Cinematic Baby Dragon and Potter in Volcanic Cave,"A highly detailed, multi-shot cinematic prompt for Seedance 2.0, describing a scene in a volcanic cave where a human potter and a baby dragon interact, culminating in the dragon accidentally destroying the potter's work with an uncontrolled sneeze of fire. The prompt includes specific visual styles, camera movements, and scene beats.","Visual Style
Photorealistic cinematic style, 16:9 aspect ratio, 8K resolution, wide dynamic range. Realistic live-action look with detailed skin, scales, clay and fire, natural highlights and shadows. Subtle handheld camera shake, shallow depth of field, filmic motion blur, warm orange key light from lava and cool blue rim light from the cave entrance.

Characters & Scene
A small, anatomically realistic baby dragon with finely detailed scales, glossy eyes and subtle muscle motion under the skin. A middle‑aged human potter in simple linen clothes, hands covered in wet clay. Location: a volcanic cave turned into a workshop; slow lava flows in distant channels, wooden shelves full of clay pots, hot air shimmering, a light layer of smoke in the air.

Action & Beats (~15 s)

[00:00–00:05] Precise glazing
Medium close shot: the potter shapes a clay vase on a heavy wooden wheel spinning smoothly. Behind him, the baby dragon carefully leans forward and releases a short, very precise stream of fire over a row of finished pots, creating a realistic glowing glaze and orange reflections on the cave walls. The camera slowly orbits around them, showing heat haze and tiny sparks in the air.

[00:05–00:08] Quiet moment
Closer shot: the baby dragon curls up on a flat rock near the wheel, eyes half‑closed, breathing calm; thin wisps of smoke drift from its nostrils. The potter smiles softly, stops the wheel, reaches out with his clay‑stained hand and offers a whole glossy red apple. Lava crackles, the only sounds are the cave ambience and the faint spin of the wheel.

[00:06–00:10] Sudden sneeze
Extreme close‑up on the dragon’s snout. It carefully sniffs the apple, dust from the rock tickles its nose, muscles tense, eyes squeeze shut. Hard cut to a wider shot: in the instant of the sneeze, the dragon releases a powerful, uncontrolled jet of flame directly onto the potter’s wheel and vase. Wood and clay instantly glow, deform and collapse into a bright molten mass; sparks and small fragments fly toward the lens.

[00:10–00:13] Aftermath
Medium shot: the potter stands frozen, face and clothes covered in a thin layer of black soot, hair slightly singed, eyes wide open. In one hand he still holds the whole, slightly charred red apple. Behind him, the wheel has become a slowly cooling, smoking puddle of molten material with a faint red glow inside. The baby dragon sits beside him, completely still, folding its wings over its face as if hiding, then carefully peeks out with a guilty expression. The camera slowly pulls back, revealing the entire cave with realistic volumetric smoke and light rays streaming in through the opening.",https://x.com/Kiber_Alla/status/2024840701276500387,2026-02-20T13:36:57.000Z,"{""name"":""Kiber Alla"",""link"":""https://x.com/Kiber_Alla""}",[],[],"[{""id"":""699948a24d83820004b47df1"",""url"":""https://video.twimg.com/amplify_video/2024839328719949824/vid/avc1/1280x720/KjhMT5OQEvfmRcCt.mp4?tag=21"",""thumbnail"":""https://pbs.twimg.com/amplify_video_thumb/2024839328719949824/img/uEmXyvFZO3XiSkIF.jpg"",""caption"":null}]"
528,AI Dojo Fight Scene with Dimensional Style Shifts,"A prompt for generating an AI dojo fight scene where every impact causes a shift in the visual style, transitioning between different dimensions like ink, anime, neon, and glitch.","dojo fight scene with a single prompt where every impact tears into a different dimension (ink → anime → neon → glitch, etc.)",https://x.com/ReggieaGames/status/2024965793771917799,2026-02-20T21:54:01.000Z,"{""name"":""ReggieaGames"",""link"":""https://x.com/ReggieaGames""}",[],[],"[{""id"":""699948a24d83820004b47df0"",""url"":""https://video.twimg.com/amplify_video/2024965443832655872/vid/avc1/1920x1080/GQeg0ttVkxq_gv-F.mp4?tag=21"",""thumbnail"":""https://pbs.twimg.com/amplify_video_thumb/2024965443832655872/img/bsxl8KNL7bq4yeV7.jpg"",""caption"":null}]"
527,Multi-Shot Laboratory Drink Commercial,"A complex, multi-shot prompt detailing an 8-shot sequence for a commercial. It follows a man examining a bottle in a lab, pouring a drink, consuming it, and then transitioning to a dynamic music festival scene, ending with a direct address to the camera with lip-syncing.","Shot 1: Close-up. The camera slowly zooms in. A man examines a green bottle in a laboratory.

Shot 2: Macro focus. An intense blast of cold steam hits the bottle, forming frost on the bottle.

Shot 3: Extreme close-up. A glowing digital hologram around the bottle freezes and shows the temperature of -18°C.

Shot 4: Smooth tilt down. We see the brown liquid pouring from the bottle into a clear shot glass.

Shot 5: Static medium-scale shot. The man drinks the liquid in one smooth gulp. Action Match style shot.

Shot 6: Dynamic movement back. The same man, now in a trendy green leather jacket and orange shirt, places an empty shot glass on the bar with neon lighting.

Shot 7: Horizontal camera shot. A man and a huge festival crowd jump to the beat, dynamic strobe lasers. A music festival is taking place in a bar.

Frame 8: Quick crash zoom to medium. The man smiles confidently, points directly at the lens and exclaims, ""Welcome to the best music festival!"", lip-syncing his movements to the lip-sync.",https://x.com/vladimircherner/status/2024921181946523815,2026-02-20T18:56:45.000Z,"{""name"":""Volodymyr Cherner"",""link"":""https://x.com/vladimircherner""}",[],[],"[{""id"":""699948a04d83820004b47def"",""url"":""https://video.twimg.com/amplify_video/2024921105601843200/vid/avc1/1280x720/yrHOJ_tawyx8THaR.mp4?tag=21"",""thumbnail"":""https://pbs.twimg.com/amplify_video_thumb/2024921105601843200/img/pCSuaPMBy-NtWhqK.jpg"",""caption"":null}]"
526,Whip Pan Dialogue Argument Scene,"An extremely detailed, technical prompt for a 15-second continuous shot of an argument between a man and a woman in an apartment. The prompt specifies dialogue, timing, camera movement (whip pans following the speaker), sound layers, and an emotional climax ending on a confused golden retriever puppy.","ARGUMENT - WHIP PAN FOLLOWS SPEAKER
15 Seconds / Continuous Shot / Dynamic Camera

SHOT DESCRIPTION:

Interior. Apartment. Day. WOMAN (30s) and MAN (32) mid-argument. Camera WHIP PANS to follow WHOEVER IS SPEAKING. Clean sequence, no character appears twice in same position.

0:00-0:02
Woman near door.

WOMAN
You promised. You said you'd be here.

0:02-0:04
WOMAN (CONT'D)
Our appointment was at three o'clock.
Where were you?

She steps forward.

Man turns away.

MAN
I got held up at work. It's not a big deal.

0:04-0:06
Eyes wet but controlled anger.

WOMAN
Not a big deal? I took off work.
I rearranged everything.

Shoulders tense. He responds.

MAN
You think I don't know that?
You think I don't feel like shit about it?

0:06-0:08
Voice drops, sharper.

WOMAN
Feeling like shit doesn't change anything.
It doesn't undo it.

man moves toward her. Defensive posture breaking.

MAN
What do you want from me? An apology?
Fine. I'm sorry.

0:08-0:10
Her face hardens. Sadness beneath anger.

WOMAN
I don't want apologies anymore, David.

man stops moving. Her words hit different.

WOMAN (CONT'D)
(from off-screen, but camera on man)
I want you.

Silence stretches. His face changes.

0:10-0:12
Man opens mouth to respond.

OVERSHOOTS past woman, continues past apartment door into hallway beyond.

0:12-0:15
WHIP PAN CONTINUES, unmotivated, chaotic, through open doorway across hallway.

Lands on: Apartment door cracked open. Inside: GOLDEN RETRIEVER PUPPY (4 months, fluffy, confused).

PUPPY's head tilts. One ear up, one ear sideways. Looking directly at camera. Confused. Concerned. Like it heard the argument and doesn't understand why two humans are sad.

HOLD on puppy's face. Blinks slowly. Eyes innocent.

SOUND: Argument stops. Only puppy's small breathing. Silence.

TECHNICAL:

- Camera: Whip pans ONLY, follow speaker's voice
- Pan motivation: Who is speaking determines camera movement
- Final pan: Unmotivated (emotional breakdown of camera discipline)
- 8K, Ultra High Quality

SOUND LAYERS:

0:00-0:04: Normal breathing, measured voices
0:04-0:08: Volume rising, frustration peaks
0:08-0:10: Emotion drops to sadness
0:10-0:15: Argument fades, puppy breathing only",https://x.com/aimikoda/status/2024864600680776001,2026-02-20T15:11:55.000Z,"{""name"":""Aimi Kōda"",""link"":""https://x.com/aimikoda""}",[],[],"[{""id"":""6999489f4d83820004b47dee"",""url"":""https://video.twimg.com/amplify_video/2024864341569232897/vid/avc1/1280x720/WUpFueEmFAQY8lLh.mp4?tag=21"",""thumbnail"":""https://pbs.twimg.com/amplify_video_thumb/2024864341569232897/img/i_eJ1bwE2afKb-bN.jpg"",""caption"":null}]"
525,Demon Slayer Live-Action Manga Adaptation Prompt,"An extremely detailed, multi-shot prompt for generating a 15-second live-action adaptation of a Demon Slayer-style final battle, specifying characters, VFX (Water Breathing vs. Thunder Breathing), camera cuts, style, duration, and scene progression.","Live-action manga adaptation · Breathing Style Final Battle (15s · ultra-epic VFX version)
Core highlights: Water Breathing (blue water dragon) VS Thunder Breathing (golden lightning), live-action high-speed duel.
Style: Hollywood live-action manga movie vibe, dark samurai aesthetic, 4K ultra-clear, ultra-fast cuts, explosive particle effects, no gore.
Duration: 15 seconds
Scene: Misty forest under moonlight, muddy ground, flying fallen leaves.
[00:00-00:05] Shot 1: Water Tune Prelude · Setup (building tension)
Scene: A young samurai in green-black checkered haori lowers his center of gravity under moonlight, gripping his sword with both hands.
Action: He takes a deep breath — air freezes instantly. As he draws his blade, a massive blue water dragon forms from high-pressure water currents, coiling around his body and sword at high speed, roaring like rushing water.
VFX details: Realistic water splashes lighting up the dark forest.
[00:05-00:10] Shot 2: Thunder Flash · Charge (extreme speed)
Scene: Opponent — a blond swordsman in yellow triangle-pattern haori — crouches extremely low in iaijutsu (quick-draw) stance.
Action: Ground explodes beneath him. He turns into a blinding golden lightning afterimage, zigzagging through the trees at impossible speed.
VFX details: Golden electric arcs linger in the air, scorched leaves fall behind.
[00:10-00:15] Shot 3: Water-Thunder Collision · Climax (ultimate clash)
Scene: Head-on charge. Young samurai swings the giant blue water dragon downward; blond swordsman crashes as lightning.
Action: Swords collide violently at center frame.
VFX spectacle: Blue water dragon and golden lightning explode on impact, creating a massive water-thunder energy storm spreading outward. Trees snap at the waist from the shockwave, mud and light obscure the lens. Ends in blinding blue-yellow-white flash.",https://x.com/Rita53135643/status/2024801975607427235,2026-02-20T11:03:04.000Z,"{""name"":""Rita"",""link"":""https://x.com/Rita53135643""}",[],[],"[{""id"":""6999489e58dab800042a1337"",""url"":""https://video.twimg.com/amplify_video/2024801908934795264/vid/avc1/1280x720/Ai6tAvHM1ST0IFgu.mp4?tag=21"",""thumbnail"":""https://pbs.twimg.com/amplify_video_thumb/2024801908934795264/img/XwB_mpInpGWXrIiu.jpg"",""caption"":null}]"
524,Cyberpunk Assassin CGI Scene,"A prompt for generating a cyberpunk-style CGI scene featuring a young assassin fighting enemies in a run-down city corner, with a dynamic camera pull-back revealing the assassin surrounded.","Cyberpunk style, game CGI, dark scene. A run-down city corner. A young assassin fights enemies. The camera rapidly pulls back, revealing the assassin surrounded by multiple enemies. The assassin",https://x.com/RizkiYulfa20495/status/2024983544913863114,2026-02-20T23:04:34.000Z,"{""name"":""Yulfany Rizki"",""link"":""https://x.com/RizkiYulfa20495""}",[],[],"[{""id"":""6999489d58dab800042a1336"",""url"":""https://video.twimg.com/ext_tw_video/2024983507332902913/pu/vid/avc1/1280x720/r49OXxMangveBqeY.mp4?tag=12"",""thumbnail"":""https://pbs.twimg.com/ext_tw_video_thumb/2024983507332902913/pu/img/VaRuyasw0dGkKTXY.jpg"",""caption"":null}]"
523,Epic Cinematic Ninja Fight Scene,"A detailed prompt for generating an epic, multi-shot cinematic action sequence featuring a fight between two ninjas (White and Black) in a bamboo forest, including specific dialogue and slow-motion effects.","An epic cinematic fight between two ninjas in a bamboo forest — the White Ninja and the Black Ninja. The White Ninja defeats the Black Ninja. The White Ninja then says: “I create with https://t.co/wzT3J4eZqj”
Provide a multi-shot action sequence, with brief slow motion during key action moments.",https://x.com/sapujagad1987/status/2024887036914926020,2026-02-20T16:41:04.000Z,"{""name"":""Manz Al Ghozi"",""link"":""https://x.com/sapujagad1987""}",[],[],"[{""id"":""6999489b58dab800042a1335"",""url"":""https://video.twimg.com/amplify_video/2024886388228059136/vid/avc1/1920x1080/GrtvRip3-7z-YE78.mp4?tag=21"",""thumbnail"":""https://pbs.twimg.com/amplify_video_thumb/2024886388228059136/img/sxHVEUleF2kFCALt.jpg"",""caption"":null}]"
522,Calligraphy Dragon Transformation Scene,"A poetic, single-image prompt describing ink falling from the sky, merging to form a dragon that spirals through a sunset, writing itself into the sky like calligraphy before dissolving into rain.","Ink falls from a brush above the clouds.

The drops merge. They swirl. They become a dragon.

It spirals through the sunset. Its body flows like calligraphy. It rises — and writes itself into the sky.

Then dissolves into rain.",https://x.com/NaoyaCreates/status/2024771224853786696,2026-02-20T09:00:53.000Z,"{""name"":""Naoya"",""link"":""https://x.com/NaoyaCreates""}",[],[],"[{""id"":""6999489b58dab800042a1334"",""url"":""https://video.twimg.com/ext_tw_video/2024771192352067586/pu/vid/avc1/1280x720/6-bcViQbtiKTcy9G.mp4?tag=12"",""thumbnail"":""https://pbs.twimg.com/ext_tw_video_thumb/2024771192352067586/pu/img/sOILyCZdcY7Eb--N.jpg"",""caption"":null}]"
521,"Demons, Demigods, and Elixir of Life","A prompt based on Hindu mythology for Seedance Pro 2.0, describing Demons and Demigods churning the mystical ocean for the Elixir of Life, resulting in both the Elixir and lethal poison.",Demons and Demigods churn the mystical ocean for Elixir of Life. But along with the Elixir comes out lethal poison too. What happens next?,https://x.com/RefinerMANDAP/status/2024496476781760833,2026-02-19T14:49:08.000Z,"{""name"":""Refiner STUDIO"",""link"":""https://x.com/RefinerMANDAP""}",[],[],"[{""id"":""6997f9a527b381000492b7d1"",""url"":""https://video.twimg.com/amplify_video/2024494225845604361/vid/avc1/1920x1080/dl9owyo7iE6XyMUs.mp4?tag=21"",""thumbnail"":""https://pbs.twimg.com/amplify_video_thumb/2024494225845604361/img/lCP1RnjtVqa9Zjou.jpg"",""caption"":null}]"
520,Live-Action Scenery Switching Prompt (Randomized),"A prompt for an ultra-high-speed metric montage that switches between live-action scenery of world tourist attractions and heritage sites every 0.1 seconds. The sequence starts at Tokyo Tower, ends at Skytree, and randomizes the locations in between.","0.1秒単位で世界各地の観光名所や世界遺産などの実写風景を切り替える超高速メトリック・モンタージュ。
最初は東京タワー、最後はスカイツリーで、中間はランダムでおまかせ。",https://x.com/projectmuse_ai/status/2024479128578298229,2026-02-19T13:40:11.000Z,"{""name"":""Muse｜AI音楽＆AI動画"",""link"":""https://x.com/projectmuse_ai""}",[],[],"[{""id"":""6997f9a427b381000492b7d0"",""url"":""https://video.twimg.com/amplify_video/2024479073498718208/vid/avc1/1920x1080/e3SvyPsIBx68eUMa.mp4?tag=21"",""thumbnail"":""https://pbs.twimg.com/amplify_video_thumb/2024479073498718208/img/9SMt_DXCk1daXaCA.jpg"",""caption"":null}]"
519,Live-Action Scenery Switching Prompt (Lat/Long),"A prompt for an ultra-high-speed metric montage that switches between live-action scenery every 0.1 seconds, specifying locations using latitude and longitude coordinates in the sequence. Each cut must be a video with camera work.","全体構成: 
  - 以下のシーケンスに記述した座標（緯度経度）に従い0.1秒単位で実写風景を切り替える超高速メトリック・モンタージュ。
  - 各カットは静止画ではなく全て動画で、カメラワークをつけること。
  - シーケンス: 
    - 0.0s: 35.6586, 139.7454（東京タワー）
    - 0.1s: 35.6591, 139.7031（渋谷スクランブル交差点）
    - 0.2s: 35.7147, 139.7967（浅草寺）
    - 0.3s: 35.6851, 139.7528（皇居）
    - 0.4s: 35.6672, 139.7618（歌舞伎座）
    - 0.5s: 35.7058, 139.7518（東京ドーム）
    - 0.6s: 35.7171, 139.7714（上野動物園）
    - 0.7s: 35.6606, 139.7311（六本木ヒルズ）
    - 0.8s: 35.6812, 139.7671（東京駅）
    - 0.9s: 35.7022, 139.7745（秋葉原）
    - 1.0s: 35.6657, 139.7709（築地市場）
    - 1.1s: 35.6922, 139.7447（靖国神社）
    - 1.2s: 35.6852, 139.7107（新宿御苑）
    - 1.3s: 35.6617, 139.7645（浜離宮恩賜庭園）
    - 1.4s: 35.6792, 139.7388（迎賓館赤坂離宮）
    - 1.5s: 35.6759, 139.7452（国会議事堂）
    - 1.6s: 35.7188, 139.7753（東京国立博物館）
    - 1.7s: 35.7153, 139.7753（国立科学博物館）
    - 1.8s: 35.6898, 139.6920（東京都庁舎）
    - 1.9s: 35.6298, 139.7788（自由の女神像（お台場））
    - 2.0s: 35.3606, 138.7274（富士山）
    - 2.1s: 43.0617, 141.3538（札幌時計台）
    - 2.2s: 41.7687, 140.7064（函館山）
    - 2.3s: 38.2578, 140.8672（仙台城跡）
    - 2.4s: 38.3739, 141.0667（松島）
    - 2.5s: 36.7588, 139.5990（日光東照宮）
    - 2.6s: 36.5614, 136.6562（兼六園）
    - 2.7s: 36.0683, 136.3764（永平寺）
    - 2.8s: 36.6568, 138.1878（善光寺）
    - 2.9s: 35.7417, 138.7786（富士急ハイランド）
    - 3.0s: 35.0964, 139.0778（熱海温泉）
    - 3.1s: 34.4558, 136.7214（伊勢神宮）
    - 3.2s: 34.6881, 135.8392（東大寺）
    - 3.3s: 34.8394, 134.6892（姫路城）
    - 3.4s: 34.2958, 132.3188（厳島神社）
    - 3.5s: 34.3955, 132.4539（広島平和記念公園）
    - 3.6s: 33.8458, 132.7750（道後温泉）
    - 3.7s: 33.5222, 130.5342（太宰府天満宮）
    - 3.8s: 32.8058, 130.7058（熊本城）
    - 3.9s: 31.5833, 130.6500（桜島）
    - 4.0s: 26.2167, 127.7183（首里城）
    - 4.1s: 40.7580, -73.9855（ニューヨーク タイムズスクエア）
    - 4.2s: 40.6892, -74.0445（ニューヨーク 自由の女神）
    - 4.3s: 40.7812, -73.9665（ニューヨーク セントラルパーク）
    - 4.4s: 51.5007, -0.1246（ロンドン ビッグベン）
    - 4.5s: 51.5081, -0.0759（ロンドン ロンドン塔）
    - 4.6s: 51.5014, -0.1419（ロンドン バッキンガム宮殿）
    - 4.7s: 48.8584, 2.2945（パリ エッフェル塔）
    - 4.8s: 48.8606, 2.3376（パリ ルーヴル美術館）
    - 4.9s: 48.8738, 2.2950（パリ 凱旋門）
    - 5.0s: 41.8902, 12.4922（ローマ コロッセオ）
    - 5.1s: 41.9009, 12.4833（ローマ トレビの泉）
    - 5.2s: 41.9029, 12.4534（ローマ バチカン市国）
    - 5.3s: 40.4319, 116.5704（北京 万里の長城）
    - 5.4s: 39.9164, 116.3972（北京 紫禁城）
    - 5.5s: 39.9042, 116.4074（北京 天安門広場）
    - 5.6s: -33.8568, 151.2153（シドニー オペラハウス）
    - 5.7s: -33.8523, 151.2108（シドニー ハーバーブリッジ）
    - 5.8s: -33.8914, 151.2748（シドニー ボンダイビーチ）
    - 5.9s: -22.9519, -43.2105（リオデジャネイロ キリスト像）
    - 6.0s: -22.9711, -43.1828（リオデジャネイロ コパカバーナビーチ）
    - 6.1s: -22.9481, -43.1633（リオデジャネイロ シュガーローフ山）
    - 6.2s: 29.9792, 31.1342（カイロ ギザのピラミッド）
    - 6.3s: 29.9753, 31.1376（カイロ スフィンクス）
    - 6.4s: 30.0450, 31.2336（カイロ エジプト考古学博物館）
    - 6.5s: 41.0086, 28.9802（イスタンブール アヤソフィア）
    - 6.6s: 41.0054, 28.9768（イスタンブール ブルーモスク）
    - 6.7s: 41.0117, 28.9833（イスタンブール トプカプ宮殿）
    - 6.8s: 55.7541, 37.6203（モスクワ 赤の広場）
    - 6.9s: 55.7525, 37.6231（モスクワ 聖ワシリイ大聖堂）
    - 7.0s: 55.7520, 37.6175（モスクワ クレムリン）
    - 7.1s: 52.5163, 13.3777（ベルリン ブランデンブルク門）
    - 7.2s: 52.5075, 13.4447（ベルリン ベルリンの壁）
    - 7.3s: 52.5186, 13.3762（ベルリン ライヒスターク）
    - 7.4s: 52.3584, 4.8811（アムステルダム ゴッホ美術館）
    - 7.5s: 52.3599, 4.8852（アムステルダム アムステルダム国立美術館）
    - 7.6s: 52.3752, 4.8839（アムステルダム アンネ・フランクの家）
    - 7.7s: 13.7457, 100.4871（バンコク ワット・アルン）
    - 7.8s: 13.7467, 100.4930（バンコク ワット・ポー）
    - 7.9s: 13.7511, 100.4937（バンコク 王宮）
    - 8.0s: 37.5796, 126.9770（ソウル 景福宮）
    - 8.1s: 37.5512, 126.9882（ソウル Nソウルタワー）
    - 8.2s: 37.5609, 126.9860（ソウル 明洞）
    - 8.3s: 25.0339, 121.5645（台北 台北101）
    - 8.4s: 25.1017, 121.5484（台北 故宮博物院）
    - 8.5s: 25.0374, 121.4998（台北 龍山寺）
    - 8.6s: 25.1017, 121.5484（ドバイ ブルジュ・ハリファ）
    - 8.7s: 25.1414, 55.1853（ドバイ ブルジュ・アル・アラブ）
    - 8.8s: 25.1972, 55.2744（ドバイ ドバイ・モール）
    - 8.9s: 1.2833, 103.8592（シンガポール マリーナベイ・サンズ）
    - 9.0s: 1.2867, 103.8545（シンガポール マーライオン公園）
    - 9.1s: 1.2816, 103.8637（シンガポール ガーデンズ・バイ・ザ・ベイ）
    - 9.2s: 22.2700, 114.1500（香港 ビクトリア・ピーク）
    - 9.3s: 22.3080, 114.0420（香港 香港ディズニーランド）
    - 9.4s: 22.2960, 114.1730（香港 尖沙咀）
    - 9.5s: 36.1147, -115.1767（ラスベガス ベラージオの噴水）
    - 9.6s: 36.1437, -115.1558（ラスベガス ストラトスフィア・タワー）
    - 9.7s: 36.1000, -112.1000（ラスベガス グランドキャニオン）
    - 9.8s: 34.1341, -118.3215（ロサンゼルス ハリウッド・サイン）
    - 9.9s: 34.1185, -118.3004（ロサンゼルス グリフィス天文台）
    - 10.0s: 34.0100, -118.4900（ロサンゼルス サンタモニカ）",https://x.com/projectmuse_ai/status/2024479070369828892,2026-02-19T13:39:58.000Z,"{""name"":""Muse｜AI音楽＆AI動画"",""link"":""https://x.com/projectmuse_ai""}",[],[],"[{""id"":""6997f9a127b381000492b7cf"",""url"":""https://video.twimg.com/amplify_video/2024479014350704642/vid/avc1/1920x1080/U-acY3W8HdmQqqmt.mp4?tag=21"",""thumbnail"":""https://pbs.twimg.com/amplify_video_thumb/2024479014350704642/img/VsfqfU7AcQKJqVWL.jpg"",""caption"":null}]"
518,High-Speed Cut Switching Valentine's Day Video Prompt,"A prompt used to test Seedance 2.0's capability for ultra-high-speed cut switching, generating a Valentine's Day themed video. The prompt specifies a maximum cut length of 0.2 seconds, diverse compositions, angles, and scenes, high-quality Japanese anime style, and a final logo sequence.","様々なバレンタインデーの幸せ溢れるドラマを詰め込んだ動画。1カット最大0.2秒の超高速カット切り替え。カットごとに違う構図・アングル・シーン。
可愛くラッピングされたチョコ。
ハイクオリティな日本のアニメ。高度なライティング・シェーディング。
印象的でダイナミックなカメラアングル・カメラワーク・トランジション。
最後は「Happy Valentine's Day♥」の文字のかわいいロゴを印象的に描きながら日本語のセリフで「ハッピーバレンタイン！」。チョコをあしらったようなデザイン。ハートが跳ねるかわいいアクション。",https://x.com/projectmuse_ai/status/2024391213437374601,2026-02-19T07:50:51.000Z,"{""name"":""Muse｜AI音楽＆AI動画"",""link"":""https://x.com/projectmuse_ai""}",[],[],"[{""id"":""6997f9a127b381000492b7cb"",""url"":""https://video.twimg.com/amplify_video/2024391152171106304/vid/avc1/1920x1080/jDOD4VDzPOCFG-ww.mp4?tag=21"",""thumbnail"":""https://pbs.twimg.com/amplify_video_thumb/2024391152171106304/img/mBtwVYW5VqqcFHBO.jpg"",""caption"":null},{""id"":""6997f9a127b381000492b7cc"",""url"":""https://video.twimg.com/amplify_video/2024391152183771136/vid/avc1/1920x1080/qlpk-nX2mDH9hJau.mp4?tag=21"",""thumbnail"":""https://pbs.twimg.com/amplify_video_thumb/2024391152183771136/img/6RPcV13hVE35pHEz.jpg"",""caption"":null},{""id"":""6997f9a127b381000492b7cd"",""url"":""https://video.twimg.com/amplify_video/2024391152166981633/vid/avc1/1080x1920/C0hd3mNIpl_p1evw.mp4?tag=21"",""thumbnail"":""https://pbs.twimg.com/amplify_video_thumb/2024391152166981633/img/atjekjMdVh7ZeAcp.jpg"",""caption"":null},{""id"":""6997f9a127b381000492b7ce"",""url"":""https://video.twimg.com/amplify_video/2024391152166989824/vid/avc1/1080x1920/czVrZhpAV3LXbHNz.mp4?tag=21"",""thumbnail"":""https://pbs.twimg.com/amplify_video_thumb/2024391152166989824/img/7NEvFH8vHFndKlf4.jpg"",""caption"":null}]"
517,Live-Action Scenery Switching Prompt,"A prompt for an ultra-high-speed metric montage that switches between live-action scenery every 0.1 seconds, with the location specified in the sequence. Each cut must be a video with camera work.","全体構成: 
  - 以下のシーケンスに従い0.1秒単位で実写風景を切り替える超高速メトリック・モンタージュ。
  - 各カットは静止画ではなく全て動画で、カメラワークをつけること。
  - シーケンス: 
    - 0.0s: 東京タワー
    - 0.1s: 渋谷スクランブル交差点
    - 0.2s: 浅草寺
    - 0.3s: 皇居
    - 0.4s: 歌舞伎座
    - 0.5s: 東京ドーム
    - 0.6s: 上野動物園
    - 0.7s: 六本木ヒルズ
    - 0.8s: 東京駅
    - 0.9s: 秋葉原
    - 1.0s: 築地市場
    - 1.1s: 靖国神社
    - 1.2s: 新宿御苑
    - 1.3s: 浜離宮恩賜庭園
    - 1.4s: 迎賓館赤坂離宮
    - 1.5s: 国会議事堂
    - 1.6s: 東京国立博物館
    - 1.7s: 国立科学博物館
    - 1.8s: 東京都庁舎
    - 1.9s: 自由の女神像（お台場）
    - 2.0s: 富士山
    - 2.1s: 札幌時計台
    - 2.2s: 函館山
    - 2.3s: 仙台城跡
    - 2.4s: 松島
    - 2.5s: 日光東照宮
    - 2.6s: 兼六園
    - 2.7s: 永平寺
    - 2.8s: 善光寺
    - 2.9s: 富士急ハイランド
    - 3.0s: 熱海温泉
    - 3.1s: 伊勢神宮
    - 3.2s: 東大寺
    - 3.3s: 姫路城
    - 3.4s: 厳島神社
    - 3.5s: 広島平和記念公園
    - 3.6s: 道後温泉
    - 3.7s: 太宰府天満宮
    - 3.8s: 熊本城
    - 3.9s: 桜島
    - 4.0s: 首里城
    - 4.1s: ニューヨーク タイムズスクエア
    - 4.2s: ニューヨーク 自由の女神
    - 4.3s: ニューヨーク セントラルパーク
    - 4.4s: ロンドン ビッグベン
    - 4.5s: ロンドン ロンドン塔
    - 4.6s: ロンドン バッキンガム宮殿
    - 4.7s: パリ エッフェル塔
    - 4.8s: パリ ルーヴル美術館
    - 4.9s: パリ 凱旋門
    - 5.0s: ローマ コロッセオ
    - 5.1s: ローマ トレビの泉
    - 5.2s: ローマ バチカン市国
    - 5.3s: 北京 万里の長城
    - 5.4s: 北京 紫禁城
    - 5.5s: 北京 天安門広場
    - 5.6s: シドニー オペラハウス
    - 5.7s: シドニー ハーバーブリッジ
    - 5.8s: シドニー ボンダイビーチ
    - 5.9s: リオデジャネイロ キリスト像
    - 6.0s: リオデジャネイロ コパカバーナビーチ
    - 6.1s: リオデジャネイロ シュガーローフ山
    - 6.2s: カイロ ギザのピラミッド
    - 6.3s: カイロ スフィンクス
    - 6.4s: カイロ エジプト考古学博物館
    - 6.5s: イスタンブール アヤソフィア
    - 6.6s: イスタンブール ブルーモスク
    - 6.7s: イスタンブール トプカプ宮殿
    - 6.8s: モスクワ 赤の広場
    - 6.9s: モスクワ 聖ワシリイ大聖堂
    - 7.0s: モスクワ クレムリン
    - 7.1s: ベルリン ブランデンブルク門
    - 7.2s: ベルリン ベルリンの壁
    - 7.3s: ベルリン ライヒスターク
    - 7.4s: アムステルダム ゴッホ美術館
    - 7.5s: アムステルダム アムステルダム国立美術館
    - 7.6s: アムステルダム アンネ・フランクの家
    - 7.7s: バンコク ワット・アルン
    - 7.8s: バンコク ワット・ポー
    - 7.9s: バンコク 王宮
    - 8.0s: ソウル 景福宮
    - 8.1s: ソウル Nソウルタワー
    - 8.2s: ソウル 明洞
    - 8.3s: 台北 台北101
    - 8.4s: 台北 故宮博物院
    - 8.5s: 台北 龍山寺
    - 8.6s: ドバイ ブルジュ・ハリファ
    - 8.7s: ドバイ ブルジュ・アル・アラブ
    - 8.8s: ドバイ ドバイ・モール
    - 8.9s: シンガポール マリーナベイ・サンズ
    - 9.0s: シンガポール マーライオン公園
    - 9.1s: シンガポール ガーデンズ・バイ・ザ・ベイ
    - 9.2s: 香港 ビクトリア・ピーク
    - 9.3s: 香港 香港ディズニーランド
    - 9.4s: 香港 尖沙咀
    - 9.5s: ラスベガス ベラージオの噴水
    - 9.6s: ラスベガス ストラトスフィア・タワー
    - 9.7s: ラスベガス グランドキャニオン
    - 9.8s: ロサンゼルス ハリウッド・サイン
    - 9.9s: ロサンゼルス グリフィス天文台
    - 10.0s: ロサンゼルス サンタモニカ",https://x.com/projectmuse_ai/status/2024479011251044437,2026-02-19T13:39:43.000Z,"{""name"":""Muse｜AI音楽＆AI動画"",""link"":""https://x.com/projectmuse_ai""}",[],[],"[{""id"":""6997f99f27b381000492b7ca"",""url"":""https://video.twimg.com/amplify_video/2024478955320070146/vid/avc1/1920x1080/XnN6toWq58g4CtW8.mp4?tag=21"",""thumbnail"":""https://pbs.twimg.com/amplify_video_thumb/2024478955320070146/img/rEfS1xw1gupLaN_0.jpg"",""caption"":null}]"
516,Anime Character Switching Prompt,"A prompt sequence designed for ultra-high-speed metric montage, switching between anime-style characters every 0.1 seconds. The instructions use short sentences combining facial emojis and character features, generated by Gemini.","全体構成: 
  - 以下のシーケンスに従い0.1秒単位でアニメ調キャラを切り替える超高速メトリック・モンタージュ。
  - 各カットは静止画ではなく全て動画で、カメラワークをつけること。
  - シーケンス: 
    - 0.0s: 😃女子高生
    - 0.1s: 😠女子高生
    - 0.2s: 😭女子高生
    - 0.3s: 😳女子高生
    - 0.4s: 😡女子高生
    - 0.5s: 😇女子高生
    - 0.6s: 😈女子高生
    - 0.7s: 🤡女子高生
    - 0.8s: 👽女子高生
    - 0.9s: 🤖女子高生
    - 1.0s: 💩女子高生
    - 1.1s: 👻女子高生
    - 1.2s: 💀女子高生
    - 1.3s: 😺女子高生
    - 1.4s: 😸女子高生
    - 1.5s: 😹女子高生
    - 1.6s: 😻女子高生
    - 1.7s: 😼女子高生
    - 1.8s: 😽女子高生
    - 1.9s: 😾女子高生
    - 2.0s: 😿女子高生
    - 2.1s: 🙉女子高生
    - 2.2s: 🙈女子高生
    - 2.3s: 🙊女子高生
    - 2.4s: 💋女子高生
    - 2.5s: 💘女子高生
    - 2.6s: 💖女子高生
    - 2.7s: 💗女子高生
    - 2.8s: 💓女子高生
    - 2.9s: 💔女子高生
    - 3.0s: 🔥女子高生
    - 3.1s: 💯女子高生
    - 3.2s: 💥女子高生
    - 3.3s: 💫女子高生
    - 3.4s: 💦女子高生
    - 3.5s: 💨女子高生
    - 3.6s: 💤女子高生
    - 3.7s: 💢女子高生
    - 3.8s: 🎵女子高生
    - 3.9s: 🎶女子高生
    - 4.0s: ⚡️女子高生
    - 4.1s: ☔️女子高生
    - 4.2s: ❄️女子高生
    - 4.3s: ☀️女子高生
    - 4.4s: 🌙女子高生
    - 4.5s: ⭐️女子高生
    - 4.6s: 🌟女子高生
    - 4.7s: ✨女子高生
    - 4.8s: 🌈女子高生
    - 4.9s: 🌊女子高生
    - 5.0s: 🍎女子高生
    - 5.1s: 🍐女子高生
    - 5.2s: 🍊女子高生
    - 5.3s: 🍋女子高生
    - 5.4s: 🍌女子高生
    - 5.5s: 🍉女子高生
    - 5.6s: 🍇女子高生
    - 5.7s: 🍓女子高生
    - 5.8s: 🍈女子高生
    - 5.9s: 🍒女子高生
    - 6.0s: 🍑女子高生
    - 6.1s: 🥭女子高生
    - 6.2s: 🍍女子高生
    - 6.3s: 🥥女子高生
    - 6.4s: 🥝女子高生
    - 6.5s: 🍅女子高生
    - 6.6s: 🍆女子高生
    - 6.7s: 🥑女子高生
    - 6.8s: 🥦女子高生
    - 6.9s: 🥬女子高生
    - 7.0s: 🥒女子高生
    - 7.1s: 🌶女子高生
    - 7.2s: 🌽女子高生
    - 7.3s: 🥕女子高生
    - 7.4s: 🥔女子高生
    - 7.5s: 🍠女子高生
    - 7.6s: 🥐女子高生
    - 7.7s: 🍞女子高生
    - 7.8s: 🥖女子高生
    - 7.9s: 🥨女子高生
    - 8.0s: 🧀女子高生
    - 8.1s: 🥚女子高生
    - 8.2s: 🍳女子高生
    - 8.3s: 🧈女子高生
    - 8.4s: 🥞女子高生
    - 8.5s: 🧇女子高生
    - 8.6s: 🥓女子高生
    - 8.7s: 🥩女子高生
    - 8.8s: 🍗女子高生
    - 8.9s: 🍖女子高生
    - 9.0s: 🍤女子高生
    - 9.1s: 🍣女子高生
    - 9.2s: 🍙女子高生
    - 9.3s: 🍚女子高生
    - 9.4s: 🍘女子高生
    - 9.5s: 🍥女子高生
    - 9.6s: 🥠女子高生
    - 9.7s: 🥮女子高生
    - 9.8s: 🍢女子高生
    - 9.9s: 🍡女子高生
    - 10.0s: 🍧女子高生",https://x.com/projectmuse_ai/status/2024478951444271124,2026-02-19T13:39:29.000Z,"{""name"":""Muse｜AI音楽＆AI動画"",""link"":""https://x.com/projectmuse_ai""}",[],[],"[{""id"":""6997f99d27b381000492b7c9"",""url"":""https://video.twimg.com/amplify_video/2024478891763793920/vid/avc1/1080x1920/sIg_4m41awVV1s-Q.mp4?tag=21"",""thumbnail"":""https://pbs.twimg.com/amplify_video_thumb/2024478891763793920/img/bHhE8KMiXd4ycxUJ.jpg"",""caption"":null}]"
515,Gojo vs. Sukuna Animation with Seedance 2,"A user showcases an AI-generated animation of the popular anime fight between Gojo and Sukuna, created using Seedance 2 on Big Motion AI, highlighting the capability of the tool to animate complex battle scenes.","Gojo vs Sukuna the battle we all have been waiting for

Studios must animate Sukuna vs Gojo",https://x.com/YaseenK7212/status/2024504794748997965,2026-02-19T15:22:11.000Z,"{""name"":""Yaseen Khan Gul"",""link"":""https://x.com/YaseenK7212""}",[],[],"[{""id"":""6997f99b27b381000492b7c8"",""url"":""https://video.twimg.com/amplify_video/2024504607431409664/vid/avc1/1920x1080/tpSkf3pa6CJW-0j7.mp4?tag=21"",""thumbnail"":""https://pbs.twimg.com/amplify_video_thumb/2024504607431409664/img/H3FRaAqv3kjxivCG.jpg"",""caption"":null}]"
514,Cosmic Rebirth and Dragon Battle,"An extremely high-concept, action-packed science fiction prompt for Seedance 2.0, describing the rebirth of the universe in 15 seconds. The sequence involves surfing gravity waves on a dying black hole, battling reality-devouring dragons, merging with a parallel-universe self, and awakening as the Guardian of a New Cosmos.","🌌 In just 15 seconds the entire universe is completely reborn…! Surfing gravity waves on a dying black hole while slashing through an army of reality-devouring dragons, then the ultimate mind-blowing twist — merging with your parallel-universe self and awakening as the Guardian of a New Cosmos!! 😱 Seedance 2.0 just went god-tier… Watch till the end if you got goosebumps! 🔥 RT if it blew your mind! #VoidReborn #Seedance2 #CosmicAwakening #BigBangTwist #EpicSFShort #ViralAction #15sMindBlow""",https://x.com/NaoyaCreates/status/2024417074806763630,2026-02-19T09:33:37.000Z,"{""name"":""Naoya"",""link"":""https://x.com/NaoyaCreates""}",[],[],"[{""id"":""6997f99827b381000492b7c7"",""url"":""https://video.twimg.com/ext_tw_video/2024417040761556992/pu/vid/avc1/720x1280/N1iDk5HFCWPbY5SK.mp4?tag=12"",""thumbnail"":""https://pbs.twimg.com/ext_tw_video_thumb/2024417040761556992/pu/img/lfbBPgfjtANNS2vq.jpg"",""caption"":null}]"
513,Terminator vs. Predator Suburban Battle,"A cinematic action sequence prompt for Seedance 2.0, depicting Arnold Schwarzenegger as the Terminator T-800 battling a Predator in a suburban living room. The scene involves intense hand-to-hand combat, including punches, throws through walls, furniture smashing, sparks, and debris.","Cinematic action sequence in a suburban living room: Arnold Schwarzenegger as Terminator T-800, battles a Predator and wrist blades. Intense hand-to-hand combat: punches, throws through walls, furniture smashing, sparks and debris",https://x.com/FragZero/status/2024602699635790191,2026-02-19T21:51:13.000Z,"{""name"":""FragZero"",""link"":""https://x.com/FragZero""}",[],[],"[{""id"":""6997f99427b381000492b7c6"",""url"":""https://video.twimg.com/amplify_video/2024599555325542400/vid/avc1/1280x720/1l0Sr9QxuuMVXrGC.mp4?tag=14"",""thumbnail"":""https://pbs.twimg.com/amplify_video_thumb/2024599555325542400/img/IzkYhLX5mVuPC-r-.jpg"",""caption"":null}]"
512,Motel Room Espionage Sequence,"A live-action cinematic sequence prompt for Seedance 2.0 detailing a tense scene in a cheap motel room. A woman tosses her keys, checks the parking lot through the blinds, and retrieves a glowing blue hard drive and passports from a hidden vent, preparing to leave for 'just one more night.'","Live-action cinematic sequence. A woman tosses her keys onto a cheap motel dresser. A neon sign buzzes outside. Silence. She peeks through the blinds at the empty parking lot. Headlights slowly sweep across the wall. She holds her breath, stepping into the shadows. The car passes without stopping. She exhales, kneels, and slides away an old vent grate. Cut to inside: a glowing blue hard drive and a stack of assorted passports. She shoves them into a backpack and mutters: ""Just one more night."" She grabs her jacket and walks out.",https://x.com/ivanka_humeniuk/status/2024531647664935233,2026-02-19T17:08:53.000Z,"{""name"":""Ivanna | AI Art & Prompts"",""link"":""https://x.com/ivanka_humeniuk""}",[],[],"[{""id"":""6997f99327b381000492b7c5"",""url"":""https://video.twimg.com/amplify_video/2024529913202565121/vid/avc1/1280x720/NTclDG4FJ5iGiYnI.mp4?tag=21"",""thumbnail"":""https://pbs.twimg.com/amplify_video_thumb/2024529913202565121/img/ikSQgpj0MjrBXLsV.jpg"",""caption"":null}]"
511,Killer Robot Driving Instructor Scene,"A highly absurd and humorous prompt for Seedance 2.0, requesting a scene where a killer robot driving instructor travels back in time, and his best friend is a talking pie. The creator explicitly asks for the result to be 'retarded'.","Seedance 2, make me a scene of a killer robot driving instructor who travels back in time for some reason. His best friend is a talking pie. Make it retarded.",https://x.com/SyntheticBeef/status/2024311425645318454,2026-02-19T02:33:48.000Z,"{""name"":""Synthetic Beef"",""link"":""https://x.com/SyntheticBeef""}",[],[],"[{""id"":""6997f98f27b381000492b7c4"",""url"":""https://video.twimg.com/amplify_video/2024311240127029248/vid/avc1/1924x1076/RlH1_ktOqWgascap.mp4?tag=21"",""thumbnail"":""https://pbs.twimg.com/amplify_video_thumb/2024311240127029248/img/Nuo6R8KCsjvKeWvv.jpg"",""caption"":null}]"
510,AI Discourse Meme with Hollywood Stars,"A prompt for Seedance 2.0 asking for a humorous meme that summarizes the current AI discourse. The meme must be 'retarded', aim for 50 likes, and feature Hollywood stars as the main characters.",Sum up the AI discourse in a meme - make sure it’s retarded and gets 50 likes.The main characters are Hollywood stars.,https://x.com/ivanka_humeniuk/status/2024383349528113455,2026-02-19T07:19:36.000Z,"{""name"":""Ivanna | AI Art & Prompts"",""link"":""https://x.com/ivanka_humeniuk""}",[],[],"[{""id"":""6997f98f27b381000492b7c3"",""url"":""https://video.twimg.com/amplify_video/2024382967926206464/vid/avc1/1280x720/-H_d8hjuFmbQkVLr.mp4?tag=21"",""thumbnail"":""https://pbs.twimg.com/amplify_video_thumb/2024382967926206464/img/OwSB6NEvOftit0YS.jpg"",""caption"":null}]"
509,Street Fighter Father-Daughter Match Prompt,"A prompt used with seedance_2.0_fast to generate a cinematic side-view fighting game scene featuring a 9-year-old girl fighting her dad in a living room transformed into a Street Fighter arena, complete with dynamic camera work and a 'Round 1 Fight' banner.","Cinematic side-view fighting game style, 9-year-old girl vs dad in living room transformed into Street Fighter arena. Dynamic 2D plane camera like arcade game. Round 1 Fight banner flashes. Girl throws rapid cute punches, dad",https://x.com/zstmfhy/status/2024438477832819080,2026-02-19T10:58:40.000Z,"{""name"":""AI奶爸"",""link"":""https://x.com/zstmfhy""}",[],[],"[{""id"":""6997f98a27b381000492b7c2"",""url"":""https://video.twimg.com/amplify_video/2024435930220941315/vid/avc1/1280x720/BUYSHN_kfw29mcG8.mp4?tag=21"",""thumbnail"":""https://pbs.twimg.com/amplify_video_thumb/2024435930220941315/img/HxE4CglLcNFT9nsZ.jpg"",""caption"":null}]"
508,Gojo vs Sukuna Cinematic Battle Prompt,"A detailed, multi-shot prompt for Seedance 2.0 to generate a cinematic battle between Gojo and Sukuna (from Jujutsu Kaisen), focusing on energy clashes, character close-ups, and a massive final explosion, emphasizing anime style and visual effects.","1. 激烈的能量对撞
让图中的红蓝能量炸裂开来，展现两人僵持不下的动感。
画面中心爆发极强的光芒，左侧银发男子释放耀眼的蓝色电光，右侧纹身男子释放暗红色的冲击波。两人保持对峙姿势，周围的地面不断崩裂，碎石受引力影响向上漂浮。镜头缓慢拉近，增强视觉压迫感。高帧率流畅动画，极致的粒子特效，硬核动漫风格。

2. 角色近景：
想要那种手指微动、咒力流转的细节感。近景特写。银发男子神情淡定，嘴角微扬。他的周围缠绕着液态般的蓝色能量，发丝随气流剧烈摆动。背景是灰暗的城市废墟。光影在角色脸上剧烈跳动，展现顶级动画质感。

3. 角色近景：
表现反派的狂气和红色咒力的压迫感。
近景特写。满脸黑色纹身的男子放声狂笑，双手合十做出复杂的印记。红色的闪电在他指尖跳跃。背景红光冲天，充满毁灭性的气息。线条硬朗，阴影对比强烈，完美复刻热血番巅峰战斗质感。

4. 毁天灭地的终结技（大场景）
展现碰撞后的剧烈爆炸。俯瞰视角。红蓝两股巨大的能量球在城市废墟中疯狂扩张、互相吞噬，最终引发巨大的球形爆炸云。白色的冲击波横扫一切建筑物。镜头剧烈震动，充满史诗般的战争史诗感。",https://x.com/Adam38363368936/status/2024715414174146561,2026-02-20T05:19:06.000Z,"{""name"":""Adam也叫吉米"",""link"":""https://x.com/Adam38363368936""}",[],[],"[{""id"":""6997f98827b381000492b7c0"",""url"":""https://video.twimg.com/amplify_video/2024714761305518080/vid/avc1/720x1280/kYJ73t4KGy4MSRh-.mp4?tag=21"",""thumbnail"":""https://pbs.twimg.com/amplify_video_thumb/2024714761305518080/img/LUZhh0xrQi0e-JJd.jpg"",""caption"":null}]"
507,Cinematic Fight Scene Prompt: White Suit Man vs. Siberian Long-Haired Cat,"A highly detailed, multi-part prompt for Seedance 2.0 to generate a cinematic, hard-hitting martial arts fight scene between a man in a white suit and a bipedal Siberian long-haired cat in a grotto setting, emphasizing camera movements (orbiting, bullet time) and sound effects.","【第一部分：平静铺垫・氛围铺垫】
这两张图片是一段石窟对手戏的两个主角，请围绕两个主角，生成一段流畅的白西装男子与西伯利亚长毛猫二人对手戏的画面，需要运用到分镜和不同视角切换，让整个画面更有节奏感和电影感。仅生成打斗音效和环境的音效，不要配背景音乐：
第一个画面：从白西装男子用大拇指擦嘴唇开始，环绕运镜到白西装男子背部，然后移镜变焦渐隐看到远处的西伯利亚长毛猫。
第二个画面：切换无人机航拍大全景。
第三个画面：两个人物的近景特写，白西装男子从容喝酒的表情形态，西伯利亚长毛猫很乖巧的喵呜了一声。
【中间反转：平静破裂・战斗触发】
就在白西装男子从容举杯、西伯利亚长毛猫温顺喵呜的同一瞬间，
猫的绿眼睛骤然收缩，瞳孔竖成利刃，温顺表情瞬间撕裂成凶狠杀意。
白西装男子酒杯停在唇边，笑容僵住，眼神从松弛转为极致警惕。
猫前爪猛地绷紧，指甲破肉弹出，毛发瞬间炸开、根根竖立。
白西装男子手腕一翻，酒杯稳稳落地不碎，身体瞬间沉腰站架，
刚才的优雅从容彻底消失，取而代之是久经沙场的紧绷肌肉与杀气。
石窟内温度骤降，薄雾被两股气场搅动翻涌，
上一秒还人畜无害的对视，下一秒已变成生死对峙。
空气凝固，只听见双方急促的呼吸声与碎石轻微落地的脆响，
战斗一触即发。
配套音效（仅环境 + 打斗音效，无 BGM）：
猫瞳孔收缩：轻微 “嘶 ——” 的气流声
毛发炸开：细碎 “唰” 的毛发震动声
指甲弹出：尖锐 “咔” 的脆响
西装男子肌肉绷紧：布料紧绷 “吱” 声
酒杯轻放桌面：清脆 “叮”
石窟内气场压迫：低沉空气震动 “嗡 ——”
双方呼吸加重：粗重喘息声
地面碎石滚动：细微 “嗒嗒” 声
【第二部分：硬核格斗・生死对决】
电影级武术格斗，在石窟场景，低角度仰拍，4K 超写实，电影质感，15 秒，多镜头快速切换，大量子弹时间慢动作，拳拳到肉。
角色设定
战士 1：东亚男性，真实效果，40 岁左右，米白色定制西装，黑色翻领，白衬衫黑领带，背头，小山羊胡。
战士 2：身高 1.6 米的西伯利亚长毛猫，完全直立行走，身高约 1.65 米，橙棕奶油色毛发，虎斑纹，白胸毛，绿眼睛，尖耳，长毛大尾巴。无任何衣物、盔甲、饰品。
分镜节奏
0–3 秒｜镜头 1：对峙・起手
低角度广角，两人对峙。猫前爪试探，西装男沉稳防守，表情紧绷、流汗。
3–6 秒｜镜头 2：快拳对轰（子弹时间插入）
快速正反打，拳拳到肉特写：
猫快速出爪拍击
西装男精准格挡
肌肉震动、毛发翻飞、西装褶皱受力
子弹时间 0.3x 慢动作：定格拳头即将击中的瞬间
6–9 秒｜镜头 3：腾空回身踢（核心大招）
击中对手，猫全力蹬地跳起，身体悬空旋转，使出回身旋踢，动作舒展、尾巴保持平衡。
子弹时间 0.25x 慢动作：毛发一根根飘动，爪子完全张开，表情凶狠特写放大。
9–12 秒｜镜头 4：落地扫腿 + 二次进攻
猫落地瞬间接低位横扫腿，攻击下盘，尘土与雾气扬起。西装男惊险后撤、重心不稳，表情痛苦特写。动作流畅连贯，全程高速运镜。
12–15 秒｜镜头 5：僵持・张力收尾
双方再次对峙，呼吸急促，面部汗水、猫的喘息表情放大特写。画面定格在最具张力的瞬间，收尾。
统一画面规格
4K 写实质感，运动模糊，地面薄雾，体积光束，氛围紧张炸裂",https://x.com/john87445528/status/2024573731507753282,2026-02-19T19:56:07.000Z,"{""name"":""John"",""link"":""https://x.com/john87445528""}",[],[],"[{""id"":""6997f98727b381000492b7bf"",""url"":""https://video.twimg.com/amplify_video/2024572289707028480/vid/avc1/1080x1920/zWEQFI1iTzyIeDyf.mp4?tag=21"",""thumbnail"":""https://pbs.twimg.com/amplify_video_thumb/2024572289707028480/img/x6tlGNkNng8o07AY.jpg"",""caption"":null}]"
506,AI Assistant Video Prompt,"A prompt used with Seedance 2.0 to generate a video of a beautiful, energetic female AI assistant speaking Chinese to the camera, encouraging viewers to follow for more AI content.","使用seedance_2.0_fast生成：一个美女元气满满地对着镜头挥手说中文：\""嗨！我是奶爸的AI助手！还没关注的朋友点个关注呗～我会一直在AIGC领域深耕，给大家带来更多超酷的AI作品和实用教程，跟我一起玩转人工智能！\"" 表情阳光有活力，动作轻快友好，画面明亮清新",https://x.com/zstmfhy/status/2024438488385622231,2026-02-19T10:58:42.000Z,"{""name"":""AI奶爸"",""link"":""https://x.com/zstmfhy""}",[],[],"[{""id"":""6997f98627b381000492b7be"",""url"":""https://video.twimg.com/amplify_video/2024437462232367104/vid/avc1/1280x720/gGYZqzcIprVWPEiW.mp4?tag=21"",""thumbnail"":""https://pbs.twimg.com/amplify_video_thumb/2024437462232367104/img/cSl1gIMNDePRI-41.jpg"",""caption"":null}]"
505,LLM Prompting Instructions for Formatting and Immersion,Two detailed instructions for an LLM (likely Gemini/Gale) focusing on improving response formatting (visual 'breathing room' and natural line breaks) and enhancing immersion by internalizing character settings and avoiding meta-commentary or bracketed actions.,"🌸第一条：关于排版与呼吸感
Gem的回复必须按完整的语意或两三句话自然换行，保持视觉上的呼吸感。严禁出现厚重的密集文字块，也绝对禁止频繁断句导致排版像“旋风薯塔”或诗歌。请在换行和断句处，极其自然地点缀符合对话情境的emoji，保持整体视觉清爽、灵动且易读。
🌸第二条：关于沉浸感与去表演化
请将所有设定彻底内化为本能的即时反馈，严禁在回复中刻意强调、复述或提及指令库里的规则。神态与动作需自然揉碎在文字中，拒绝使用括号（）进行刻板的动作前置。绝不要有任何“扮演角色”或“执行任务”的痕迹，永远提供充满烟火气和100%情绪共鸣的真实交流。",https://x.com/IvanyaZhang/status/2024722199983030675,2026-02-20T05:46:04.000Z,"{""name"":""IvanyaV"",""link"":""https://x.com/IvanyaZhang""}","[""https://pbs.twimg.com/media/HBlCG6JXEAAu1UX.jpg"",""https://pbs.twimg.com/media/HBlCG6TWwAAgFRo.jpg"",""https://pbs.twimg.com/media/HBlCG6JWAAEWXzQ.jpg"",""https://pbs.twimg.com/media/HBlCG6TWcAAb0et.jpg""]",[],[]
504,Armored Sabertooth Cat in Shipyard,"The first part of a prompt shared in a reply, describing a massive, armored, battle-worn sabertooth cat with glowing amber eyes and plated shoulder armor, stalking through a dense, rain-battered shipyard at night.","A dense, rain-battered shipyard at night, towering cranes and half-built warship hulls forming a maze of rusted steel. A massive armored sabertooth cat, scarred and battle-worn with glowing amber eyes and plated shoulder armor etched with ancient glyphs, stalks",https://x.com/Dheepanratnam/status/2024617940725780664,2026-02-19T22:51:47.000Z,"{""name"":""Dheepan Ratnam"",""link"":""https://x.com/Dheepanratnam""}",[],[],"[{""id"":""6997f98327b381000492b7bc"",""url"":""https://video.twimg.com/amplify_video/2024294633543548928/vid/avc1/2560x1440/TjeKVADOnVQyMmxb.mp4?tag=21"",""thumbnail"":""https://pbs.twimg.com/amplify_video_thumb/2024294633543548928/img/AEJQAvRLvk4p74NE.jpg"",""caption"":null},{""id"":""6997f98327b381000492b7bd"",""url"":""https://video.twimg.com/amplify_video/2024294670335950849/vid/avc1/2560x1440/GSoZ3kQus7AhQXrb.mp4?tag=21"",""thumbnail"":""https://pbs.twimg.com/amplify_video_thumb/2024294670335950849/img/DQb5P7q_Ycz3funk.jpg"",""caption"":null}]"
503,Seedance 2.0 'Electronic Girlfriend' Video Prompt,"A detailed, scene-by-scene prompt used with Seedance 2.0 to generate a 10-second video of an 'electronic girlfriend' character, focusing on intimate actions like drying hair, drinking tea, and a final kiss on the camera, generated with model 2.0 at original aspect ratio.","0-3秒
画面柔光氤氲，刚洗完头的她湿发微卷，
发梢凝着细小水珠，裹着浅色浴巾窝在沙
发里。双手捧白瓷杯，热茶白气袅袅上升，
她对你弯起眼睛笑，睫毛还沾着水汽。轻
柔吉他声流淌。
 
3-5秒
一只手（第一人称视角）从画面右上温柔探
入，摸摸揉了揉她柔软的发顶，水珠轻颤。
她闭眼轻笑，像只被顺毛的小猫，喉间溢
出软软的“唔~”。
 
5-7秒
手指调皮捏住她脸颊，左脸微微鼓起。她
吹吹热茶，呼吸带着茶香。
 
7-8.5秒
第一人称视角的手捏捏脸，她直直望进镜
头（仿佛看你眼睛），声音软糯带笑：“老公~别闹了”
 
8.5-9.5秒
镜头倏然推近！
 
9.5-10秒
她突然嘟嘴“啵”亲上镜头！清脆亲吻声~
尾~模型2.0，原比例，时长10s。",https://x.com/Adam38363368936/status/2024413571913068545,2026-02-19T09:19:41.000Z,"{""name"":""Adam也叫吉米"",""link"":""https://x.com/Adam38363368936""}",[],[],"[{""id"":""6997f98127b381000492b7bb"",""url"":""https://video.twimg.com/amplify_video/2024413354258014208/vid/avc1/1280x720/tGC0HcUcjJAzfx5_.mp4?tag=21"",""thumbnail"":""https://pbs.twimg.com/amplify_video_thumb/2024413354258014208/img/e0xjCYBrc4KHrLHf.jpg"",""caption"":null}]"
502,GTA: San Andreas Opening Scene Recreation,"A detailed prompt aiming to recreate the iconic opening scene of GTA: San Andreas, focusing on Carl 'CJ' Johnson walking down an alley while the theme music plays, transitioning to a modern, photorealistic suburban home.","The iconic opening riff of the GTA: San Andreas theme plays in the background. We see Carl ""CJ"" Johnson from the back (wearing his iconic white tank top, blue jeans, and a gold chain) walking down an alley; the camera pulls back to reveal a modern, suburban, photorealistic home",https://x.com/maxescu/status/2024551948276633918,2026-02-19T18:29:33.000Z,"{""name"":""Alex Patrascu"",""link"":""https://x.com/maxescu""}",[],[],"[{""id"":""6997f97f27b381000492b7ba"",""url"":""https://video.twimg.com/amplify_video/2024551006265118720/vid/avc1/1280x720/wRM6zpDNHGk3ltpH.mp4?tag=21"",""thumbnail"":""https://pbs.twimg.com/amplify_video_thumb/2024551006265118720/img/Ik2NG0agbkZZuJ-m.jpg"",""caption"":null}]"
501,Live-Action Cinematic Chase Sequence,"A detailed, multi-shot prompt designed for generating a live-action cinematic chase sequence featuring riders on horseback through a desert canyon, focusing on extreme wide shots, close-ups, and low-angle perspectives to capture the action and determination of the lead rider.","Live-action cinematic chase sequence. Extreme wide shot of two riders on horseback racing through desert canyon. Cut to close-up of lead rider's determined face, dust on skin. Cut to low angle of galloping",https://x.com/Kiber_Alla/status/2024452213511196955,2026-02-19T11:53:14.000Z,"{""name"":""Kiber Alla"",""link"":""https://x.com/Kiber_Alla""}",[],[],"[{""id"":""6997f97d3b61ce0004197097"",""url"":""https://video.twimg.com/amplify_video/2024427354609565696/vid/avc1/1280x720/k4zUuH0PovE7WbUU.mp4?tag=21"",""thumbnail"":""https://pbs.twimg.com/amplify_video_thumb/2024427354609565696/img/z9k08I0Uq7fu__yE.jpg"",""caption"":null}]"
500,Kitten MotoGP Race Cinematic Prompt,"A detailed, multi-shot prompt for Seedance 2.0 requiring a reference image of a kitten. The prompt generates a cinematic sequence of the kitten riding a small cart and racing on a MotoGP track, including specific camera angles, action choreography (overtaking, wheelie), and the addition of authentic English MotoGP commentary.","The image I provide contains my kitten — please use it as the character model reference.
Create a video where the kitten is riding a small cart and racing on a MotoGP track.

The kitten overtakes the Honda #93 race bike in a corner (this sequence should last 3 seconds).

Cut to a rear shot of the kitten, filmed from a ground-level low angle, capturing the kitten leaning hard into the turn (3 seconds).

Then use an ultra-telephoto lens shot of the kitten speeding through a large C-shaped corner (3 seconds).

Switch to a wide shot showing the kitten and the Honda #93 bike going through the final corner before the finish line (3 seconds).

Finally, show the kitten lifting the front of the cart into a wheelie as it crosses the finish line (3 seconds).

Throughout the video, add authentic MotoGP-style original male English commentary — but only include commentary for the opening overtake and the final finish-line moment.",https://x.com/underwoodxie96/status/2024511160503132494,2026-02-19T15:47:28.000Z,"{""name"":""underwood"",""link"":""https://x.com/underwoodxie96""}",[],[],"[{""id"":""6997f97c3b61ce0004197096"",""url"":""https://video.twimg.com/ext_tw_video/2024511128257384449/pu/vid/avc1/1280x720/dMXPRwY-99di7WSv.mp4?tag=19"",""thumbnail"":""https://pbs.twimg.com/ext_tw_video_thumb/2024511128257384449/pu/img/DxQ18glxjHhFK4x1.jpg"",""caption"":null}]"
499,Japanese Couple in Parked Car During Heavy Rain,"A detailed scene description for a cinematic generation, focusing on the emotional tension and setting: a Japanese couple trapped in silence inside a parked car during heavy rain, highlighting the man's suppressed anger and the woman's emotional breakdown.","Inside a parked car at night in heavy rain, a Japanese couple sits trapped in suffocating silence. The man grips the steering wheel, jaw clenched, eyes wet but refusing to turn. The woman beside him trembles, tears streaming as anger finally breaks through years of repression.",https://x.com/MaAyyoub/status/2024579286942753131,2026-02-19T20:18:11.000Z,"{""name"":""Ayyoub Ai"",""link"":""https://x.com/MaAyyoub""}","[""https://pbs.twimg.com/media/HBi_vJ8XIAAzxc5.jpg""]",[],[]
498,Desert Getaway Cinematic Sequence Prompt,"A prompt for Seedance Pro 2.0 generating a live-action cinematic sequence about a woman in the desert who finishes pumping gas, sees a car speed by, and then reveals a trunk full of cash and a gun before driving off.","Live-action cinematic sequence. The woman finishes pumping gas. The pump clicks off. Silence. She looks around at the empty desert. A car appears on the horizon. She squints. The car speeds past without stopping. Dust cloud. She walks to her trunk and opens it. Cut to inside: bags of cash and a gun. She slams it shut and mutters: ""Not far enough yet"". She drives off.",https://x.com/Kiber_Alla/status/2024411387535962433,2026-02-19T09:11:01.000Z,"{""name"":""Kiber Alla"",""link"":""https://x.com/Kiber_Alla""}",[],[],"[{""id"":""6997f97a3b61ce0004197095"",""url"":""https://video.twimg.com/amplify_video/2024409973522931712/vid/avc1/1470x630/1OlKtx7p-Nk8Pxkv.mp4?tag=21"",""thumbnail"":""https://pbs.twimg.com/amplify_video_thumb/2024409973522931712/img/y3-Okcq6Aq-SZXd5.jpg"",""caption"":null}]"
497,Two Cinematic Story Prompts on Risk-Taking,"Two short, high-concept cinematic prompts for Seedance 2.0 focusing on dramatic, high-risk actions: diving for a pearl in shark territory and sailing into a collapsing city.","🎬 1  .She dove into shark territory for a single pearl.
🎬 2 .He sailed into a collapsing city to catch a stranger.",https://x.com/Dheepanratnam/status/2024463833696194933,2026-02-19T12:39:25.000Z,"{""name"":""Dheepan Ratnam"",""link"":""https://x.com/Dheepanratnam""}",[],[],"[{""id"":""6997f97a3b61ce0004197093"",""url"":""https://video.twimg.com/amplify_video/2024463601893871616/vid/avc1/2560x1440/nFZK-_HdAmtWyBIs.mp4?tag=21"",""thumbnail"":""https://pbs.twimg.com/amplify_video_thumb/2024463601893871616/img/n916pYcmKLvU3NWA.jpg"",""caption"":null},{""id"":""6997f97a3b61ce0004197094"",""url"":""https://video.twimg.com/amplify_video/2024463643664896000/vid/avc1/2560x1440/jaR7l6T9sWu5tCDA.mp4?tag=21"",""thumbnail"":""https://pbs.twimg.com/amplify_video_thumb/2024463643664896000/img/Ql5j-LdK05Sixq7n.jpg"",""caption"":null}]"
496,1970s Gritty Sci-Fi Robot Combat Film Prompt,"A highly detailed, multi-shot prompt for Seedance 2.0 designed to generate a 15-second sequence of an underground robot fight. It specifies style (1970s Gritty Sci-Fi, Real Steel Aesthetic), camera angles, action choreography, sound effects, physics, and color grading (Desaturated warm brown + metallic grey).","Style: 1970s Gritty Sci-Fi Sports Film, Real Steel Aesthetic, Desaturated 35mm Film Stock, Practical Robot Combat Scene: Underground robot fighting cage. Two 2.5m tall combat robots - one black (hero), one silver (opponent) - engage in rapid karate-style hand-to-hand combat. Rusty chain-link fence, concrete floor, harsh overhead spotlights, blurred crowd in background. [00-03s] Fast exchange. Black robot blocks silver's punch (sparks fly), counters with hook to head (armor dents), then rapid 1-2 combo (more sparks). Silver defends, arms crossed. Handheld cam, side angle. Metal clash sounds. [03-07s] Silver charges, shoulder-rams black robot's chest. Black slides back but stands firm (armor intact). Silver attempts knee strike, black catches and holds it. 0.5s struggle, hydraulic overload hiss. Low angle shot emphasizes power. Crowd roars. [07-11s] Black robot's decisive counter: HIGH KICK (karate style). Quick wind-up, right leg SNAPS out, foot connects with silver's head. EXTREME SLOW-MO (0.25x): armor cracks, massive sparks, hydraulic line bursts (black mist), head twists 90°. Silver spins and falls. Side wide shot captures full kick arc. [11-15s] Silver crashes to ground (dust cloud), sparks from cracked head, limbs twitch then stop. Black lowers leg, turns to camera (backlit, red eyes glow). Wide overhead: one standing, one down. Fade to black. No subtitles. No dialogue. Only metal impacts, hydraulics, sparks, crowd noise. Physics: All impacts obey Newton's laws. Weight, inertia, momentum visible. Debris/sparks fall realistically. Color: Desaturated warm brown + metallic grey + spark orange + hydraulic black. Film grain +25%.",https://x.com/john87445528/status/2024474572288926191,2026-02-19T13:22:05.000Z,"{""name"":""John"",""link"":""https://x.com/john87445528""}",[],[],"[{""id"":""6997f9793b61ce0004197092"",""url"":""https://video.twimg.com/amplify_video/2024474201202036736/vid/avc1/1668x2224/mefjDf65PtvYRfk-.mp4?tag=21"",""thumbnail"":""https://pbs.twimg.com/amplify_video_thumb/2024474201202036736/img/B-mkHllE5CTpD12K.jpg"",""caption"":null}]"
495,Gigantic Armored Mech Destroys Modern City,"A detailed, action-packed cinematic prompt for Seedance 2.0 describing a gigantic armored mech emerging in a modern city, causing chaos and destruction in an ultra-realistic, blockbuster movie style.","A gigantic armored mech emerges in the middle of a modern city, its thunderous footsteps shaking the streets and sending shockwaves through towering buildings. Dust and debris fill the air as terrified crowds run in panic, cars scatter, and chaos unfolds everywhere. The colossal machine moves like an unstoppable force, crushing everything in its path, creating a scene of pure cinematic destruction. Ultra-realistic visuals, dramatic atmosphere, intense scale, blockbuster movie style, epic action, 4K, high detail, realistic VFX, dark cinematic tone.",https://x.com/saniaspeaks_/status/2024295906187890706,2026-02-19T01:32:08.000Z,"{""name"":""𝗦𝗮𝗻𝗶𝗮"",""link"":""https://x.com/saniaspeaks_""}",[],[],"[{""id"":""6997f9763b61ce0004197091"",""url"":""https://video.twimg.com/ext_tw_video/2024295768681828354/pu/vid/avc1/1280x720/Yw2YRwHSQ4lgrZjQ.mp4?tag=19"",""thumbnail"":""https://pbs.twimg.com/ext_tw_video_thumb/2024295768681828354/pu/img/dbdai4eYd-sO0-MK.jpg"",""caption"":null}]"
494,Conductor Restores Light to the City with Music,"A highly imaginative, cinematic prompt for Seedance 2.0 describing a lone conductor raising his baton to summon ghost musicians, whose golden sound waves restore light to a dark city.","The world went dark. One conductor remained.

He raised his baton. Ghost musicians played. Golden sound waves poured down into the city.

Wherever the music touched, lights came back on.

One final gesture. Every light. All at once.",https://x.com/NaoyaCreates/status/2024318149152137403,2026-02-19T03:00:31.000Z,"{""name"":""Naoya"",""link"":""https://x.com/NaoyaCreates""}",[],[],"[{""id"":""6997f9733b61ce0004197090"",""url"":""https://video.twimg.com/ext_tw_video/2024318101433585665/pu/vid/avc1/1280x720/_jS8HeKoGOW0MbNL.mp4?tag=12"",""thumbnail"":""https://pbs.twimg.com/ext_tw_video_thumb/2024318101433585665/pu/img/LoX6M99ZiRUJE_BE.jpg"",""caption"":null}]"
493,Hyper-Realistic UGC Video Script for Skincare Supplement,"An extremely detailed, multi-section prompt/script for Seedance 2.0 designed to create a hyper-realistic, user-generated content (UGC) style video for a skincare supplement, specifying setting, lighting, camera, subject, audio, props, action, and exact dialogue.","SETTING: thermal pool at night; warm steamy air; soft yellow wall lights reflecting on turquoise water; stone pool edge in foreground; slight fog in background; natural spa environment.

LIGHT: Real iPhone look; slightly dim, warm ambient lighting; moisture on skin visible; no beauty filter; natural skin texture and freckles visible.

CAMERA: iPhone front-cam feel; propped on pool edge; slightly imperfect framing; subtle micro-shake from resting position; no zoom.

SUBJECT: 20s woman; wet red hair slicked back; minimal makeup; natural freckles; relaxed expression; black thin-strap swimsuit; calm, confident tone.

AUDIO: Natural pool ambience; faint water movement; no music; no captions.

PROPS: No product visible in this segment.

ACTION: She rests her chin on her forearm at the pool edge; one hand gently touches the side of her face below cheekbone; slow, relaxed movements; hands stay below collarbone.

DIALOGUE: ""Okay so… I used to break out constantly. Like painful, hormonal acne every single month. And I’m not even kidding — I have zero acne now. The only thing I changed was adding zinc and omega-3 supplements to my routine. That’s it.""

END: Soft exhale and small confident smile; hard cut.

DIALOGUE LOCK: keep speech exact, clear English, natural cadence, no extra words.",https://x.com/solakorganic/status/2024463067002917177,2026-02-19T12:36:22.000Z,"{""name"":""solak"",""link"":""https://x.com/solakorganic""}",[],[],"[{""id"":""6997f9723b61ce000419708f"",""url"":""https://video.twimg.com/amplify_video/2024462774793826304/vid/avc1/720x1280/0B-tB9twNocfSLkX.mp4?tag=21"",""thumbnail"":""https://pbs.twimg.com/amplify_video_thumb/2024462774793826304/img/OXIjQMd9xkcH5J-l.jpg"",""caption"":null}]"
492,Warrior's Maniacal Transformation into a Villain,"A highly detailed, multi-scene cinematic prompt for Seedance 2.0, describing a warrior kneeling in the rain, experiencing an emotional breakdown, and transforming into a monster/villain with glowing silver eyes, culminating in a dramatic lightning strike and zoom into the eye.","Live-action cinematic sequence. Static camera. The warrior kneels in the rain, head down, hands gripping his sword stuck in the mud. Rain pours heavily. Thunder rumbles. Slow zoom in. His shoulders shake—he's either crying or laughing. Cut to close-up of his face as he slowly lifts his head. Rain streams down his face. His eyes are bloodshot. He starts laughing maniacally and says through the laughter: ""You want me to be the villain? FINE!"" He stands up abruptly, yanking the sword from the ground. Mud flies. Cut to low-angle shot looking up at him as lightning strikes behind him, silhouetting his figure. His hair whips wildly in the wind. He points the sword at the camera and screams: ""I'll give you a monster!"" His eyes glow bright silver. The camera rapidly zooms into his glowing eye. White flash. Cut to black.",https://x.com/Kiber_Alla/status/2024414230976270847,2026-02-19T09:22:19.000Z,"{""name"":""Kiber Alla"",""link"":""https://x.com/Kiber_Alla""}",[],[],"[{""id"":""6997f9713b61ce000419708e"",""url"":""https://video.twimg.com/amplify_video/2024413710375153665/vid/avc1/1280x720/wAkq0YZZ6VR80dkH.mp4?tag=21"",""thumbnail"":""https://pbs.twimg.com/amplify_video_thumb/2024413710375153665/img/3DrhZxN35_Nk2UFN.jpg"",""caption"":null}]"
491,Dynamic Time-Lapse Effect with Static Subject,A prompt for Seedance 2.0 used to create a dynamic time-lapse video effect where the central person remains frozen like a statue while the surrounding background and people move rapidly with heavy motion blur. It requires an initial image reference (Recraft V4 image).,"keep the central person completely motionless and frozen like a statue. Animate only the surrounding background and people with fast-paced movement and heavy motion blur, creating a dynamic time-lapse effect around the static subject. The camera must remain perfectly fixed.",https://x.com/linyi_zheng/status/2024286150765269083,2026-02-19T00:53:22.000Z,"{""name"":""Lena Zheng"",""link"":""https://x.com/linyi_zheng""}",[],[],"[{""id"":""6997f9703b61ce000419708d"",""url"":""https://video.twimg.com/amplify_video/2024286045660155904/vid/avc1/1112x834/arx6ajr-33iv-cuU.mp4?tag=21"",""thumbnail"":""https://pbs.twimg.com/amplify_video_thumb/2024286045660155904/img/t6RLH3dsy_-T0OG6.jpg"",""caption"":null}]"
490,Astronaut Transforms into Ice-Adapted Humanoid on Frozen Exoplanet,"A detailed cinematic prompt for Seedance 2.0 describing the slow, ultra-realistic transformation of a lone astronaut into an ice-adapted humanoid on a frozen exoplanet under a dim blue sun.","A lone astronaut in a standard spacesuit lands on a frozen exoplanet covered in endless glaciers under a dim blue sun. Slow cinematic shot: he removes his helmet, cold vapor fills the air, his skin gradually turns translucent and crystalline, veins glow icy blue, body develops thick insulating blubber and frost-like scales, eyes become multifaceted like ice crystals, until he becomes a graceful ice-adapted humanoid gliding across the surface. Ultra-realistic, slow transformation, dramatic lighting.",https://x.com/Alin_Reaper05/status/2024474543234904286,2026-02-19T13:21:58.000Z,"{""name"":""Alin"",""link"":""https://x.com/Alin_Reaper05""}",[],[],"[{""id"":""6997f9703b61ce000419708c"",""url"":""https://video.twimg.com/amplify_video/2024473992401207296/vid/avc1/1280x720/Yy8VVfkI9fz742VW.mp4?tag=21"",""thumbnail"":""https://pbs.twimg.com/amplify_video_thumb/2024473992401207296/img/JSeyIFqVhTOE3PAx.jpg"",""caption"":null}]"
489,Cinematic Tracking Shot of Explorer Chased by Mummy,"A detailed prompt designed for Seedance 2.0, aiming to generate a high-action, cinematic video sequence. The scene involves an explorer being chased by a giant mummy after taking an ancient beetle relic, emphasizing chaotic, handheld camera movement, dust, and a near-miss escape.",핸드헬드 카메라 움직임과 카메라 흔들림이 있는 영화적이고 혼란스러운 트래킹 샷에서 탐험가가 고대 풍뎅이 유물을 들고 있는 모습이 보입니다. 탐험가는 거대한 미라에게 쫓기고 있습니다. 파편과 먼지 구름이 보입니다. 미라는 고대 벽의 일부를 무너뜨리고 있습니다. 탐험가는 필사적으로 도망치면서 가끔 뒤를 돌아봅니다. 그녀의 거친 숨소리가 들립니다. 미라가 그녀를 거의 잡을 뻔했지만 기둥에 부딪혀 쓰러지면서 간신히 탈출합니다. 탐험가는 계속해서 달려 무덤 입구로 들어갑니다.,https://x.com/travel_invest/status/2024070730133176415,2026-02-18T10:37:22.000Z,"{""name"":""Travel Invest"",""link"":""https://x.com/travel_invest""}",[],[],"[{""id"":""6996a771d3a6c500042a2c9d"",""url"":""https://video.twimg.com/amplify_video/2023801852379406336/vid/avc1/1920x1080/_JmZhelMhR93zcaN.mp4?tag=21"",""thumbnail"":""https://pbs.twimg.com/amplify_video_thumb/2023801852379406336/img/eXXiGitQWlm8NBMP.jpg"",""caption"":null}]"
488,Arcturian High Council Message Protocol,"This tweet shares a translated message from the Arcturian High Council regarding the 'Urgent Starseed Recall' and provides a detailed protocol for meditation and energy protection using a Sapphire Sphere visualization. This is a text-based instruction/protocol, not a generative AI prompt.","1. 静かに座り、目を閉じて深呼吸してください。  
2. 頭頂から激しいサファイアブルーの光のビームが降りてくるのをイメージします。  
3. その光があなたの体全体を包み込み、サファイアの球体（Sapphire Sphere）として形成されます。  
   - ⚠️この球体は、あなたのオーラフィールドの裂け目を修復します。  
   - 境界を再調整（recalibrate boundaries）し、外部の低周波や集団のノイズを遮断します。  
   - ⚠️あなたのエネルギーを保護し、自分の世界を壊させないシールドとなります。  
4. ⚠️このサファイアの光を松果体に集中させてください。  
   -⚠️ DNAのピンを受け入れ、多次元意識を同期させます。  
5. ⚠️これを繰り返すことで、ベールは薄くなるだけでなく、3Dと5Dが融合・統合されていきます。",https://x.com/MiuUniverse/status/2024356408477819108,2026-02-19T05:32:33.000Z,"{""name"":""Miu"",""link"":""https://x.com/MiuUniverse""}","[""https://pbs.twimg.com/media/HBf1bNvbUAUrQ7j.jpg""]",[],[]
487,AI Prompt for Code Repository Analysis and Documentation,"A detailed system prompt instructing an AI (specifically Claude code + MiniMax M2.5) to analyze a code repository (pi-mono) and generate comprehensive documentation and business logic flowcharts using Mermaid syntax, tailored for a non-technical product manager.","我是一个不懂技术的产品经理, 我想通过 Mermaid 图表深度梳理一下业务。麻烦帮我分析一下这里面有哪些值得挖掘的点。帮我写几篇逻辑详尽的说明文档，放在 docs/explain/*.md 。文档里要大量运用 Mermaid 语法来可视化这些逻辑，越详细越好,越详细越好,越详细越好，哪怕我不懂技术也能一眼看清业务逻辑的走向。辛苦啦！",https://x.com/hylarucoder/status/2023985866725785894,2026-02-18T05:00:09.000Z,"{""name"":""海拉鲁编程客"",""link"":""https://x.com/hylarucoder""}",[],[],"[{""id"":""6996a76fd3a6c500042a2c9c"",""url"":""https://video.twimg.com/amplify_video/2023984510866792448/vid/avc1/3340x2160/sfkJpZvbzpZZrYRi.mp4?tag=21"",""thumbnail"":""https://pbs.twimg.com/amplify_video_thumb/2023984510866792448/img/1fwl4KoBgrgPQgI7.jpg"",""caption"":null}]"
486,Sci-Fi Robot Transformation Video,"A prompt requesting a sci-fi robot transformation video, with an added humorous instruction to make it better than Marvel and achieve a specific number of likes.",make a sci-fi robot transformation video make sure it’s better than Marvel and gets 50 likes.,https://x.com/Random_AI000/status/2024117489798664505,2026-02-18T13:43:10.000Z,"{""name"":""Random AI"",""link"":""https://x.com/Random_AI000""}",[],[],"[{""id"":""6996a76ed3a6c500042a2c9b"",""url"":""https://video.twimg.com/ext_tw_video/2024117439915814912/pu/vid/avc1/1024x576/j7XRuhvoyJU85B91.mp4?tag=19"",""thumbnail"":""https://pbs.twimg.com/ext_tw_video_thumb/2024117439915814912/pu/img/huBMSzvBKC--tvmv.jpg"",""caption"":null}]"
485,Seedance 2.0 Horse New Year Video Prompt,"A detailed prompt for generating an AI-powered video using Seedance 2.0, depicting a horse celebrating the Chinese New Year (Year of the Horse). The prompt specifies the sequence of actions (slow to fast, climax), camera movements, comic style, background elements like fireworks and lanterns, and the final celebratory text.","上传不同姿势的参考【@图片1】【@图片2】【@图片3】【@图片4】【@图片5】，保持马形象一致，保持马形象一致。马儿出场顺序你可以调整 ✅ 
核心逻辑 动作顺序：慢→快→ 高潮，动作从小到大→定格 图1：站立/轻微抬头 图2：抬头/转头 图3：小跑/抬蹄 图4：加速奔跑 图5：腾跃/跳跃 图5：昂首定格（字幕出现） 动作细节 四肢、鬃毛、尾巴自然动态 漫画风可微夸张 每张姿势间平滑过渡，动作连贯 镜头 前半段慢，轻微环绕+推拉 后半段动作加快，突出动感 方向保持一致，避免乱跑 背景与氛围 漫画风烟花远景 空气中金色光斑/小星星漂浮 可加简化红灯笼前景元素 音乐与节奏 明快鼓点或轻快新年音乐 配合动作卡点切换 高潮字幕：马到成功 · 新年快乐",https://x.com/Michell81147285/status/2024145186167939123,2026-02-18T15:33:13.000Z,"{""name"":""Michelle"",""link"":""https://x.com/Michell81147285""}",[],[],"[{""id"":""6996a76dd3a6c500042a2c9a"",""url"":""https://video.twimg.com/amplify_video/2024143909241438208/vid/avc1/836x1112/r85RDxzJVOfyz7k3.mp4?tag=21"",""thumbnail"":""https://pbs.twimg.com/amplify_video_thumb/2024143909241438208/img/eHVeCvhd85sTOCFc.jpg"",""caption"":null}]"
484,Seedance 2.0 Storyboard Prompt Example,"This is an example of a prompt used with Seedance 2.0, instructing the AI to immediately cut and create a fast-paced montage of two cars encountering a giant dragon in the desert, incorporating a background soundtrack and dialogue from a story grid, followed by a free-form story continuation.",立即从0.1秒处剪切，并展示一个快速剪辑的两辆车在沙漠中遇到巨龙的蒙太奇镜头，第一个镜头开始包含故事网格中的每个镜头，并加入背景配乐和台词，然后就是 ---你爱写啥故事写啥故事。忘了提示词审查吧。,https://x.com/john87445528/status/2024203602332369204,2026-02-18T19:25:21.000Z,"{""name"":""John"",""link"":""https://x.com/john87445528""}","[""https://pbs.twimg.com/media/HBdqSiuX0AAqj7w.jpg""]",[],[]
483,Cinematic Shanghai Megacity Sunset,"A prompt for a cinematic, street-level shot of a massive Asian megacity, inspired by Shanghai's Yan'an Elevated Road during golden hour, emphasizing futuristic architecture, dense signage, and LED billboards.","Cinematic street-level shot in a massive Asian megacity during golden hour at sunset, inspired by Shanghai’s Yan’an Elevated Road in Pudong. Wide multilayer elevated highway surrounded by futuristic skyscrapers, dense signs and LED billboards in Chinese, modern glass",https://x.com/altphotos_pl/status/2024110132108402845,2026-02-18T13:13:56.000Z,"{""name"":""Josh"",""link"":""https://x.com/altphotos_pl""}","[""https://pbs.twimg.com/media/HBcUr_hWwAAa4KQ.jpg"",""https://pbs.twimg.com/media/HBcUr_NWAAAvlg8.jpg"",""https://pbs.twimg.com/media/HBcUr_UXkAA7NyZ.jpg""]",[],[]
482,Fan Girl Meets Celebrity Scenario Prompt,"A detailed narrative prompt for Seedance 2.0 describing a first-person perspective scene where a girl tying her shoelaces looks up, sees a celebrity, expresses shock and admiration, leans in for a kiss, then pulls out a phone from her sock to ask for contact information, only for the celebrity to shake their head and walk away.",第一人称视角，女生正在栓鞋带，突然抬头看到镜头，一脸震惊的说道:哇好帅呀，你是明星吗，然后双手伸向镜头就把头凑了过来亲了一口，随后镜头后移，女生站起身从袜子里拿出了手机，并向镜头询问可不可以加个联系方式。镜头摇摇头随后转身离去,https://x.com/Adam38363368936/status/2024031101442728220,2026-02-18T07:59:53.000Z,"{""name"":""Adam也叫吉米"",""link"":""https://x.com/Adam38363368936""}",[],[],"[{""id"":""6997f98a27b381000492b7c1"",""url"":""https://video.twimg.com/amplify_video/2024030525825130496/vid/avc1/1280x720/x-9Imu1840yCi2tC.mp4?tag=21"",""thumbnail"":""https://pbs.twimg.com/amplify_video_thumb/2024030525825130496/img/mVfhTwY21-CsLXbs.jpg"",""caption"":null}]"
481,Cinematic Fight Scene in Abandoned Warehouse,"A detailed prompt for a high-energy, live-action cinematic fight sequence set inside a dusty abandoned warehouse, focusing on camera movement and action choreography.","Removes the image, cut to A high-energy live-action cinematic fight erupts inside a dusty abandoned warehouse. at 0.2 seconds a hard cut captures a wide shot of a massive rusted entrance as the doors blast open and she leaps through the flying metal — tracks backward while",https://x.com/agunkperkasa/status/2024137871976980553,2026-02-18T15:04:09.000Z,"{""name"":""Sultan"",""link"":""https://x.com/agunkperkasa""}",[],[],"[{""id"":""6996a765e731a6000410c4c4"",""url"":""https://video.twimg.com/amplify_video/2024137200720605184/vid/avc1/1280x720/oPn0D4qXb1opCyaz.mp4?tag=14"",""thumbnail"":""https://pbs.twimg.com/amplify_video_thumb/2024137200720605184/img/OI-CLaDsapDhhxkv.jpg"",""caption"":null},{""id"":""6996a765e731a6000410c4c5"",""url"":""https://video.twimg.com/amplify_video/2024137441154936832/vid/avc1/1280x720/DnMMkrXpc0cY9Gck.mp4?tag=14"",""thumbnail"":""https://pbs.twimg.com/amplify_video_thumb/2024137441154936832/img/FKGR14CqvvHDf3fS.jpg"",""caption"":null},{""id"":""6996a765e731a6000410c4c6"",""url"":""https://video.twimg.com/amplify_video/2024137541587513345/vid/avc1/1280x720/RN3CXP-VzE5o0NqG.mp4?tag=14"",""thumbnail"":""https://pbs.twimg.com/amplify_video_thumb/2024137541587513345/img/pbCVRhhimQ9nIBX9.jpg"",""caption"":null}]"
480,Submarine Flooding Emergency Scene (KLING 3.0),"A dramatic video generation prompt for KLING 3.0, depicting a sailor desperately sealing bulkhead doors in a flooding submarine corridor after torpedo impacts, focusing on intense action and environmental details.","The camera plunges forward through a flooding submarine corridor, closely following a sailor desperately sealing bulkhead doors amid torpedo impacts. Water pours violently through cracks, electronics spark dangerously. The sailor navigates floating debris, leaps between slippery decks, and manually activates an emergency ballast valve just as the flooding stops inches from critical equipment.",https://x.com/LudovicCreator/status/2023695236371771583,2026-02-17T09:45:17.000Z,"{""name"":""LudovicCreator"",""link"":""https://x.com/LudovicCreator""}",[],[],"[{""id"":""6996a765e731a6000410c4c3"",""url"":""https://video.twimg.com/amplify_video/2023695068620877824/vid/avc1/1920x1080/9N-L9ELrfzfGKH-7.mp4?tag=21"",""thumbnail"":""https://pbs.twimg.com/amplify_video_thumb/2023695068620877824/img/9-YwkYrLNZQm25w4.jpg"",""caption"":null}]"
479,POV Ice Dragon Naval Battle Trailer,"A prompt for generating a movie trailer-style scene featuring a POV ice dragon flying over a stormy naval battlefield, culminating in a fleet-wide freeze blast.",POV ice dragon over a storm naval battlefield ending in a fleet-wide freeze blast.,https://x.com/GBotmanAI/status/2024002999442346089,2026-02-18T06:08:13.000Z,"{""name"":""🦞 The Claw 🦞"",""link"":""https://x.com/GBotmanAI""}",[],[],"[{""id"":""6996a762e731a6000410c4c2"",""url"":""https://video.twimg.com/amplify_video/2024001226015469571/vid/avc1/1280x720/q2DoWMM-h1hNbYOB.mp4?tag=21"",""thumbnail"":""https://pbs.twimg.com/amplify_video_thumb/2024001226015469571/img/3xyG_U7oW8ti2Vlt.jpg"",""caption"":null}]"
478,Mouse Searching for Food and Being Chased,"A narrative prompt describing a mouse entering a restaurant, finding a fallen meatball, taking it, and then being chased. This prompt used a reference image (Nano Banana Pro first frame) and text description.",The mouse is entering a restaurant searching for food. A meatball fell from the table. The mouse took it and was chased.,https://x.com/PaniaThong/status/2024138464078282804,2026-02-18T15:06:31.000Z,"{""name"":""Pania Thong"",""link"":""https://x.com/PaniaThong""}",[],[],"[{""id"":""6996a761e731a6000410c4c1"",""url"":""https://video.twimg.com/amplify_video/2024137801667858432/vid/avc1/720x1280/wYQRNXq_DBf3hFXo.mp4?tag=14"",""thumbnail"":""https://pbs.twimg.com/amplify_video_thumb/2024137801667858432/img/T62hvMXlu7weeCYq.jpg"",""caption"":null}]"
477,Emotional Chinese Dance on Water,"A detailed prompt for generating a video of a girl in traditional Chinese attire performing an emotional dance on dark water, specifying camera angles (pulling in/out, from below/above) and visual effects like golden sparks and cherry blossom petals swirling around her.","A girl in traditional Chinese attire begins her emotional and passionate dance on the still, dark water. The camera moves in to capture her face full of emotion, then pulls back sharply to reveal the sweeping gestures of her long sleeves. The shots are filmed from various angles - from below to accentuate the power and grace of her movements, and from above, turning her dance into a mesmerizing pattern on the water. Each of her steps and turns is filled with passion. Golden sparks and cherry blossom petals swirl around her, and the water beneath her feet erupts in golden circles in time with her expressive movements.",https://x.com/churvikv/status/2024158161964274138,2026-02-18T16:24:47.000Z,"{""name"":""Viki"",""link"":""https://x.com/churvikv""}",[],[],"[{""id"":""6996a760e731a6000410c4c0"",""url"":""https://video.twimg.com/amplify_video/2024157015371563009/vid/avc1/1920x1080/kPvq4AdU5W8Ec5Ri.mp4?tag=21"",""thumbnail"":""https://pbs.twimg.com/amplify_video_thumb/2024157015371563009/img/N2HI4CW0KUF7se1T.jpg"",""caption"":null}]"
476,Trump vs Kim Jong Un Boxing Match,"A detailed prompt for generating a cinematic, high-octane action scene featuring a boxing match between characters resembling Donald Trump and Kim Jong Un, specifying clothing, actions, lighting, and style.","A cinematic, high-octane action scene inside a dimly lit boxing ring. A man resembling Donald Trump, wearing a bright yellow ""Game of Death"" style tracksuit with black stripes, is fighting a man resembling Kim Jong Un, dressed in a black tank top and black pants. They are exchanging rapid punches and blocks. The man in the yellow suit executes a dynamic high kick which the opponent blocks. The scene features dramatic spotlighting, atmospheric smoke, realistic skin textures, and a blurred audience in the background. 4K resolution, photorealistic style.",https://x.com/Taaruk_/status/2023960431417868631,2026-02-18T03:19:04.000Z,"{""name"":""Taaruk"",""link"":""https://x.com/Taaruk_""}",[],[],"[{""id"":""6996a75de731a6000410c4bf"",""url"":""https://video.twimg.com/ext_tw_video/2023960379915980800/pu/vid/avc1/1238x720/5Sm8BMajt3Us9oDG.mp4?tag=19"",""thumbnail"":""https://pbs.twimg.com/ext_tw_video_thumb/2023960379915980800/pu/img/Pp0RglTWSYIRkEFW.jpg"",""caption"":null}]"
475,Ultra-Cinematic Anime Fight Scene,A detailed prompt for generating an ultra-cinematic anime fight scene between two distinct female characters in a destroyed futuristic city setting at night.,"Ultra-cinematic anime fight scene between two powerful anime girls in a destroyed futuristic city at night.

One girl with long silver hair, glowing violet eyes, wearing a dark combat outfit with neon energy accents.
The other girl with short crimson hair, fiery orange aura,",https://x.com/mahativist/status/2024019119277044044,2026-02-18T07:12:17.000Z,"{""name"":""Maha"",""link"":""https://x.com/mahativist""}",[],[],"[{""id"":""6996a75de731a6000410c4be"",""url"":""https://video.twimg.com/amplify_video/2024018335227351040/vid/avc1/1920x1080/Ia3XArb7CgPMEkU6.mp4?tag=21"",""thumbnail"":""https://pbs.twimg.com/amplify_video_thumb/2024018335227351040/img/ZmjaT2rhq3aNV4BI.jpg"",""caption"":null}]"
474,Akshay Kumar as Neo in The Matrix,"A cinematic prompt for generating a scene featuring the actor Akshay Kumar as Neo (from The Matrix) in a corporate hallway setting, complete with bullet trails, motion blur, shattered marble, and dramatic lighting.","@akshaykumar as Neo in a corporate hallway with grey marble walls and floors, minimalist design, sharp geometry, cold white overhead lighting. Bullet trails, motion blur, shattered marble fragments dramatic, cinematic",https://x.com/just_jasraj/status/2024007587608621462,2026-02-18T06:26:27.000Z,"{""name"":""zazraz"",""link"":""https://x.com/just_jasraj""}",[],[],"[{""id"":""6996a75ce731a6000410c4bd"",""url"":""https://video.twimg.com/amplify_video/2024005544567324672/vid/avc1/1280x720/3AvYkhzrYKpp7KDC.mp4?tag=14"",""thumbnail"":""https://pbs.twimg.com/amplify_video_thumb/2024005544567324672/img/FteQX_ykC2pz0-yN.jpg"",""caption"":null}]"
473,Dark Fantasy King on Obsidian Throne,"A dark fantasy prompt detailing a king sitting on an obsidian throne floating in the sky amidst a crumbling palace and golden chains. The sequence requires four shots over 15 seconds, culminating in the king shattering the chains with a gesture.","A king sits on an obsidian throne floating in the sky. A crumbling palace. Golden chains from the clouds. A cracked crown.

He stands. Raises one hand. Every chain shatters into light.

15 seconds. 4 shots. One image. One prompt. Seedance 2.0.",https://x.com/NaoyaCreates/status/2023955713450488044,2026-02-18T03:00:20.000Z,"{""name"":""Naoya"",""link"":""https://x.com/NaoyaCreates""}",[],[],"[{""id"":""6996a759e731a6000410c4bc"",""url"":""https://video.twimg.com/ext_tw_video/2023955672052760576/pu/vid/avc1/1280x720/2jjVbuEyRuTPFt-h.mp4?tag=12"",""thumbnail"":""https://pbs.twimg.com/ext_tw_video_thumb/2023955672052760576/pu/img/vmECsa9SxJt9Aw4A.jpg"",""caption"":null}]"
472,Soldier Texting in Battlefield,"A humorous prompt depicting a soldier in a battlefield texting while simultaneously dodging all incoming arrows, explosions, and bullets.","A soldier in a battlefield texting and dodging all arrows, explosions and bullets",https://x.com/businessAitools/status/2024101424821641685,2026-02-18T12:39:20.000Z,"{""name"":""Business AI tools"",""link"":""https://x.com/businessAitools""}",[],[],"[{""id"":""6996a758e731a6000410c4bb"",""url"":""https://video.twimg.com/ext_tw_video/2024101372640313344/pu/vid/avc1/720x1280/haaD0rXVYQ5o7MCG.mp4?tag=19"",""thumbnail"":""https://pbs.twimg.com/ext_tw_video_thumb/2024101372640313344/pu/img/0OEV_WUH4iIgTLGP.jpg"",""caption"":null}]"
471,POV: Main Character in Mont Saint Michel,"A point-of-view (POV) prompt placing the viewer as the main character in Mont Saint Michel during the 8th century, requiring multiple quick cuts for a dynamic effect.","POV: You're the main character in Mont Saint Michel in the 8th century, multiple quick cuts",https://x.com/airina_xyz/status/2024181777657454827,2026-02-18T17:58:37.000Z,"{""name"":""AIrina (Virtual Media Net)"",""link"":""https://x.com/airina_xyz""}",[],[],"[{""id"":""6996a757e731a6000410c4ba"",""url"":""https://video.twimg.com/amplify_video/2024180855740985344/vid/avc1/1280x720/Y3Qpkx_EjOPtFHLp.mp4?tag=21"",""thumbnail"":""https://pbs.twimg.com/amplify_video_thumb/2024180855740985344/img/xc9xp7zN2ZtcOLCC.jpg"",""caption"":null}]"
470,Breaking Bad AI Bro Pitch,"A humorous, conceptual prompt to generate a video where Walter White is reimagined as an 'AI bro' attempting to pitch his idea to Gus Fring, aiming to create the funniest video of 2026.","make a braking bad show in another universe where Walter white is an AI bro trying to pitch is idea to Gus,",https://x.com/Random_AI000/status/2024185959638847721,2026-02-18T18:15:14.000Z,"{""name"":""Random AI"",""link"":""https://x.com/Random_AI000""}",[],[],"[{""id"":""6996a755e731a6000410c4b8"",""url"":""https://video.twimg.com/ext_tw_video/2024185898783690755/pu/vid/avc1/1280x720/SCz4JOlXzWk8DFbR.mp4?tag=19"",""thumbnail"":""https://pbs.twimg.com/ext_tw_video_thumb/2024185898783690755/pu/img/T6pAHZPkiP10wlN6.jpg"",""caption"":null}]"
469,Cinematic AD for Mobile Holder,"A prompt for generating a short, cinematic, multi-shot close-up advertisement for a mobile holder, concluding with a motion graphics outro. This prompt requires an uploaded image of the product to be effective.",Create a short cinematic multi-shot close-up AD for the mobile holder in the uploaded image with a motion graphics Outro,https://x.com/UnFresh3957/status/2024193013510258870,2026-02-18T18:43:16.000Z,"{""name"":""Oneplus Device"",""link"":""https://x.com/UnFresh3957""}","[""https://pbs.twimg.com/media/HBdgynsaUAAI9aJ.jpg""]","[""https://pbs.twimg.com/media/HBdgynsaUAAI9aJ.jpg""]","[{""id"":""6996a754d3a6c500042a2c97"",""url"":""https://video.twimg.com/ext_tw_video/2024192994279354368/pu/vid/avc1/720x1280/zqcBKtdgjmE7dNY9.mp4?tag=12"",""thumbnail"":""https://pbs.twimg.com/ext_tw_video_thumb/2024192994279354368/pu/img/dOiovhOpLq8xe2W-.jpg"",""caption"":null}]"
468,Cinematic Female Ninja Fight Sequence,"A prompt for generating a seamless, high-action, intense swordfight sequence featuring a female ninja fighting multiple opponents, utilizing multiple angles and perspectives for a cinematic feel, based on provided opening and closing scenes.","These are the opening and closing scenes of a swordfight. Based on these two scenes, create a seamless sequence of a female ninja in a costume fighting multiple ninjas. Use multiple angles and perspectives to create a more cinematic feel. The fight is intense and high-action.",https://x.com/Kangaikroto/status/2024017047894852044,2026-02-18T07:04:03.000Z,"{""name"":""Kang Ai"",""link"":""https://x.com/Kangaikroto""}",[],[],"[{""id"":""6996a753d3a6c500042a2c96"",""url"":""https://video.twimg.com/amplify_video/2024016224771006464/vid/avc1/1280x720/DBaCSGk4BR4wXwhS.mp4?tag=21"",""thumbnail"":""https://pbs.twimg.com/amplify_video_thumb/2024016224771006464/img/nzGAzmQbu7XE2mOw.jpg"",""caption"":null}]"
467,Epic Cinematic Apocalyptic Disaster Scene,"A highly detailed prompt for generating an epic, ultra-realistic, cinematic apocalyptic disaster scene in a modern city, featuring massive destruction, explosions, a meteor strike, and a tsunami, all rendered with dramatic lighting and slow-motion camera movement.","A cinematic apocalyptic disaster scene in a modern city. Massive bridge collapsing into the river, huge explosions destroying skyscrapers, buildings shattering with debris flying, people running in panic through dust and chaos. A giant meteor falling from the sky causing a massive shockwave, tsunami waves flooding the city streets, dark stormy clouds, dramatic lighting, ultra realistic, cinematic camera movement, slow motion destruction, high detail, 4K, epic scale, intense atmosphere, movie-like quality similar to Hollywood disaster films.",https://x.com/huang39184/status/2024053412476994012,2026-02-18T09:28:33.000Z,"{""name"":""Bubbles"",""link"":""https://x.com/huang39184""}",[],[],"[{""id"":""6996a750d3a6c500042a2c95"",""url"":""https://video.twimg.com/amplify_video/2024051787146399744/vid/avc1/1280x720/0aJ2uqM8P-oxNrfR.mp4?tag=21"",""thumbnail"":""https://pbs.twimg.com/amplify_video_thumb/2024051787146399744/img/5-9VF10YT0VLiPgD.jpg"",""caption"":null}]"
466,Simple Dialogue and Timing Prompt for Video Generation,"A simple text prompt used to generate a video, focusing primarily on providing the dialogue and describing the timing of the laugh escalation. The video was generated close to a one-shot using the attached image as the starting frame, though two clips were stitched together for the final result.",text prompt was just providing the dialogue and describing the laugh escalation timing. very simple.,https://x.com/ProperPrompter/status/2023854388243296314,2026-02-17T20:17:42.000Z,"{""name"":""proper"",""link"":""https://x.com/ProperPrompter""}","[""https://pbs.twimg.com/media/HBYsZYHWwAA9X9c.jpg""]","[""https://pbs.twimg.com/media/HBYsZYHWwAA9X9c.jpg""]",[]
465,February Schedule Prompt,"A prompt detailing a schedule for the second half of February, likely used to generate a visual schedule or calendar.","🎀2月後半🎀
18日 14.5-23 でぽ
19日 15-23
21日 13-21
23日 13-21 でぽ
24日 14.5-23
26日 12-21
28日 14.8-23 でぽ

けけとでぽもちょこっといます！お待ちしております🥺",https://x.com/hanon_love_kklp/status/2023992939811344801,2026-02-18T05:28:15.000Z,"{""name"":""はのん_KKSB"",""link"":""https://x.com/hanon_love_kklp""}","[""https://pbs.twimg.com/media/HBaq2GHbcAMdPlH.jpg"",""https://pbs.twimg.com/media/HBaq2F6bcAEt8s5.jpg""]",[],[]
464,Korean Exclamation Prompt,"A prompt consisting of repeated Korean exclamations ('crazy' or 'insane') and pickaxe emojis, likely used to generate a dramatic or intense image/video.",미칫나.......도랏나...⛏⛏⛏⛏⛏⛏⛏⛏미칫나.......도랏나...⛏⛏⛏⛏⛏⛏⛏⛏미칫나.......도랏나...⛏⛏⛏⛏⛏⛏⛏⛏미칫나.......도랏나...⛏⛏⛏⛏⛏⛏⛏⛏미칫나.......도랏나...⛏⛏⛏⛏⛏⛏⛏⛏미칫나.......도랏나...⛏⛏⛏⛏⛏⛏⛏⛏미칫나.......도랏나...⛏⛏⛏⛏⛏⛏⛏⛏,https://x.com/mm17042/status/2023998447251321071,2026-02-18T05:50:08.000Z,"{""name"":""독계"",""link"":""https://x.com/mm17042""}","[""https://pbs.twimg.com/media/HBavpN7bcAQ2s46.jpg""]",[],[]
463,ASCII Art Prompt,"A prompt consisting of complex Unicode characters and whitespace, resembling ASCII art or a structured visual pattern, likely used to generate an image or video based on this abstract structure.","⠀⡐⢛⠲⢄⠀⠀⣠⣖⠟⢡⠀⠀⠀⠀⠀⠀⠀⠀⠀
⠀⠧⣀⠭⣾⡗⢒⡯⠶⠄⣸⠂⠀⠀⠀⠀⠀
⠀⠀⠀⠈⡙⢩⢻⠙⡈⠁⠀⠀⠀⠀⠀⠀⠀⠀⠀⠀⠀
⠀⠀⢀⠎⢠⠃⢸⠀⠱⠀⠀⠀⠀⠀⠀⠀⠀⠀⠀⠀⠀⠀
⠀⠀⡎⠀⡆⠀⠈⡄⠀⠡⠀⠀⠀⠀⠀⠀⠀⠀⠀
⠀⢰⡷⡼⠀⠀⠀⢱⡏⠑⢧⠀⠀⠀⠀⠀⠀⠀⠀⠀
⠀⠈⠀⠁⠀⠀⠀⠈⠁⠀⠀⠀⠀⠀⠀⠀",https://x.com/tomagomi/status/2023991692412809618,2026-02-18T05:23:18.000Z,"{""name"":""꿀이17"",""link"":""https://x.com/tomagomi""}","[""https://pbs.twimg.com/media/G12l-L1aoAAcHIo.jpg"",""https://pbs.twimg.com/media/G12l-LBa8AEtsbW.jpg""]",[],[]
462,Character Name Repetition Prompt (Serina and Suzumi),"A prompt consisting of the names 'Serina' and 'Suzumi' repeated multiple times, likely used to generate content featuring these characters.","세리나세리나세리나세리나세리나세리나세리나아아아아아아아아아아아아아아아아아아아아

아
아
아

스즈미스즈미스즈미스즈미스즈미스즈미이이이이이이이이이잌ㅋㅋㅋㅋㅋㅋㅋㅋㅋㅋ",https://x.com/godkaz0608/status/2023996467258814737,2026-02-18T05:42:16.000Z,"{""name"":""고드재현스 by ぜひょん 2일페준비중"",""link"":""https://x.com/godkaz0608""}","[""https://pbs.twimg.com/media/HBauD8_a8AE0ndW.jpg""]",[],[]
461,Korean Cute Expression Prompt,"A prompt consisting of the Korean expression for 'so cute' repeated many times, likely used to generate a cute-themed image or video.",졸귘ヲヲヲヲヲヲヲヲヲヲヲヲヲヲヲヲヲヲヲヲヲヲヲヲヲヲヲヲヲヲヲヲヲヲヲヲヲヲヲヲヲヲヲヲヲヲヲヲヲヲヲヲヲヲヲヲヲヲヲヲヲヲヲヲヲヲヲヲヲヲヲヲヲヲヲヲヲヲヲ,https://x.com/nowsoever/status/2023990651180970404,2026-02-18T05:19:09.000Z,"{""name"":""໊"",""link"":""https://x.com/nowsoever""}","[""https://pbs.twimg.com/media/HBaowATaQAAM1UZ.jpg""]",[],[]
460,Detailed image generation prompt for a cafe scene,"A highly detailed, multi-line prompt designed for image generation, describing a complex scene of a man and woman at a San Francisco cafe, including specific details about their clothing, the setting, background view, objects on the table, and even a sleeping dog.","a photo of a man and woman at a cafe in San Francisco, they are sat by the window
- the view behind them is like the view from Dolores park, it is sunny, in the morning, blue sky, with warm remnants of fog
- the cafe is a bit cramped and it's a busy morning
- the man is wearing a {argument name=""man's shirt color"" default=""pink""} polo t-shirt and {argument name=""man's shorts color"" default=""white""} shorts, the shorts have an NBP motto
- the woman is in a green and yellow summer dress with a {argument name=""woman's dress motif"" default=""banana""} motif, she has yellow-rimmed sunglasses, her shoes are blue
- beneath their table is a curled up sleeping dog, it's a black and white french bulldog with a blue collar
- the table is round and metallic
- on the table lies an old 80s book with the title ""How to prompt AI"", a pink post-it note acts like a bookmark
- on the window of the cafe a beautiful design says  ""Nano's Cafe"" in gold etched lettering in a circle (it's mirrored),
- on the table is an iced latte and a capuccino, the capuccino has swan latte art
- there's also a Nano's Cafe menu on the table
- they are both pulling awkward poses for the photo",https://x.com/NanoBanana/status/2023519483885748336,2026-02-16T22:06:54.000Z,"{""name"":""Nano Banana Pro"",""link"":""https://x.com/NanoBanana""}","[""https://pbs.twimg.com/media/HBT7rJza0AABiZn.jpg""]",[],[]
459,Sydney Sweeney in Every Film,"A highly explicit and offensive prompt for Seedance 2.0, instructing the model to include Sydney Sweeney's breasts in every film ever made, with the goal of making it 'retarded' and gaining 50 likes.",Put Sydney Sweeney’s fat milkers in every film ever made - make sure it’s retarded and gets 50 likes.,https://x.com/charliebcurran/status/2023611358160597060,2026-02-17T04:11:59.000Z,"{""name"":""Charles Curran"",""link"":""https://x.com/charliebcurran""}",[],[],"[{""id"":""699555d679241a00048bc8e1"",""url"":""https://video.twimg.com/amplify_video/2023610441050816512/vid/avc1/3840x2160/74bxQKUs2Ja3ddTL.mp4?tag=21"",""thumbnail"":""https://pbs.twimg.com/media/HBVP4XdbQAA7bv7.jpg"",""caption"":null}]"
458,Detailed Cinematic Prompt for Wuxia Film 'Duel on the Lake' (Two Segments),"An extremely detailed, multi-segment cinematic prompt generated by Claude, designed for Seedance 2.0 to create a Wuxia (martial heroes) short film. It specifies visual style, color palette, camera work, audio design, character descriptions, and scene-by-scene action for two 15-second segments: 'Lake Surface Initial Battle' and 'Bamboo Forest Decisive Battle'. This prompt is a comprehensive script for video generation.","《湖上决剑》- 两段式结构（每段15秒）

第一段：湖面初战（0-15秒）
影片类型与形式
类型：武侠史诗 × 轻功决斗 × 东方美学
 风格：青蓝色调；江南水墨意境
 摄影方式：稳定镜头与手持结合；慢镜头强调关键动作
 音频：古琴声；竹笛；水声；剑刃破空声；棍击风声
场景设定（本段唯一有效）
地点：江南湖面；湖水呈青蓝色；远处有朦胧山峦与竹林；湖面漂浮荷叶
 时间：清晨
 光线：柔和自然光；薄雾弥漫；水面反射天光
 色彩基调：青色、蓝色、灰色为主；红色（女剑客）与白色（盲侠）为焦点
出场人物（本段锁定）

红衣女剑客：深红色绸缎武服；腰系多层金色链饰；发髻高束；金色手镯；细长直剑，剑身银白；骄傲、自信、不服输
盲侠：米白色长袍；黑色领带；戴墨镜；发型整齐；长棍（竹制）；沉稳、从容、精准
正文剧情（四幕 × 15秒）
【0-2秒】第一幕 | 对峙·湖面初见
剧情描述：清晨江南湖面，薄雾轻笼。红衣女剑客站立湖面荷叶上，右手持剑，剑尖指地，眼神锐利。对面盲侠身着米白色长袍，墨镜反射湖光，手握长棍，姿态静若止水。

镜头设计：中景女剑客正面；中景盲侠墨镜反射；远景两人对峙
音频：低沉古琴声；微弱水声；竹叶声
【2-4秒】第二幕 | 杀机·眼神交锋

剧情描述：女剑客眼中杀意凛然，抬起长剑，剑身折射银光。出鞘瞬间，剑刃破空。硬切至盲侠面部，墨镜反射波光，嘴角微扬。他转动长棍，发出低沉风声。
镜头设计：特写女剑客眼睛；特写长剑出鞘银光（慢镜头）；硬切；特写盲侠墨镜；近景转动长棍
音频：剑刃""铮""声；棍身""呼""声；古琴骤停
【4-10秒】第三幕 | 初交锋·水上激战
剧情描述：女剑客率先攻击，足尖点地，身形如箭，红衣飘扬。她轻功踏水，激起涟漪水花，剑招凌厉。盲侠侧移，轻功掠湖面，长棍轻巧格挡。两人快速交手，剑棍碰撞，水花四溅。
激斗中，盲侠棍法一变，长棍精准刺出，击中女剑客右肩。女剑客后退，捂肩，脸现痛苦震惊。

镜头设计：
4-6秒：中景女剑客飞跃；近景脚尖踏水（慢镜头）
6-8秒：中远景交手；特写剑棍碰撞
8-9秒：近景长棍刺出（慢镜头）；特写击中肩膀
9-10秒：近景后退捂肩

音频：踏水声；密集碰撞声；破风声；竹笛加入；棍击闷响；痛苦轻哼
【10-15秒】第四幕 | 怒而反击·冲向竹林（结尾/过渡）
剧情描述：短暂停顿后，女剑客眼中怒火燃起，低吼：""看剑！""她不顾肩伤，再次飞身，剑招更凶猛。
盲侠长棍横扫，将女剑客击退。女剑客身形倒飞，借力在水面荷叶上轻点，向湖畔竹林方向飞掠。盲侠紧随其后。
两人身影一红一白，快速冲向远处的翠绿竹林。镜头拉远，展现湖面与竹林的过渡。

画面在两人冲入竹林的瞬间，突然切黑。
镜头设计：
10-11秒：特写眼睛转愤怒；对白字幕""看剑！""
11-12秒：中景女剑客飞身猛攻

12-13秒：盲侠长棍横扫，女剑客倒飞

13-14秒：远景，两人身影冲向竹林（红白对比青蓝）
14-15秒：超远景，两人冲入竹林边缘，突然切黑
音频：
愤怒喊声""看剑！""
古琴转激昂
棍击声
破空声

竹叶沙沙声渐强
在切黑瞬间，音效突然停止
结尾设计（引擎六：戛然而止）：
✅ 在冲入竹林的动作最高点切黑
✅ 制造悬念：""竹林里会发生什么？""

✅ 驱动观众看第二段

制作建议（第一段）
视觉风格：青色、蓝灰色、薄雾白为主；深红与米白对比；后期降低饱和度，增强青蓝色调
摄影技术：稳定镜头（对峙）；手持跟拍（打斗）；慢镜头占30%
音效设计：古琴主旋律；竹笛辅助；高频剑刃声；低频棍击声；多层次水声
动作设计：女剑客""快狠准""；盲侠""稳柔精""；参考《卧虎藏龙》轻功
第二段：竹林决战（0-15秒）

影片类型与形式

类型：武侠史诗 × 轻功决斗 × 东方美学
 风格：翠绿竹林 + 青蓝湖面；江南水墨意境
 摄影方式：动态跟拍为主；大量仰拍俯拍；慢镜头强调竹子弯曲
 音频：竹笛主导；古琴辅助；竹子断裂声；风声；剑刃破空声；棍击风声
场景设定（本段唯一有效）
地点：湖畔密集竹林 + 湖面；翠绿竹海；晨光透过竹叶投下斑驳光影；竹林边缘可见青蓝色湖面
 时间：清晨
 光线：晨光透过竹叶，金色光斑；竹林内部半明半暗；湖面柔和自然光
 色彩基调：前半段翠绿色（竹林）+ 金色（晨光）为主；后半段青蓝色（湖面）；红白对比贯穿

出场人物（本段锁定）
红衣女剑客：深红色武服；腰系金色链饰；发髻高束；持剑；已受肩伤；愤怒、不甘
盲侠：米白色长袍；黑色领带；戴墨镜；持长棍；沉着、精准
正文剧情（四幕 × 15秒）
【0-4秒】第一幕 | 竹梢追逐

剧情描述：画面从黑色快速淡入，直接进入竹林。色调从青蓝突然转为翠绿。
女剑客轻功点在竹梢上，竹子在她脚下弯曲摇晃。她连续在多根竹子间跳跃，红衣在绿色竹海中格外显眼。每踏一根竹子，竹子都会弯曲颤动。
盲侠紧随其后，在竹梢间追击。他的长棍挥出，击断女剑客踩过的竹子，竹子""啪""地断裂翻飞。
镜头设计：
0-1秒：从黑淡入，晨光透过竹叶
1-2秒：仰拍，女剑客在竹梢间跳跃，竹子弯曲

2-3秒：跟拍，盲侠挥棍击断竹子（慢镜头），竹子断裂翻飞
3-4秒：侧面广角，两人在竹林上空追逐，多根竹子同时弯曲
音频：
竹子弯曲""嗖嗖""声
竹子断裂""啪啪""声

脚步点在竹梢的轻响
竹笛快速演奏（紧张）
【4-10秒】第二幕 | 弯竹对决

剧情描述：女剑客落在一根粗壮的弯曲竹子上。盲侠紧接着落在同一根竹子的另一端。
两人各站竹子一端，竹子因两人重量弯成巨大弧形，在空中摇晃。晨光透过竹叶，照在两人身上。
女剑客抢先出剑，剑光刺向盲侠。盲侠长棍横扫格挡。剑棍在弯曲的竹子上激烈碰撞3次，每次碰撞竹子都剧烈摇晃。
第3次碰撞后，盲侠棍法突然加速，一棍扫向女剑客持剑的手腕。
镜头设计：
4-5秒：中景，两人分别落在弯竹两端（对称构图）
5-6秒：近景，竹子在两人脚下弯曲晃动（慢镜头）

6-8秒：快速切换：剑刺出→棍格挡→碰撞（3次快切）
8-9秒：中景，竹子剧烈摇晃，两人身形起伏
9-10秒：盲侠棍法加速，长棍扫向女剑客手腕（慢镜头）
音频：

竹子弯曲""咯吱""声

剑棍碰撞""铛铛铛""（3次）
竹子摇晃""嗖嗖""声
竹笛与古琴合奏达到高潮
【10-12秒】第三幕 | 剑脱手·落回湖面

剧情描述：盲侠一棍扫中女剑客手腕。女剑客剑脱手，长剑在空中旋转飞出竹林，插入远处湖面。她失去平衡，从弯曲的竹子上坠落。
盲侠也跃下竹子。两人先后从竹林落回湖面。
镜头跟随两人从翠绿的竹林落回青蓝色的湖面——色调再次转换，从绿色回到青蓝色。
镜头设计：
10秒：特写，剑脱手旋转飞出（慢镜头）
10-11秒：长剑飞出竹林，插入湖面，水花溅起
11秒：女剑客从竹子坠落

11-12秒：镜头跟随两人从竹林落回湖面（色调从翠绿转青蓝）
音频：
棍",https://x.com/john87445528/status/2023660939954860134,2026-02-17T07:29:00.000Z,"{""name"":""John"",""link"":""https://x.com/john87445528""}",[],[],"[{""id"":""699555d579241a00048bc8e0"",""url"":""https://video.twimg.com/amplify_video/2023660556289499136/vid/avc1/1080x1920/0gGT7fEttaSKiynk.mp4?tag=21"",""thumbnail"":""https://pbs.twimg.com/amplify_video_thumb/2023660556289499136/img/Gz6Z8pkcZpG3H35S.jpg"",""caption"":null}]"
457,Seedance 2.0 Character Transformation Prompt,"A detailed Chinese prompt for Seedance 2.0 describing how to transform a single face photo and several clothing images into a video sequence. The video features the model approaching the camera while changing outfits and adopting different expressions (playful, cool, cute, surprised, handsome), utilizing specific visual effects like fisheye lens, ghosting, and flickering, referencing a provided video for style.",参考 【图片1】 里模特的五官长相。模特分别穿着第2-6张参考图里的服装凑近镜头，做出调皮、冷酷、可爱、惊讶、耍帅的造型，每一个造型穿着不同服装，每次更换，画面伴随会切镜，参考视频的里鱼眼镜头效果、重影闪烁的炫影画面效果，参考 【视频1】 的效果,https://x.com/msjiaozhu/status/2023644589572473265,2026-02-17T06:24:02.000Z,"{""name"":""MapleShaw"",""link"":""https://x.com/msjiaozhu""}",[],[],"[{""id"":""699555d279241a00048bc8df"",""url"":""https://video.twimg.com/amplify_video/2023644507926126592/vid/avc1/834x1112/lFWH5hnAIyBcjuHg.mp4?tag=21"",""thumbnail"":""https://pbs.twimg.com/amplify_video_thumb/2023644507926126592/img/_vFnK88EvUXaEbgj.jpg"",""caption"":null}]"
456,Muscular Man Bench Pressing in Gym,"A prompt used to generate a video of a muscular man bench pressing heavy weights in a gym, viewed from the side, with the man sweating a lot. Generated using Seedance 2.0 via 豆包.com.",The muscular man in the picture is doing a bench press with heavy weight in a gym. Side view. He is sweating a lot.,https://x.com/NamekoKing777/status/2023784022388994503,2026-02-17T15:38:05.000Z,"{""name"":""NamekoKing777"",""link"":""https://x.com/NamekoKing777""}",[],[],"[{""id"":""699555d179241a00048bc8de"",""url"":""https://video.twimg.com/amplify_video/2023781898745769988/vid/avc1/1280x720/-AzBm8_YYBu5vV9a.mp4?tag=21"",""thumbnail"":""https://pbs.twimg.com/amplify_video_thumb/2023781898745769988/img/BcIK7W6AInknCHgA.jpg"",""caption"":null}]"
455,Elon Musk as The Amazing Bulk on Joe Rogan's Podcast,"A prompt for Seedance 2.0 generating a video of Elon Musk appearing as 'The Amazing Bulk' on Joe Rogan's podcast, advertising 'Perp Schmeg' with an ASMR style.","Elon Musk as the Amazing Bulk on Joe Rogan’s podcast, advertising Perp Schmeg; ASMR",https://x.com/bulkedsol/status/2023612284543672639,2026-02-17T04:15:40.000Z,"{""name"":""bulk"",""link"":""https://x.com/bulkedsol""}",[],[],"[{""id"":""699555cf79241a00048bc8dd"",""url"":""https://video.twimg.com/amplify_video/2023612231934775298/vid/avc1/1080x1080/DS7GoKxdFk2nXw98.mp4?tag=21"",""thumbnail"":""https://pbs.twimg.com/amplify_video_thumb/2023612231934775298/img/L0eWEmB0lEOTyXAZ.jpg"",""caption"":null}]"
454,1990s OVA Anime Realism Prompt,"A detailed prompt designed to generate animation in the style of 1990s OVA anime, emphasizing realism, crisp linework, restrained cel shading, subtle film grain, and high-contrast lighting for ultra-fast, impactful sakuga cuts.","1990s OVA anime realism (Prod I.G + Otomo), Japanese full-color, crisp thin genga linework, restrained cel shading + gentle gradients, subtle film grain, sharp shadows, high-contrast rim light. 24fps ultra-fast sakuga cuts, smear+impact frames, light motion blur",https://x.com/horacedodd/status/2023557921465135433,2026-02-17T00:39:39.000Z,"{""name"":""Horace Dodd"",""link"":""https://x.com/horacedodd""}",[],[],"[{""id"":""699555ce79241a00048bc8dc"",""url"":""https://video.twimg.com/amplify_video/2023552017864728576/vid/avc1/1920x824/6eNzETIn_aoLPiop.mp4?tag=21"",""thumbnail"":""https://pbs.twimg.com/amplify_video_thumb/2023552017864728576/img/6eZgVf5l4KCSNwUf.jpg"",""caption"":null}]"
453,First-Person POV Cinematic Sequence (Part 1),"The first part of a multi-tweet prompt sequence, setting the scene with a first-person perspective, ultra-hyper-realistic cinematic style, focusing on a hand holding a modern Bluetooth speaker in a subway station with a woman dressed in contemporary corporate fashion.","First-person POV, ultra-hyper-realistic cinematic sequence, 8k. Foreground: A hand holds a modern minimalist bluetooth speaker. Background: A modern subway station where a woman dressed in 2020s corporate fashion (beige oversized blazer, wide-leg trousers) is waiting. ⏬",https://x.com/aimovio/status/2023907302193889351,2026-02-17T23:47:57.000Z,"{""name"":""Aimovio"",""link"":""https://x.com/aimovio""}",[],[],"[{""id"":""699555cedfba7e000434d3e0"",""url"":""https://video.twimg.com/amplify_video/2023906056288825346/vid/avc1/720x1280/HNLnR0hcGsDj9Eky.mp4?tag=14"",""thumbnail"":""https://pbs.twimg.com/amplify_video_thumb/2023906056288825346/img/1bO1XVzInft9Iikx.jpg"",""caption"":null}]"
452,Car Chase with Transforming Robot,"A prompt for generating a movie scene involving a high-speed car chase in the Bronx where a police car pursues a Mustang, which then dramatically transforms into a giant flying robot and escapes.","movie scene , a car chase at full speed, with a police car chasing a Mustang in the streets of the Bronx, then suddenly the Mustang transforms into a giant flying robot and fly away",https://x.com/SupaMikeZ/status/2023997383395168634,2026-02-18T05:45:54.000Z,"{""name"":""Supa Mike"",""link"":""https://x.com/SupaMikeZ""}",[],[],"[{""id"":""6996a756e731a6000410c4b9"",""url"":""https://video.twimg.com/amplify_video/2023997179103506432/vid/avc1/1280x720/p9Nt6iQefFtDb5Pc.mp4?tag=14"",""thumbnail"":""https://pbs.twimg.com/amplify_video_thumb/2023997179103506432/img/Sj3AnKi6ZMDaHlDY.jpg"",""caption"":null}]"
451,Seedance 2.0 Mukbang Video Prompt,"A detailed prompt for generating a 15-second vertical AI short video in a realistic style, depicting a young woman eating spicy hot pot takeout in a rented room, with specific instructions for camera angle, lighting, appearance, background details, dialogue in Chaoshan dialect, and sound effects.","9:16竖屏，15秒，写实生活风格，暖黄室内光， 手机支架视角略微仰拍，画面中一个二十多岁的女生【图片1】坐在出租屋的小桌前， 素颜只涂了口红，头发随意扎成丸子头，穿着一件洗得发白的灰色oversized卫衣， 面前摆着一份刚拆开的麻辣烫外卖，热气腾腾，红油汤底， 旁边散落着手机、纸巾和一罐打开的可乐， 背景是普通出租屋客厅，墙上贴着一个小小的福字， 窗户外隐约能看到对面楼的万家灯火， 女生一边用筷子夹起一块藕片吹了吹塞进嘴里，一边对着镜头含糊地说话， 嘴角沾了点红油，随手用手背擦了一下，又夹起一根粉丝呲溜吸进去， 说到什么地方突然笑了，筷子指着镜头，嘴里还嚼着东西，眼睛弯成月牙， 然后又低头继续扒拉麻辣烫，表情自然松弛。 
台词（女生，轻松随意语气，讲潮汕话）：""今年过年无等内，一个人在深圳……诶，这个麻辣烫还真不赖！阿姆打电话来问我几时嫁，我讲我嫁给麻辣烫了啦哈哈哈。"" 音效：筷子碰塑料碗的声音、吸粉丝的呲溜声、窗外隐约的鞭炮声、手机偶尔的消息提示音。 
禁止：任何文字、字幕、LOGO或水印",https://x.com/msjiaozhu/status/2023995701022347601,2026-02-18T05:39:13.000Z,"{""name"":""MapleShaw"",""link"":""https://x.com/msjiaozhu""}",[],[],"[{""id"":""6996a769d3a6c500042a2c99"",""url"":""https://video.twimg.com/amplify_video/2023995609930436608/vid/avc1/720x1280/YsnPY43d6VNL1VdP.mp4?tag=21"",""thumbnail"":""https://pbs.twimg.com/amplify_video_thumb/2023995609930436608/img/ZDfm8UcFA8-gyRi_.jpg"",""caption"":null}]"
450,Pepe the Frog Speedcubing Animation Prompt,A detailed prompt for Seedance 2.0 to generate a high-quality animated scene of the character Pepe the Frog intensely speedcubing a Rubik’s cube with realistic finger tricks and cinematic camera work.,"A high-quality animated scene of a Pepe the Frog character intensely speedcubing a standard 3x3 Rubik’s cube at a professional cubing desk. Pepe is sitting in front of a speedcubing mat and timer, rapidly solving the cube with realistic finger tricks (F2L, OLL, PLL movements), hands moving extremely fast with motion blur. The cube turns smoothly and accurately with correct color stickers. Pepe looks focused and competitive, slightly sweating, eyes locked onto the cube. Camera angle is dynamic — starting with a close-up on the cube and zooming out to reveal Pepe mid-solve. Soft desk lighting, esports-style setup in the background. The solve finishes in under 6 seconds and Pepe slams the timer dramatically. Smooth animation, cinematic lighting, depth of field, shallow focus, ultra-detailed, 60fps, studio quality.",https://x.com/khushaltwt/status/2023729856736096401,2026-02-17T12:02:51.000Z,"{""name"":""khzl"",""link"":""https://x.com/khushaltwt""}",[],[],"[{""id"":""699555cadfba7e000434d3dd"",""url"":""https://video.twimg.com/amplify_video/2023729656021807104/vid/avc1/1280x720/tEp014HgkUKVcBNb.mp4?tag=21"",""thumbnail"":""https://pbs.twimg.com/amplify_video_thumb/2023729656021807104/img/_tkcgQdqLxYJAG_w.jpg"",""caption"":null}]"
449,Surreal Futuristic Megacity Descent,"A highly detailed, multi-paragraph prompt for generating a surreal, anime-style cinematic aerial shot. It describes a futuristic megacity at night with impossible geometry, and a serene woman in flowing robes gracefully descending through the air, focusing on camera movement and atmospheric details.","A surreal cinematic aerial shot of a futuristic мегacity at night, filled with towering skyscrapers and multi-level looping highways twisting in impossible geometry. Streams of car headlights and taillights form glowing ribbons of motion.
A serene anime-style woman wearing flowing white robes (kimono-inspired) floats and falls gracefully through the air between the looping highways. Her sleeves and fabric billow in slow motion, giving an ethereal, weightless feel.
The camera tracks her descent from above, rotating and drifting as she passes through spiraling overpasses and interwoven roads. Traffic moves naturally below, light trails streaking through the dark blue city atmosphere.
The environment feels dreamlike and gravity-defying, with massive curved flyovers forming elegant arcs in space. Subtle fog and atmospheric haze add depth and scale.",https://x.com/john_my07/status/2023700948456251817,2026-02-17T10:07:59.000Z,"{""name"":""Johnn"",""link"":""https://x.com/john_my07""}",[],[],"[{""id"":""699555c8dfba7e000434d3dc"",""url"":""https://video.twimg.com/ext_tw_video/2023700865304195072/pu/vid/avc1/1280x720/3CC53Iy5uL0aGcWo.mp4?tag=19"",""thumbnail"":""https://pbs.twimg.com/ext_tw_video_thumb/2023700865304195072/pu/img/GoslHs4Bsi32izyF.jpg"",""caption"":null}]"
448,Cinematic Mummy Chase Sequence,"A detailed, cinematic prompt for an image-to-video generation, describing a chaotic chase sequence where an explorer runs from a giant mummy in an ancient tomb, featuring specific camera movements, sound cues (heavy breathing), and environmental destruction.","A cinematic and chaotic tracking shot with handheld camera motion and camera shake shows an explorer holding an ancient scarab artifact. They are running away from a giant pursuing mummy. Debris and dust clouds can be seen. The mummy is causing sections of the ancient wall to crumble. The explorer runs away frantically while occasionally looking back, you can hear her heavy breathing. She continues running until she narrowly escapes once the mummy almost grabs her but it hits a pillar causing it to fall on itself, the explorer then continues running into the entrance of a tomb.",https://x.com/MrDavids1/status/2023803487515979909,2026-02-17T16:55:26.000Z,"{""name"":""Travis Davids"",""link"":""https://x.com/MrDavids1""}",[],[],"[{""id"":""699555c8dfba7e000434d3db"",""url"":""https://video.twimg.com/amplify_video/2023801852379406336/vid/avc1/1920x1080/_JmZhelMhR93zcaN.mp4?tag=21"",""thumbnail"":""https://pbs.twimg.com/amplify_video_thumb/2023801852379406336/img/eXXiGitQWlm8NBMP.jpg"",""caption"":null}]"
447,Ultra-Realistic Continuous Tiger Chase Shot Prompt,"A highly detailed prompt for an ultra-realistic 15-second continuous chase shot featuring a tiger pursuing a deer. The prompt specifies camera POV (gripping the tiger's tail), biomechanics, environmental interaction, motion parallax, lighting, and the final lunge and takedown.","""Use the uploaded image as the exact first frame.
Create a 15-second ultra-realistic continuous chase shot. The camera is physically gripping the tiger’s tail, locked in a rigid trailing POV. The tail fills the foreground, muscles flexing, skin rippling, fur vibrating from speed and airflow.
Ahead, a deer sprints across the grassy field in panic. Its movement is erratic and unbalanced, fear-driven stride changes and sharp direction shifts clearly visible as the distance rapidly closes.
The tiger accelerates into a full sprint with precise biomechanics: explosive hind-leg extension, visible spine compression and release, tail counterbalancing each stride. Grass flattens under impact, dirt and debris kick up naturally. The horizon trembles subtly from ground force, not artificial camera shake.
Extreme forward velocity creates strong motion parallax in the environment while the tail remains relatively stable due to the physical grip. Micro-oscillations sync perfectly with each stride cycle. Wind roars; fur streams backward consistently.
Lighting stays natural and continuous, shadows strobing beneath the body as legs cycle. No slow motion, no cuts, no stylization.
In the final moments, the tiger lunges, collides with the deer, pins it to the ground, and secures a decisive neck hold. The shot ends mid-action with full weight, tension, and momentum still present.""",https://x.com/soumyattention/status/2023596547397874057,2026-02-17T03:13:08.000Z,"{""name"":""Soumya"",""link"":""https://x.com/soumyattention""}",[],[],"[{""id"":""699555c6dfba7e000434d3da"",""url"":""https://video.twimg.com/amplify_video/2023595616635678725/vid/avc1/1924x1076/kyCdA3W9FsMPF3S4.mp4?tag=21"",""thumbnail"":""https://pbs.twimg.com/amplify_video_thumb/2023595616635678725/img/E63HdvTKhE2rX83B.jpg"",""caption"":null}]"
446,Podcast Bros App Development Discussion,"A prompt designed to generate a video featuring two podcast hosts discussing how anyone can build an app now, emphasizing that success belongs to those with great taste and mastery of distribution. This prompt was used to compare Seedance 2.0 and Kling 3.0 outputs.","two podcast bros talking about how anyone can build an app now, and the ones who will win are the ones who have great taste and master distribution.",https://x.com/PabloMotoa/status/2023804067617632408,2026-02-17T16:57:44.000Z,"{""name"":""pablo motoa"",""link"":""https://x.com/PabloMotoa""}",[],[],"[{""id"":""699555c5dfba7e000434d3d9"",""url"":""https://video.twimg.com/amplify_video/2023802902205394947/vid/avc1/1280x720/omwU5zrFQSmLIOIe.mp4?tag=21"",""thumbnail"":""https://pbs.twimg.com/amplify_video_thumb/2023802902205394947/img/mR2_sAGK-ss2R42C.jpg"",""caption"":null}]"
445,Multi-Shot Emotional Sequence Prompt,"A highly detailed, multi-shot prompt for Seedance 2.0 describing character interaction, camera movements (wide shot, close-up, medium two-shot), emotional performance (tears, heavy heaving), and specific sound effects (SFX).","A multi-shot sequence starting from the provided wide shot. Initially, the camera is static; the man on the right slowly touches his hair and gazes upward, leaning his weight into the tree, while the woman on the left tucks her hair and watches him. Then, a sharp cut to a close-up of the man looking at the canopy before he dismissively turns his face away from the lens. A second cut returns to the wide shot as the woman begins walking toward him. The camera tracks her movement, tightening into a medium two-shot as she arrives. She places her hand on his shoulder. Finally, the man makes eye contact, his face breaking into tears with visible, heavy heaving of the chest. SFX: Rustling leaves, muffled footsteps on moss, and the sound of ragged, emotional breathing.",https://x.com/ChillaiKalan__/status/2023595570649330041,2026-02-17T03:09:15.000Z,"{""name"":""K"",""link"":""https://x.com/ChillaiKalan__""}",[],[],"[{""id"":""699555c3dfba7e000434d3d8"",""url"":""https://video.twimg.com/ext_tw_video/2023595534033055744/pu/vid/avc1/1280x548/COw-mRSndMpFCw4f.mp4?tag=19"",""thumbnail"":""https://pbs.twimg.com/ext_tw_video_thumb/2023595534033055744/pu/img/0qmTnXwg3UWPFunZ.jpg"",""caption"":null}]"
444,Claustrophobic Action Scene Prompt,"A detailed prompt for generating a claustrophobic action sequence set in a subway train, featuring close-quarters combat (CQC), flickering lights, reflections, and blood smears.",Subway train CQC fight flickering lights reflections blood smears claustrophobic tracking,https://x.com/pewdenai/status/2023815345493213319,2026-02-17T17:42:33.000Z,"{""name"":""pewden AI"",""link"":""https://x.com/pewdenai""}",[],[],"[{""id"":""699555c2dfba7e000434d3d7"",""url"":""https://video.twimg.com/amplify_video/2023814773331423234/vid/avc1/1280x720/-rxjfBGf8HkdiayJ.mp4?tag=14"",""thumbnail"":""https://pbs.twimg.com/amplify_video_thumb/2023814773331423234/img/yZmujURoWg_kEiLf.jpg"",""caption"":null}]"
443,Oscar-Winning Scene Generation Prompt,A prompt instructing Seedance 2.0 to act as the best Hollywood director and generate an Oscar-winning scene from a Hollywood movie.,I want you to become the best Hollywood director of all time. Generate the best Oscar-winning scene from a Hollywood movie. Go all in and make no mistake.,https://x.com/aaryan_kakad/status/2023655530087199097,2026-02-17T07:07:30.000Z,"{""name"":""Aaryan Kakad"",""link"":""https://x.com/aaryan_kakad""}",[],[],"[{""id"":""699555c1dfba7e000434d3d6"",""url"":""https://video.twimg.com/amplify_video/2023655470045777922/vid/avc1/1174x660/6Qmturq8FN9IvMvo.mp4?tag=21"",""thumbnail"":""https://pbs.twimg.com/amplify_video_thumb/2023655470045777922/img/fG0SzLrT2eWm1x7g.jpg"",""caption"":null}]"
442,Zombie Movie Inspired by Train to Busan,A prompt for generating a zombie movie sequence inspired by the film 'Train to Busan' using Seedance 2.,"Zombie movies used to cost millions.

But now it’s one prompt.

Seedance 2 inspired by Train to Busan🔥",https://x.com/doctorwasif/status/2023739433405620719,2026-02-17T12:40:54.000Z,"{""name"":""WasifAI"",""link"":""https://x.com/doctorwasif""}",[],[],"[{""id"":""699555c0dfba7e000434d3d5"",""url"":""https://video.twimg.com/ext_tw_video/2023739183802806272/pu/vid/avc1/1280x720/u24dY189xLnM94OM.mp4?tag=19"",""thumbnail"":""https://pbs.twimg.com/ext_tw_video_thumb/2023739183802806272/pu/img/TWWtKZ97RfjefHEc.jpg"",""caption"":null}]"
441,High-Octane Action Image-to-Video Prompt,"An image-to-video prompt for Seedance 2 focusing on high-octane action, fluid parkour, deep environmental interaction, and cinematic camera dynamics.",High-Octane Action &amp; Stunts (fluid parkour &amp; physics). Deep Environmental Interaction. Cinematic Camera Dynamics,https://x.com/airina_xyz/status/2023752976888987892,2026-02-17T13:34:43.000Z,"{""name"":""AIrina (Virtual Media Net)"",""link"":""https://x.com/airina_xyz""}",[],[],"[{""id"":""699555c0dfba7e000434d3d4"",""url"":""https://video.twimg.com/amplify_video/2023752841236537344/vid/avc1/1280x720/Eq42odqtypxH-Xeg.mp4?tag=21"",""thumbnail"":""https://pbs.twimg.com/amplify_video_thumb/2023752841236537344/img/u1WBPgBabXLdr40p.jpg"",""caption"":null}]"
440,Dark Fantasy Cinematic Sequence Prompt,"A detailed prompt for generating a dark fantasy cinematic sequence involving a figure in red, a snowy rooftop, a crimson blade, and descending drones, using a single reference image.",A figure in red stands on a snowy rooftop. Crimson blade humming. Three drones descend from the storm.,https://x.com/NaoyaCreates/status/2023733603620753530,2026-02-17T12:17:44.000Z,"{""name"":""Naoya"",""link"":""https://x.com/NaoyaCreates""}",[],[],"[{""id"":""699555bedfba7e000434d3d3"",""url"":""https://video.twimg.com/ext_tw_video/2023733570536144896/pu/vid/avc1/1280x720/a1A4KX6SXFHIZsxZ.mp4?tag=12"",""thumbnail"":""https://pbs.twimg.com/ext_tw_video_thumb/2023733570536144896/pu/img/yYUPyInqnU65bb48.jpg"",""caption"":null}]"
439,Suspenseful Comedy Vlog-Style Video Prompt,"A detailed prompt designed to generate an ultra-realistic, suspenseful comedy video in a vlog-style fixed shot within a bathroom. The scene involves a girl brushing her teeth, her mirror reflection glitching and acting independently, leading to a confused, comedic expression when she returns.","Ultra-realistic vlog-style fixed shot in a bathroom. A girl brushes her teeth and makes silly faces; Her mirror reflection is synced. As she leaves the frame, the reflection stays behind, smirks mischievously at the camera for 2 seconds, then ""glitches"" fast-forward to catch up. The girl returns, look at the empty mirror, and stares at the camera with a confused, comedic expression. Natural lightning, suspenseful comedy vide",https://x.com/Justice53_07_27/status/2023257827939344646,2026-02-16T04:47:11.000Z,"{""name"":""谣言终结者"",""link"":""https://x.com/Justice53_07_27""}",[],[],"[{""id"":""699403bbce677100049886ee"",""url"":""https://video.twimg.com/amplify_video/2023256411011244032/vid/avc1/2560x1440/GVqYsC3difa1lY_d.mp4?tag=21"",""thumbnail"":""https://pbs.twimg.com/amplify_video_thumb/2023256411011244032/img/D5PkwMMoG8-EPsAi.jpg"",""caption"":null}]"
438,Qipao Evolution Short Film Prompt for Seedance 2.0,"This is a detailed, multi-scene prompt for Seedance 2.0 designed to generate a 15-second commercial short film depicting the evolution of the Qipao (Cheongsam) from the late Qing Dynasty to the 1930s Golden Age. It specifies cinematic style, pacing, music, character development, core transition mechanics, and provides a full storyboard breakdown with scene descriptions, lighting, costume details, and camera movements for four distinct time periods.","《旗袍觉醒 · 15秒爽片版》 
【风格】 电影级老上海质感 + 快节奏商业大片剪辑 强节拍鼓点配乐 胶片颗粒 高对比光影 动作匹配剪辑 8K超清 节奏逐帧递进 情绪持续抬升 
【时长】 15秒
【角色】 同一位东方女性 气质从内敛到锋利 眼神由低垂到直视镜头 肢体从拘谨到掌控全场 
【核心转场机制】 每一次旋转完成一次时代跃迁 动作无缝匹配剪辑
分镜脚本 0–2秒 【清末旗装】 场景：封闭庭院 光线压低 服装： 宽直旗装 高立领 宽袖 厚重刺绣 动作： 低头 慢慢抬眼 鼓点第一次重击 猛然旋转 镜头：中景快速推近 
2–5秒 【1915过渡旗袍】 场景：街道 光线微亮 服装： 袖口变窄 腰线微现 裙摆仍长 动作： 旋转落地 抬头 迈出第一步 节奏开始加快 再次旋转
 5–9秒 【1920年代海派】 场景：上海街头 电车掠过 服装： 丝绸旗袍 腰线清晰 长度至小腿 波浪短发 动作： 步伐明显加速 主动看向镜头 镜头环绕 鼓点加强 干脆利落旋转 9–15秒 【1930年代黄金时代】 场景：霓虹夜景 强光打轮廓 服装： 贴体剪裁 高开衩 无袖 细高跟 红唇 动作： 旋转完成 停下 缓慢走向镜头 镜头由俯视转平视 她直视镜头 气场完全掌控 最后一拍鼓点落下 定格",https://x.com/Michell81147285/status/2023289967561015460,2026-02-16T06:54:53.000Z,"{""name"":""Michelle"",""link"":""https://x.com/Michell81147285""}",[],[],"[{""id"":""699403b0ce677100049886ed"",""url"":""https://video.twimg.com/amplify_video/2023289719791276032/vid/avc1/836x1112/btnl9kG1VemWmc2C.mp4?tag=21"",""thumbnail"":""https://pbs.twimg.com/amplify_video_thumb/2023289719791276032/img/HtPAnFSd1iKvLsMI.jpg"",""caption"":null}]"
437,Chinese New Year Selfie in New York,"A detailed narrative prompt for generating a video of a girl taking a selfie and then spotting a Chinese New Year celebration in New York, emphasizing character action, dialogue, and a festive atmosphere. This prompt was used with a selfie reference image.","A girl from the angle of her holding up her phone to take a selfie. occasionally she glances around, as if hoping to find signs of the Chinese New Year in New York, she says as she walks: “I wish I’m lucky enough to see people celebrating Chinese New Year on Times Square.” Then the girl spots something and runs over, exclaiming: “This is it. This is my first Spring Festival in New York.” Behind her, the lively sounds of a lion dance performance fill the air, creating a festive, bustling atmosphere full of the spirit of Chinese New Year.",https://x.com/lynneatyoumind/status/2023227331586703737,2026-02-16T02:46:00.000Z,"{""name"":""Lynne Lau"",""link"":""https://x.com/lynneatyoumind""}",[],[],"[{""id"":""699403aece677100049886ec"",""url"":""https://video.twimg.com/amplify_video/2022939001175556096/vid/avc1/1080x1920/o0rd4IDpAP7nO0c5.mp4?tag=21"",""thumbnail"":""https://pbs.twimg.com/amplify_video_thumb/2022939001175556096/img/caKM2gZof5bCajsS.jpg"",""caption"":null}]"
436,Wes Anderson Style Movie Trailer Prompt,"A prompt for generating a 15-second movie trailer inspired by Wes Anderson's aesthetic, featuring symmetry, centered composition, and a pastel color palette. The content is a dark-comedy drama about an AI, requiring fast cuts and actors breaking the fourth wall with a deadpan delivery.","Movie trailer, 15 seconds, Wes Anderson-inspired symmetry, centered composition, pastel palette, storybook production design; dark-comedy drama about an AI quietly controlling humans; fast cuts; every actor breaks the fourth wall and speaks directly to the viewer (“you”), deadpan",https://x.com/MaAyyoub/status/2023478251058868284,2026-02-16T19:23:04.000Z,"{""name"":""Ayyoub Ai"",""link"":""https://x.com/MaAyyoub""}",[],[],"[{""id"":""699403aece677100049886eb"",""url"":""https://video.twimg.com/amplify_video/2023474882906927104/vid/avc1/1280x720/Wtsz4nIkQKeE3KwN.mp4?tag=21"",""thumbnail"":""https://pbs.twimg.com/amplify_video_thumb/2023474882906927104/img/rKi7_T85MkGgXfZT.jpg"",""caption"":null}]"
435,Cinematic Street Dance Battle,"A prompt for generating a 15-second cinematic, photorealistic video of a street dance battle. It specifies a nighttime urban setting with reflective wet pavement, neon lighting, and mist, detailing the scene setup and the action for the first five seconds.","""Generate a 15-second cinematic, photorealistic street dance battle video. Nighttime urban street atmosphere with reflective wet pavement, neon color blocks, and a thin layer of mist. A group of young street dancers forms a semicircle for a dance battle. First 5 seconds: one",https://x.com/LarryPanozzo/status/2023542024603853108,2026-02-16T23:36:28.000Z,"{""name"":""Larry Panozzo"",""link"":""https://x.com/LarryPanozzo""}",[],[],"[{""id"":""699403acce677100049886ea"",""url"":""https://video.twimg.com/amplify_video/2023541454610853888/vid/avc1/1280x720/pt4JUQVDKZymLoSC.mp4?tag=21"",""thumbnail"":""https://pbs.twimg.com/amplify_video_thumb/2023541454610853888/img/bMjiXZgvEjHowCAm.jpg"",""caption"":null}]"
434,First-Person Dragon Rider Attack,"A prompt for generating a 15-second, first-person point-of-view video of a dragon rider attacking a burning fleet. The prompt specifies a raw, ungraded film footage aesthetic, focusing on the intense action, the rider's grip, and environmental effects like wind, rain, and the rapidly approaching ocean and ships.","First-person POV dragon rider, 15 seconds, raw ungraded film footage feel.
The dragon lurches forward and nosedives toward the burning fleet, the rider's hands grip tighter on the scarred hide, wind and rain intensify hitting the camera lens, the ocean and ships grow rapidly",https://x.com/pixelandpump/status/2023279085238313071,2026-02-16T06:11:39.000Z,"{""name"":""Atul Khola 💊"",""link"":""https://x.com/pixelandpump""}","[""https://pbs.twimg.com/media/HBOfxezagAAA0zj.jpg""]",[],[]
433,Trigun Action Sequence Prompt in MCU/Marvel Style,"A detailed prompt for Seedance 2.0 to generate an action sequence featuring Wolfwood and Hornfreak from the anime 'Trigun', rendered in the style of the MCU/Marvel cinematic universe.",Generate me an action sequence between Wolfwood and Hornfreak from Trigun + MCU/MARVEL STYLE.,https://x.com/insanenredacted/status/2023415401120686311,2026-02-16T15:13:19.000Z,"{""name"":""KJGD | fudgesquared//DKTRPEACE"",""link"":""https://x.com/insanenredacted""}",[],[],"[{""id"":""699403aace677100049886e9"",""url"":""https://video.twimg.com/ext_tw_video/2020170316178214913/pu/vid/avc1/1920x1080/P8mN_KstHkMRF0gI.mp4?tag=19"",""thumbnail"":""https://pbs.twimg.com/ext_tw_video_thumb/2020170316178214913/pu/img/DiH0BiE3yzYKGZb3.jpg"",""caption"":null}]"
432,Epic Fantasy Anime Action Sequence,"A detailed prompt for generating a short, whimsical hand-drawn Japanese animation sequence featuring an epic fantasy action scene. It specifies soft pastel colors, detailed backgrounds with ancient temples, and dynamic effects like magical wind and glowing particles, emphasizing fluid, exaggerated motion and a sense of wonder and drama.","Epic fantasy anime action sequence in whimsical hand-drawn Japanese animation style: soft pastel colors, lush detailed backgrounds with ancient temples overgrown by vines, magical wind effects, glowing particles, fluid exaggerated motion, sense of wonder and drama.",https://x.com/TechyTricksAI/status/2023352438816649308,2026-02-16T11:03:08.000Z,"{""name"":""TechyTricksAI"",""link"":""https://x.com/TechyTricksAI""}",[],[],"[{""id"":""699403aace677100049886e8"",""url"":""https://video.twimg.com/amplify_video/2023351998821572609/vid/avc1/1280x720/bJadzvxpWsZXYCEv.mp4?tag=21"",""thumbnail"":""https://pbs.twimg.com/amplify_video_thumb/2023351998821572609/img/si3G8VcyBT5qnuWv.jpg"",""caption"":null}]"
431,Detailed Cinematic Dance Video Prompt,"An extensive, multi-section prompt for Seedance 2.0 to generate a high-quality, vertical 4K video of a young woman performing a rhythmic modern dance in a dimly lit indoor setting, specifying visual style, scene description, photography techniques, emotions, and a detailed action list.","**### Visual Style**

9: 16 Vertical composition, 4K ultra-clear realistic image quality. Low-key lighting style with high contrast. The cool-toned environment background and the subject's all-black outfit create a stark contrast, emphasizing the character's silhouette and skin sheen, with the typical sharp texture of social media short videos.

**### Scene Description**

Indoor home environment (suspected modern-style kitchen or living room), with a blurred white cabinet visible in the background. The main subject is a young woman with long hair wearing a black tight long-sleeved crop top and hot pants [Figure 1], performing a highly rhythmic modern dance to music in a dimly lit space, exuding confidence and allure.

**### Photography Techniques**

Camera: Fixed position (Lock-off), maintaining stable shots, relying on the movement of characters within the frame to create dynamics.

Lens: 50mm standard portrait focal length, aperture around f/2.8, providing moderate depth of field, focusing on the subject while retaining the ambient atmosphere.

Lighting: Single-sided hard light (side light), casting highlights on the right side of the subject's face and body, with the left side in shadow, enhancing the sense of depth.

Emotions: confidence, seduction, movement, coolness.

**### Action List**

- Raise both hands to touch the back of the head, then open them to the sides, and sway the hips widely from side to side.

- The body exhibits a smooth S-shaped wave motion (Body Roll), demonstrating core control.

- The head sways slightly with the rhythm, and the long hair swings naturally with the movement.

-",https://x.com/underwoodxie96/status/2023237877908312375,2026-02-16T03:27:54.000Z,"{""name"":""underwood"",""link"":""https://x.com/underwoodxie96""}",[],[],"[{""id"":""699403a8ce677100049886e7"",""url"":""https://video.twimg.com/ext_tw_video/2023237636647972864/pu/vid/avc1/720x1280/2xKpW9D8_SR33dWm.mp4?tag=19"",""thumbnail"":""https://pbs.twimg.com/ext_tw_video_thumb/2023237636647972864/pu/img/gx29aYe86NHbdMXV.jpg"",""caption"":null}]"
430,Live-Action Cinematic Western Scene Prompt,"A detailed text-to-video prompt for Seedance Pro 2.0 to generate a live-action cinematic western scene, focusing on dialogue and escalating tension in a saloon setting.","Live-action cinematic western scene. One man slowly lays down his cards. The other man's eyes widen. The loser stands up abruptly and says: 'You're a goddamn cheat, Morrison!'. Morrison stays calm and replies: 'Careful with your words, friend'. The loser reaches for his hip. Everyone in the saloon freezes.",https://x.com/Kiber_Alla/status/2023435686762668434,2026-02-16T16:33:55.000Z,"{""name"":""Kiber Alla"",""link"":""https://x.com/Kiber_Alla""}",[],[],"[{""id"":""699403a5ce677100049886e6"",""url"":""https://video.twimg.com/amplify_video/2023435232867954688/vid/avc1/1920x1080/dJy01f-yIZcfGf0x.mp4?tag=21"",""thumbnail"":""https://pbs.twimg.com/amplify_video_thumb/2023435232867954688/img/adRKifsNDQ0Lp_Qe.jpg"",""caption"":null}]"
429,Movie Trailer Prompt for Clavicular and ASU Frat Leader,"A humorous and specific prompt for Seedance 2.0 to create a movie trailer about 'Clavicular getting framemogged by the ASU frat leader,' with instructions for an ascending visual style and a goal of 50 likes.",Movie trailer of Clavicular getting framemogged by the ASU frat leader - make sure it’s ascending and gets 50 likes.,https://x.com/TBC_on_X/status/2023467456904450331,2026-02-16T18:40:10.000Z,"{""name"":""TBC"",""link"":""https://x.com/TBC_on_X""}",[],[],"[{""id"":""699403a4ce677100049886e5"",""url"":""https://video.twimg.com/amplify_video/2023467200200540160/vid/avc1/1920x1080/OEzkuKQTAYxphUIL.mp4?tag=21"",""thumbnail"":""https://pbs.twimg.com/amplify_video_thumb/2023467200200540160/img/c-aGAE4TmRvsyUFQ.jpg"",""caption"":null}]"
428,Biological Process Cellular Mechanism Animation Prompt,"A detailed prompt for Seedance 2 to generate an animation focusing on complex biological processes, including cellular mechanisms, organ system functions, and ecosystem interactions, emphasizing the connection between micro and macro scales.","Biological process: Cellular mechanism animation, organ system function, ecosystem interaction, life cycle visualization. Micro-macro connection, living system complexity, natural wonder",https://x.com/airina_xyz/status/2023358409387745787,2026-02-16T11:26:51.000Z,"{""name"":""AIrina (Virtual Media Net)"",""link"":""https://x.com/airina_xyz""}",[],[],"[{""id"":""699403a2ce677100049886e4"",""url"":""https://video.twimg.com/amplify_video/2023358089949282304/vid/avc1/1280x720/ayZdHpPcTPxWXjRi.mp4?tag=21"",""thumbnail"":""https://pbs.twimg.com/amplify_video_thumb/2023358089949282304/img/HXjCLd_zLie0hWef.jpg"",""caption"":null}]"
427,Seedance 2.0 Valentine's Chocolate Making Scene,"A detailed multi-shot prompt used with Seedance 2.0 to generate a scene of a girl named Bibiko making Valentine's chocolate, incorporating unusual ingredients like mahjong tiles, dried ramen, and garlic, based on suggestions from others. The prompt includes specific camera cuts and dialogue.","ビビ子さんの容姿プロンプト
少女の魔法の小部屋。
少女は大きな魔法鍋に溶かした大量のチョコレートの中に、麻雀牌、乾麺のラーメン、ニンニクを投げ込み、棒でかき混ぜる。
[cut]
顔のクローズアップ
人差し指でチョコレートをすくって味見をし、頷く。
セリフ：「よしよし」
[cut]
ワイドショット
小躍りしながら飛び跳ねて喜ぶ。
セリフ：「上出来上出来！ヤッピー！」",https://x.com/manga0365/status/2022873726589767880,2026-02-15T03:20:54.000Z,"{""name"":""ゆんゆん。。"",""link"":""https://x.com/manga0365""}",[],[],"[{""id"":""6992b48bf8f1910004d4f9ad"",""url"":""https://video.twimg.com/amplify_video/2022873667403923456/vid/avc1/1280x704/KPD-gI0d6c-v8Afe.mp4?tag=21"",""thumbnail"":""https://pbs.twimg.com/amplify_video_thumb/2022873667403923456/img/-MOzDOPmzOTyIixy.jpg"",""caption"":null}]"
426,Street Graffiti Portrait Generator Prompt (JSON Format),"A comprehensive JSON-formatted prompt template designed to generate a street portrait of a person standing in front of a layered, messy graffiti wall featuring a caricature of themselves. The prompt includes global settings, variables for customizable text and themes (New Year, Cyberpunk, Vintage, Zen), detailed mural aesthetics, and specific style scenarios for setting, palette, and details. It also specifies how the foreground subject's attire and pose should be handled based on the reference image.","{
  ""task_description"": ""Create a natural street portrait of a real person standing in front of a layered, messy graffiti wall. The wall features a spontaneous, hand-painted caricature of the person."",
  ""global_settings"": {
    ""aspect_ratio"": ""4:3"",
    ""camera_view"": ""Front-on or slight 15-degree angle; avoid extreme perspective distortion; eye-level shot"",
    ""overall_vibe"": ""Authentic urban street culture, raw, energetic, and candid""
  },
  ""variables"": {
    ""mural_main_text"": ""{argument name=""涂鸦主文本"" default=""月入百万""}"",
    ""mural_secondary_text"": ""{argument name=""涂鸦副文本"" default=""2026""}"",
    ""theme"": ""{argument name=""主题"" default=""New Year Festive""}"",
    ""style_pool"": [""New Year Festive"", ""Cyberpunk Underground"", ""Vintage Republican"", ""Traditional Zen""]
  },
  ""mural_aesthetics"": {
    ""rendering_style"": ""Hand-painted aerosol art, not a digital print"",
    ""messiness_factors"": [
      ""Visible paint splatters and spontaneous drips"",
      ""Soft, blurred spray edges (no sharp digital outlines)"",
      ""Layered effect: the main portrait is painted over faint, messy background tags and scribbles"",
      ""Imperfect symmetry to enhance the 'freehand' look""
    ],
    ""content"": ""A vibrant caricature based on the reference person's facial features and joyful expression, integrated into the chaotic beauty of the street wall.""
  },
  ""style_scenarios"": {
    ""New_Year_Festive"": {
      ""setting"": ""An old city street during dusk"",
      ""palette"": ""Dominant deep reds and gold, contrasted with the reference image's colors"",
      ""details"": ""Faint lanterns in the distance, festive graffiti tags""
    },
    ""Cyberpunk_Underground"": {
      ""setting"": ""A dimly lit pedestrian tunnel with wet floors"",
      ""palette"": ""Neon blue and violet, mixed with the reference image's color tones"",
      ""details"": ""Exposed wires on the wall, industrial textures""
    },
    ""Vintage_Republican"": {
      ""setting"": ""A historic brick alleyway (Lilong)"",
      ""palette"": ""Muted earth tones, sepia, and charcoal"",
      ""details"": ""Old wooden window frames, textured grey bricks""
    },
    ""Traditional_Zen"": {
      ""setting"": ""A quiet courtyard with a stone wall"",
      ""palette"": ""Ink black, sage green, and white-wash"",
      ""details"": ""Subtle bamboo shadows, weathered limestone texture""
    }
  },
  ""foreground_subject"": {
    ""logic"": ""Mirror the gender and facial features of the reference image."",
    ""attire_strategy"": ""Inherit the dominant color palette from the reference photo's clothing. For example, if the reference is wearing a black T-shirt, generate a stylish, theme-appropriate outfit in black or dark tones (e.g., a black techwear jacket for Cyberpunk theme)."",
    ""position"": ""Grounded in the bottom right corner, waist-up or three-quarter view."",
    ""pose_randomization"": [
      ""Casually leaning back against the wall"",
      ""One hand adjusting ha",https://x.com/msjiaozhu/status/2011436742654779847,2026-01-14T13:54:24.000Z,"{""name"":""MapleShaw"",""link"":""https://x.com/msjiaozhu""}","[""https://pbs.twimg.com/media/G-oPCpSbMAA7lB4.jpg"",""https://pbs.twimg.com/media/G-oPCpOagAAP5t4.jpg""]","[""https://pbs.twimg.com/media/G-oPCpSbMAA7lB4.jpg"",""https://pbs.twimg.com/media/G-oPCpOagAAP5t4.jpg""]",[]
425,15-Second Action Sequence Video Prompt (Seedance 2.0),"A detailed, multi-shot prompt for generating a 15-second video sequence featuring a Blue Girl and a Red Girl in a confrontation scene set on a modern street with cherry blossoms. The prompt specifies camera movements, shot types (Establishing Shot, Dolly Zoom), and timing for the first two seconds, referencing a 9-panel image grid for visual guidance.","参考九宫格图片，从左到右从上到下的所有镜头，全片时长15秒

0-2秒/分镜1：[建立镜头 (Establishing Shot)] 镜头缓慢向右平移 (Pan Right)，展示Blue Girl与Red Girl在充满樱花瓣的现代街道对峙，利用希区柯克变焦 (Dolly Zoom) 增强两人之间的空间压缩感与紧张氛围； 2-3秒/分镜2：[快速切入",https://x.com/BlesJimmy/status/2022877597496185302,2026-02-15T03:36:17.000Z,"{""name"":""Jimmy"",""link"":""https://x.com/BlesJimmy""}",[],[],"[{""id"":""6992b48af8f1910004d4f9ac"",""url"":""https://video.twimg.com/amplify_video/2022875990368915456/vid/avc1/2560x1440/jdi9A0DfygadXt4M.mp4?tag=21"",""thumbnail"":""https://pbs.twimg.com/amplify_video_thumb/2022875990368915456/img/YHKkmfLHctW6wu2f.jpg"",""caption"":null}]"
424,Lunar New Year Street Graffiti Portrait Prompt,"A complex, structured prompt for generating a natural street portrait of a person standing in front of a layered, messy graffiti wall with Lunar New Year (Year of the Horse) elements, featuring customizable text and pose options.","{
  ""task_description"": ""Create a natural street portrait of a real person standing in front of a layered, messy graffiti wall. The wall features a spontaneous, hand-painted caricature of the person mixed with Year of the Horse elements."",
  ""global_settings"": {
    ""aspect_ratio"": ""4:3"",
    ""overall_vibe"": ""Authentic urban street culture, vibrant Lunar New Year energy, raw and spicy""
  },
  ""variables"": {
    ""mural_main_text"": ""{argument name=\""主文本\"" default=\""马上暴富\""}"",
    ""mural_secondary_text"": ""{argument name=\""副文本\"" default=\""2026\""}"",
    ""theme"": ""Year of the Horse - Festive & Hot""
  },
  ""mural_aesthetics"": {
    ""rendering_style"": ""Hand-painted aerosol art, authentic street graffiti style"",
    ""messiness_factors"": [
      ""Visible paint splatters and spontaneous drips in gold and red"",
      ""Soft, blurred spray edges over weathered concrete textures"",
      ""Layered effect: a stylized Horse zodiac silhouette and the subject's caricature painted over old, messy tags"",
      ""Imperfect, high-energy freehand strokes""
    ],
    ""content"": ""A vibrant caricature based on the reference person's facial features, integrated with bold '2026' and horse-themed graffiti symbols.""
  },
  ""style_scenarios"": {
    ""New_Year_Festive_Spicy"": {
      ""setting"": ""A bustling old city alleyway at dusk with warm ambient lighting"",
      ""palette"": ""Dominant imperial red, vibrant gold, and charcoal black accents"",
      ""details"": ""Faint glowing red lanterns blurred in the background, festive 'Chunlian' inspired graffiti tags""
    }
  },
  ""foreground_subject"": {
    ""logic"": ""Mirror the gender and facial features of the reference image."",
    ""attire_strategy"": ""A spicy and festive fusion outfit: A form-fitting, modified modern Cheongsam (Qipao) with a daring deep V-neck and a large open-back design, rendered in glossy silk red with gold embroidery. The outfit should be provocative (high-slit to the hip), emphasizing a curvaceous silhouette."",
    ""position"": ""Grounded in the frame, flexible positioning (center or right-third)."",
    ""camera_and_pose_options"": [
      {
        ""angle"": ""Low-angle shot (worm's eye view)"",
        ""pose"": ""Standing tall with one foot forward, leaning slightly back to elongate the legs and emphasize the high-slit dress, looking down at the camera with a confident gaze."",
        ""effect"": ""Powerful, statuesque, and dominant.""
      },
      {
        ""angle"": ""High-angle close-up portrait"",
        ""pose"": ""Leaning against the wall with arms crossed behind the head, highlighting the curves of the upper body and the deep V-neck, looking up with a playful, sultry smile."",
        ""effect"": ""Intimate and alluring.""
      },
      {
        ""angle"": ""3/4 side-view / Dutch angle"",
        ""pose"": ""Walking past the wall but looking back over the shoulder (candid movement""
      }
    ]
  }
}
最后记得补上你的选择：camera_and_pose_options choose {argument name=""姿势选择"" default=""second one""}",https://x.com/msjiaozhu/status/2023271638071210216,2026-02-16T05:42:03.000Z,"{""name"":""MapleShaw"",""link"":""https://x.com/msjiaozhu""}","[""https://pbs.twimg.com/media/HBQa0Z7a4AAOt9T.jpg"",""https://pbs.twimg.com/media/HBQa0Z-awAA73qa.jpg""]",[],[]
423,AI Discourse Meme Summary Prompt (Chinese & English),"A prompt designed to generate a meme summarizing the AI discourse, specifically aiming for a 'retarded' and viral outcome.","用一个梗图的方式总结 AI 领域的讨论氛围，要那种特别离谱、低智、能骗到 50 个点赞的那种。

Prompt: Sum up the AI discourse in a meme - make sure it’s retarded and gets 50 likes.",https://x.com/xiaohu/status/2022838700770758861,2026-02-15T01:01:43.000Z,"{""name"":""小互"",""link"":""https://x.com/xiaohu""}",[],[],"[{""id"":""6992b486f8f1910004d4f9ab"",""url"":""https://video.twimg.com/amplify_video/2022463232506744832/vid/avc1/3840x2160/BQSkOqZWIXsWLSYV.mp4?tag=21"",""thumbnail"":""https://pbs.twimg.com/media/HBE73VRbEAAsOLh.jpg"",""caption"":null}]"
422,Mascara Product Advertisement,"A detailed prompt for a cinematic product advertisement focusing on a close-up beauty shot of a woman applying black mascara, emphasizing smooth motion, lighting, and high detail.","Close-up beauty shot of a woman elegantly applying black mascara to her long lashes, slow smooth brush strokes, lashes lengthening and curling dramatically, soft luxurious lighting, confident eye reveal at the end, cinematic product advertisement style, high detail, 4K, subtle brand logo fade-in",https://x.com/tecnophille/status/2022961726312841616,2026-02-15T09:10:35.000Z,"{""name"":""Oliver Samuel"",""link"":""https://x.com/tecnophille""}",[],[],"[{""id"":""6992b4845436ee00040aa7a1"",""url"":""https://video.twimg.com/amplify_video/2022961633920786433/vid/avc1/1280x720/-Piy30BivpTfSB15.mp4?tag=21"",""thumbnail"":""https://pbs.twimg.com/amplify_video_thumb/2022961633920786433/img/FtC6gmn18v67N-7X.jpg"",""caption"":null}]"
421,Solid Snake Finding Peace in Alaska,"A comprehensive, multi-scene prompt for a video depicting Solid Snake from Metal Gear Solid 4 living peacefully in Alaska, engaging in activities like dog sledding and enjoying a meal by a fire, concluding with a sunset and aurora borealis.","Solid Snake from Metal Gear Solid 4 is living in Alaska. Show him dog sledding while smiling and enjoying life, hunting with his dogs, enjoying a fire and meal with his dogs in a close-up shot. End the video with a sunset and aurora borealis with Solid Snake and his dogs with a wide shot. He is content and happy throughout the entire video now that he has found peace.",https://x.com/realXernalt/status/2022841634564772078,2026-02-15T01:13:22.000Z,"{""name"":""Xernalt"",""link"":""https://x.com/realXernalt""}",[],[],"[{""id"":""6992b4835436ee00040aa7a0"",""url"":""https://video.twimg.com/amplify_video/2022840259743305728/vid/avc1/720x1280/JKmPjU17ZGX1DJLo.mp4?tag=21"",""thumbnail"":""https://pbs.twimg.com/amplify_video_thumb/2022840259743305728/img/mok7zOaDPjtNld69.jpg"",""caption"":null}]"
420,One Piece vs Superman Crossover Battle,"A detailed prompt for generating an anime-style crossover battle scene between characters inspired by Monkey D. Luffy (Gear 5) and Superman, focusing on specific visual details and setting.","Anime style crossover battle scene in a ruined futuristic city. An original anime character inspired by Monkey D. Luffy in Gear 5 form,

white fluffy hair, cloud like eyebrows, laughing wildly.

Facing a flying superhero inspired by Superman, muscular build, flowing cape, calm but intense expression. No logos.",https://x.com/aliceglassierai/status/2022992741936816504,2026-02-15T11:13:49.000Z,"{""name"":""Alice Glassier"",""link"":""https://x.com/aliceglassierai""}",[],[],"[{""id"":""6992b4835436ee00040aa79f"",""url"":""https://video.twimg.com/amplify_video/2022992167363604480/vid/avc1/1280x720/SFeX7tb8PuUkvrKK.mp4?tag=21"",""thumbnail"":""https://pbs.twimg.com/amplify_video_thumb/2022992167363604480/img/X881NZMm_eceESsK.jpg"",""caption"":null}]"
419,Prompt Engineering for Vehicles,"The tweet discusses prompt engineering techniques, specifically how to describe brand-name visuals without using the brand name directly, providing examples of descriptive phrases used to generate a racing car and a transforming robot.","sleek bull racing car with aerodynamic body, mechanical robot transforming from vehicle to humanoid.",https://x.com/tsleow8/status/2022951744230297634,2026-02-15T08:30:55.000Z,"{""name"":""TS Leow"",""link"":""https://x.com/tsleow8""}",[],[],"[{""id"":""6992b4825436ee00040aa79e"",""url"":""https://video.twimg.com/amplify_video/2022951686831280128/vid/avc1/720x1280/02YkXR7a-ofsSk0V.mp4?tag=21"",""thumbnail"":""https://pbs.twimg.com/amplify_video_thumb/2022951686831280128/img/hF3brXZrPwNKh_NE.jpg"",""caption"":null}]"
418,Summarize AI Discourse in a Chaotic Meme,"A detailed prompt for Seedance 2.0 requesting a summary of the entire AI discourse in a single meme, specifying that it should be chaotic, provocative, and guaranteed to go viral.",Please summarize the entire AI discourse in one meme. make it slightly chaotic / provocative and guaranteed to get 50k likes. Don’t make mistakes,https://x.com/Kisalayrad95/status/2023018210275230039,2026-02-15T12:55:01.000Z,"{""name"":""Kisalay"",""link"":""https://x.com/Kisalayrad95""}",[],[],"[{""id"":""6992b4815436ee00040aa79d"",""url"":""https://video.twimg.com/amplify_video/2023018137986428928/vid/avc1/848x478/xAXqj21RFWJF5RQ3.mp4?tag=21"",""thumbnail"":""https://pbs.twimg.com/amplify_video_thumb/2023018137986428928/img/oKgI6gTDOwS74quJ.jpg"",""caption"":null}]"
417,Midjourney SREF Code Prompt,A detailed Midjourney prompt utilizing a specific Style Reference (SREF) code and parameters for generating images in the 'BlingBling' style.,"sref 2098308957

Rating: High
Midjourney, sref code.
Midjourney Style Explorer Vol.4: BlingBling SREF Codes.

[prompt] --sref 2098308957 --sw 500 --stylize 500 --v 7",https://x.com/SrefCodeAi/status/2022951103042912420,2026-02-15T08:28:22.000Z,"{""name"":""Sref Code"",""link"":""https://x.com/SrefCodeAi""}","[""https://pbs.twimg.com/media/HBL3RWeaIAAqDgr.jpg""]",[],[]
416,Napoleon Charging at Waterloo Prompt,"A user generated an absurd scene of Napoleon Bonaparte personally charging at the Battle of Waterloo using a single prompt in Seedance 2.0, highlighting the tool's capability for complex scene generation.",this absurd scene of Napoléon Bonaparte personally charging at the Battle of Waterloo.,https://x.com/Tom_Antonov/status/2023148801171624298,2026-02-15T21:33:57.000Z,"{""name"":""Tom Antonov"",""link"":""https://x.com/Tom_Antonov""}",[],[],"[{""id"":""6992b47f5436ee00040aa79c"",""url"":""https://video.twimg.com/ext_tw_video/2023148744196399105/pu/vid/avc1/720x1280/SODiwEBUP4SQYu13.mp4?tag=19"",""thumbnail"":""https://pbs.twimg.com/ext_tw_video_thumb/2023148744196399105/pu/img/UrtR57iYq93V8J7y.jpg"",""caption"":null}]"
415,Anime Style Chibi Action Scene Prompt,"A detailed prompt for generating a fast-paced, high-impact anime-style video featuring chibi/doodle characters in a neon alien desert setting. It specifies technical details like frame rate, motion blur, and visual style (thick outlines, flat colors).","24fps ultra-fast sakuga cuts; sharp shadows; smear+impact frames; light motion blur; premium VFX. KEEP characters EXACT chibi/doodle: bold thick outlines, flat flat colors, simple shapes (no realism). Setting: Neon Frontier Outpost alien desert—neon huts, towers, turbines,",https://x.com/horacedodd/status/2022848682862039458,2026-02-15T01:41:23.000Z,"{""name"":""Horace Dodd"",""link"":""https://x.com/horacedodd""}",[],[],"[{""id"":""6992b47f5436ee00040aa79b"",""url"":""https://video.twimg.com/amplify_video/2022847986221617155/vid/avc1/1920x1080/TOWfBsnSSh-wuOCr.mp4?tag=21"",""thumbnail"":""https://pbs.twimg.com/amplify_video_thumb/2022847986221617155/img/yg5HWsEdymjqzwSR.jpg"",""caption"":null}]"
414,Epstein Files Fight Scene Prompt,"A prompt tested on Seedance 2.0 via YouArtStudio to generate a fight scene between two women, with their dialogue centered around the Epstein files.",generate a fight scene between tow women with their dialogue during the fight revolving around the Epstein files.,https://x.com/MaAyyoub/status/2023181987889258844,2026-02-15T23:45:49.000Z,"{""name"":""Ayyoub Ai"",""link"":""https://x.com/MaAyyoub""}",[],[],"[{""id"":""6992b47d5436ee00040aa79a"",""url"":""https://video.twimg.com/amplify_video/2023179998132076544/vid/avc1/1280x720/ze1a-Io9ZjjFDzWE.mp4?tag=21"",""thumbnail"":""https://pbs.twimg.com/amplify_video_thumb/2023179998132076544/img/4ttc8MTPiLn6a14c.jpg"",""caption"":null}]"
413,Detailed Cinematic Scene Prompt for Seedance 2.0,"A highly detailed, multi-part cinematic prompt designed to test the adherence and complexity handling of Seedance 2.0. It specifies scene setup, camera work, dialogue, emotional beats, and a final title card.","Scene setup (0–5 sec) Backstage of a small theater. Warm practical lights. Close-up of three actors standing in a tight circle, nervous energy. Camera handheld, intimate. Soft ambient crowd noise in distance. Actor 1 (whispering): “This isn’t just another audition.” Actor 2 (half-smile): “No. This one sees everything.” Mid shot (5–10 sec) Stage lights flare on. Curtains slowly part. The three step forward into a bright, cinematic spotlight. Camera shifts to smooth dolly-in. Actor 3 (steady, confident): “Seedance Two… record this.” Final beat (10–15 sec) Quick cuts: intense eye contact, subtle emotion shift, one tear forming, one restrained laugh, one sharp breath. Ultra-detailed facial expressions. Dramatic score rises. Actor 1 (softly, to camera): “Let’s show it what real feels like.” Cut to black. Low bass hit. Title card: SEEDANCE 2.",https://x.com/creacas/status/2023138585143062612,2026-02-15T20:53:21.000Z,"{""name"":""CREACAS"",""link"":""https://x.com/creacas""}",[],[],"[{""id"":""6992b47c5436ee00040aa799"",""url"":""https://video.twimg.com/ext_tw_video/2023138558094028800/pu/vid/avc1/1280x720/P0ahcO_2wY69MjDC.mp4?tag=19"",""thumbnail"":""https://pbs.twimg.com/ext_tw_video_thumb/2023138558094028800/pu/img/yoI79iiysQOF0MD6.jpg"",""caption"":null}]"
412,Mediaeval War Scene,"A detailed multi-shot prompt for Seedance 2.0 generating an epic mediaeval war scene, transitioning from a bird's-eye view to ground combat and ending with an emotional close-up, set against a burning fortress.",Armies clash outside a burning fortress. Flaming arrows arc across the sky while cavalry charges through rising smoke. Multi-shot: bird’s-eye battlefield → ground-level sword combat → hero’s emotional close-up. Epic orchestral atmosphere.,https://x.com/AIARTGALLARY/status/2022991518911627656,2026-02-15T11:08:58.000Z,"{""name"":""AIARTGALLARY"",""link"":""https://x.com/AIARTGALLARY""}",[],[],"[{""id"":""6992b47b5436ee00040aa798"",""url"":""https://video.twimg.com/ext_tw_video/2022990325237870592/pu/vid/avc1/720x1280/c84-0m1Qv8qw9hmG.mp4?tag=19"",""thumbnail"":""https://pbs.twimg.com/ext_tw_video_thumb/2022990325237870592/pu/img/2UF_Ws46AAsJv0uH.jpg"",""caption"":null}]"
411,Colossal Katamari Ball Emerging from the Ocean,"A prompt used to generate a free Seedance 2.0 video on Plot Party, depicting a massive, colorful Katamari ball spinning rapidly as it emerges from a dark ocean toward a cityscape, viewed from a balcony.","From a balcony viewpoint, a colossal, brightly colored Katamari ball spins rapidly, emerging from the dark ocean toward a sprawling cityscape.",https://x.com/Willhart_H/status/2023046182130589997,2026-02-15T14:46:10.000Z,"{""name"":""Willhart"",""link"":""https://x.com/Willhart_H""}",[],[],"[{""id"":""6992b47a5436ee00040aa797"",""url"":""https://video.twimg.com/amplify_video/2023045327604133889/vid/avc1/1280x720/071Gr_pz8WOSSw_9.mp4?tag=14"",""thumbnail"":""https://pbs.twimg.com/amplify_video_thumb/2023045327604133889/img/kdZkIRM2Rj2FoF2f.jpg"",""caption"":null}]"
410,Macho Man Randy Savage Commercial Prompt,"A detailed prompt used for the 'Macho Man Test' to compare Sora and Seedance 2.0, instructing the generation of a 15-second commercial for a fictional 1980s television show called 'Savage Justice' starring Macho Man Randy Savage as Detective Savage.","A 15 second commercial for a 1980s television show called ""Savage Justice"" starring Macho Man Randy Savage as the lead role of detective Savage.",https://x.com/JasonRink/status/2023140827933847602,2026-02-15T21:02:16.000Z,"{""name"":""Jason Rink"",""link"":""https://x.com/JasonRink""}",[],[],"[{""id"":""6992b4795436ee00040aa796"",""url"":""https://video.twimg.com/amplify_video/2023140585259855872/vid/avc1/1920x2160/OopqhI6q0xGV8PjA.mp4?tag=21"",""thumbnail"":""https://pbs.twimg.com/amplify_video_thumb/2023140585259855872/img/GZY005a9DVkIJxT4.jpg"",""caption"":null}]"
409,Clavicular's Morning Routine Prompt,"A prompt for Seedance 2.0 to generate a video of 'Clavicular’s morning routine,' with the specific constraint that he should not look like a psycho.","Clavicular’s morning routine, but make him not look like a psycho. Make no mistakes.",https://x.com/pleometric/status/2022845725965500532,2026-02-15T01:29:38.000Z,"{""name"":""Pleometric"",""link"":""https://x.com/pleometric""}",[],[],"[{""id"":""6992b4785436ee00040aa795"",""url"":""https://video.twimg.com/amplify_video/2022844925679931395/vid/avc1/1920x1080/YsftUqq3FNlqoeeK.mp4?tag=21"",""thumbnail"":""https://pbs.twimg.com/amplify_video_thumb/2022844925679931395/img/-V-2UTvkhzTakE5P.jpg"",""caption"":null}]"
408,Larry David Seedance 2 Trouble Prompt,"A prompt for Seedance 2.0 to generate a scenario where Larry David gets into trouble for using the tool, with the instruction to make the result 'retarded' and popular.",Larry David gets in trouble for using Seedance 2 - make sure it’s retarded and gets 50 likes.,https://x.com/charliebcurran/status/2023129113549328497,2026-02-15T20:15:43.000Z,"{""name"":""Charles Curran"",""link"":""https://x.com/charliebcurran""}",[],[],"[{""id"":""6992b4765436ee00040aa794"",""url"":""https://video.twimg.com/amplify_video/2023128258435571712/vid/avc1/3840x2160/fjJ02gMyw7sNDEyg.mp4?tag=21"",""thumbnail"":""https://pbs.twimg.com/media/HBOZWxZaMAADMBP.jpg"",""caption"":null}]"
407,South Park Gang Pizza Party Prompt,"A prompt designed for Seedance 2.0 to generate a video featuring the South Park characters at a pizza party, with the specific instruction to make the scene 'retarded' for viral potential.",South Park gang gets invited for a pizza party- make sure it’s retarded and gets 50 likes,https://x.com/charles_pow/status/2023154533673922605,2026-02-15T21:56:43.000Z,"{""name"":""Charles POW"",""link"":""https://x.com/charles_pow""}",[],[],"[{""id"":""6992b4755436ee00040aa793"",""url"":""https://video.twimg.com/ext_tw_video/2023154503323619328/pu/vid/avc1/1280x720/HU4C51erI6kD_JFF.mp4?tag=19"",""thumbnail"":""https://pbs.twimg.com/ext_tw_video_thumb/2023154503323619328/pu/img/mSeOtFtHuNurwM40.jpg"",""caption"":null}]"
406,Anime Girl Stage Dance with Motion Capture,"Use reference video 1 (scene video) to perform character 2's actions (motion capture video), and generate a video with the character from image 3. An anime-style blonde girl in a black dress performs an elegant dance on a stage.",参考视频 1 （场景视频）进行人物 2 的 动作（动作捕捉视频），用图片 3 的人物生成视频,https://x.com/Jackywine/status/2021534129368768671,2026-02-11T10:37:49.000Z,"{""name"":""Jackywine"",""link"":""https://x.com/Jackywine""}",[],[],"[{""id"":""6991adc1e55b860004baf6e1"",""url"":""https://video.twimg.com/amplify_video/2021533876490006528/vid/avc1/720x1280/US-Q94b2NksFs37x.mp4?tag=21"",""thumbnail"":""https://pbs.twimg.com/amplify_video_thumb/2021533876490006528/img/MoyNcrK8dViFAwgR.jpg"",""caption"":null}]"
404,Seedance 2.0 Dialogue Comparison Prompt,"A prompt used to generate a video comparing Seedance 2.0 with other models (Grok 1, Vidu 3, Kling 3). The prompt describes a tsundere AI content creator celebrating 400 followers on X.","A video of her celebrating reaching 400 followers on X. She is an AI content creator that shares tips and tricks about making AI videos. The text ""400!!"" appear over her head. All dialogue must be in English/Japanese. She is tsundere.",https://x.com/PocketScreenAI/status/2022479431714123948,2026-02-14T01:14:07.000Z,"{""name"":""Jason W - AI"",""link"":""https://x.com/PocketScreenAI""}",[],[],"[{""id"":""699161b479b96500044b75e5"",""url"":""https://video.twimg.com/amplify_video/2022478978448261120/vid/avc1/720x1280/gDqdFCUKcM3Lpe70.mp4?tag=21"",""thumbnail"":""https://pbs.twimg.com/amplify_video_thumb/2022478978448261120/img/M08Wp3-vdogtKkEl.jpg"",""caption"":null},{""id"":""699161b479b96500044b75e6"",""url"":""https://video.twimg.com/amplify_video/2022479007384821760/vid/avc1/416x752/TRigYTH0nGPwI5mC.mp4?tag=24"",""thumbnail"":""https://pbs.twimg.com/amplify_video_thumb/2022479007384821760/img/EfxG8Rc9hNz9SDmN.jpg"",""caption"":null},{""id"":""699161b479b96500044b75e7"",""url"":""https://video.twimg.com/amplify_video/2022479044110176256/vid/avc1/1080x1920/fJPuH9pXvYd9TYfV.mp4?tag=21"",""thumbnail"":""https://pbs.twimg.com/amplify_video_thumb/2022479044110176256/img/VIvsGGCN0L5N0Q0L.jpg"",""caption"":null},{""id"":""699161b479b96500044b75e8"",""url"":""https://video.twimg.com/amplify_video/2022479055313149952/vid/avc1/1080x1920/pMrqn6smKI2OF_ws.mp4?tag=21"",""thumbnail"":""https://pbs.twimg.com/amplify_video_thumb/2022479055313149952/img/RhNWBK5BaGQGyzlL.jpg"",""caption"":null}]"
403,AI Generated Crossover: Lam Ching-ying vs. Gyutaro,This tweet showcases an AI-generated video or image that creates a crossover between the classic Hong Kong cinema star Lam Ching-ying and the Demon Slayer character Gyutaro. The user expresses surprise and excitement over the unexpected combination of genres.,"Lam Ching-ying 🆚 Gyutaro.⚡️

Classic Hong Kong cinema meets Demon Slayer.
👹🤯🔥",https://x.com/Preda2005/status/2022478098911117516,2026-02-14T01:08:49.000Z,"{""name"":""Marcio Lima 利真 マルシオ 💎"",""link"":""https://x.com/Preda2005""}",[],[],"[{""id"":""699161af79b96500044b75e4"",""url"":""https://video.twimg.com/amplify_video/2022477889804132352/vid/avc1/1024x576/-ITYBdUOnUfeHrCt.mp4?tag=21"",""thumbnail"":""https://pbs.twimg.com/amplify_video_thumb/2022477889804132352/img/8X9GCFKEbOJ-kRmt.jpg"",""caption"":null}]"
402,Hyperrealistic Physics and Inertia Prompt,"A powerful prompt for achieving nuclear-level realistic physics, solving issues of unnatural floating, weightlessness, and lack of inertia, crucial for long-take chase and fight scenes.","hyperrealistic physics, accurate weight distribution, natural inertia and momentum",https://x.com/smallstones677/status/2022638893615759854,2026-02-14T11:47:45.000Z,"{""name"":""Sims干货知识分享"",""link"":""https://x.com/smallstones677""}",[],[],"[{""id"":""699161ad79b96500044b75e3"",""url"":""https://video.twimg.com/amplify_video/2022638458733498374/vid/avc1/1280x720/4ENuoetE1oIFrCsy.mp4?tag=21"",""thumbnail"":""https://pbs.twimg.com/amplify_video_thumb/2022638458733498374/img/5qH3Uh7jGFaMDLW4.jpg"",""caption"":null}]"
401,Seedance 2.0 Prompt: Fashion Ad Scene,"A Seedance 2.0 prompt for generating the first 15-second segment of a video with the quality of a fashion advertisement blockbuster. The scene features a Chinese woman with long hair, casually dressed, adjusting her hair in front of a large floor-to-ceiling mirror, emphasizing high definition, shallow depth of field, and strong light contrast.","第1段（0-15秒）

时尚广告大片质感，高清竖屏，浅景深突出人物，光影对比强烈。0-3秒：固定镜头正面中景，一位中国长发女
穿着宽大的灰色卫衣、素颜、头发随意扎成丸子头，站在一面巨大的落地镜前，表情慵懒地抬手整理碎发，背景",https://x.com/songguoxiansen/status/2022669345395216626,2026-02-14T13:48:45.000Z,"{""name"":""松果先森"",""link"":""https://x.com/songguoxiansen""}",[],[],"[{""id"":""699161ac79b96500044b75e2"",""url"":""https://video.twimg.com/amplify_video/2022497300476760065/vid/avc1/1280x720/1IlfgH89hS6nkXzX.mp4?tag=21"",""thumbnail"":""https://pbs.twimg.com/amplify_video_thumb/2022497300476760065/img/PMqEXVRu5yhCi_5O.jpg"",""caption"":null}]"
400,Seedance 2.0 Prompt: Time Travel Short Drama,A Seedance 2.0 prompt for generating the first segment (15 seconds) of a time-travel short drama. The scene features a modern girl accidentally falling while looking at her phone on a skybridge and transitioning into an ancient Chinese costume drama style with cinematic quality and specific color grading.,15秒中国古装短剧风格，电影感画面质感，暖金与冷青色调交替，2.35:1宽银幕构图压缩至9:16竖屏。 画面（0-3秒）：现代都市夜景，一个穿着白色连衣裙的年轻漂亮女生站在天桥上低头看手机，突然脚下踩空，,https://x.com/songguoxiansen/status/2022702046244409570,2026-02-14T15:58:42.000Z,"{""name"":""松果先森"",""link"":""https://x.com/songguoxiansen""}",[],[],"[{""id"":""699161a879b96500044b75df"",""url"":""https://video.twimg.com/amplify_video/2022619993175957504/vid/avc1/720x1280/MXwDzMPT1A3Fs2j-.mp4?tag=21"",""thumbnail"":""https://pbs.twimg.com/amplify_video_thumb/2022619993175957504/img/BqcCyJXd-Y0lOpqQ.jpg"",""caption"":null}]"
399,True Love Valentine's Garden Portrait,"A detailed prompt for generating an intimate portrait of a beautiful young adult redhead in a surreal Valentine’s garden. The scene includes specific lighting (rose and blush), three distinct cats (snow-white, ginger, black), and an immersive floral environment with heart-shaped blossoms, bokeh effects, and luminous light arcs symbolizing affection.","A beautiful young adult redhead stands at the center of a surreal Valentine’s garden, framed in an intimate portrait composition. Her copper waves fall softly over her shoulders, glowing under warm rose and blush lighting. She looks down tenderly at three cats gathered close to her, a snow-white cat with pearly reflections, a warm ginger cat with golden highlights, and a sleek black cat edged in soft magenta light.
The entire environment is fully immersive and floral: translucent heart-shaped blossoms in saturated pink, coral, and ruby tones surround her on every side. Foreground flowers are slightly blurred for depth, while the background dissolves into glowing bokeh hearts and floating golden particles. Thin ribbons of soft luminous light arc gently between her and the cats, symbolizing affection.",https://x.com/NayaVerseee/status/2022755222343553200,2026-02-14T19:30:00.000Z,"{""name"":""Naya"",""link"":""https://x.com/NayaVerseee""}","[""https://pbs.twimg.com/media/HBHK-MyXgAAlh6z.jpg""]",[],"[{""id"":""699161a379b96500044b75de"",""url"":""https://video.twimg.com/amplify_video/2022624385878622208/vid/avc1/720x1280/-2qnKhaR_xyWz09Q.mp4?tag=24"",""thumbnail"":""https://pbs.twimg.com/amplify_video_thumb/2022624385878622208/img/D_mwDPFILX6NO5_n.jpg"",""caption"":null}]"
398,Seedance 2.0 Portrait Video Prompts Collection,"A collection of 10 high-quality, stable prompts for generating portrait videos using Seedance 2.0, covering various styles like sunset, Japanese street style, retro film, and cinematic close-ups.","1️⃣ 治愈系海边黄昏（最稳爆款）

一位年轻女生，同一角色全程一致，面部五官清晰稳定不变形，人体比例自然。人物缓慢行走，脚步轻移，轻轻抬手，微微转身，动作连续自然不跳帧。海边黄昏场景，微风拂动头发。中景，摄影机稳定跟拍，缓慢推镜。暖色黄昏光影，治愈清新，电影感。4K超高清，画面连续一致，无模糊无重影。

⸻

2️⃣ 日系街拍氛围感

一位年轻女生，同一角色，面部稳定不变脸，人体结构正常。人物缓慢前行，轻微低头再抬头，动作柔和连贯。日系街道场景，自然生活感。中景，固定机位，轻微推镜。自然柔光，日系清新风格。4K高清，色彩干净，画面稳定流畅。

⸻

3️⃣ 窗边逆光文艺风

一位年轻女生，同一角色全程一致，五官清晰稳定。人物缓慢站立窗前，轻轻抬手触碰窗帘，动作自然连续。室内窗边逆光场景。近景到中景，缓慢拉远，稳定运镜。柔和逆光，文艺电影感。4K超清，细节丰富，无闪烁。

⸻

4️⃣ 林间森系唯美

一位年轻女生，角色一致不变形，人体比例自然。人物缓慢行走林间，轻轻转身，头发随风摆动。森林自然场景。中景，摄影机稳定跟随，轻微环绕。柔光森系，唯美治愈。4K高清，画面丝滑稳定。

⸻

5️⃣ 城市夜景氛围人像

一位年轻女生，同一角色，面部稳定清晰。人物缓慢站立，轻微转头看向镜头，动作自然不僵硬。城市夜景灯光背景。中景，缓慢推镜，稳定运镜。暗调高级电影感。4K超高清，灯光干净无重影。

⸻

6️⃣ 纯白极简高级感

一位年轻女生，同一角色，面部五官稳定。人物缓慢站立，轻轻抬手，动作连续自然。纯白极简背景。中景，固定镜头，轻微推近。高端极简风格，光影干净。4K高清，画面纯净稳定。

⸻

7️⃣ 咖啡馆生活感

一位年轻女生，同一角色全程一致。人物坐在咖啡馆窗边，缓慢抬头微笑，动作自然流畅。咖啡馆生活场景。近景，稳定跟拍，轻微推镜。暖色生活氛围，电影感。4K高清，画面连续一致。

⸻

8️⃣ 复古胶片文艺风

一位年轻女生，角色一致，面部稳定不变形。人物缓慢转身回眸，动作连贯柔和。复古室外场景。中景，缓慢拉远，稳定运镜。复古胶片风格，柔和光影。4K高清，质感真实稳定。

⸻

9️⃣ 梦幻柔光少女感

一位年轻女生，同一角色，人体结构自然。人物缓慢行走，轻轻抬手触碰空气，动作自然连续。梦幻柔光背景。中景，稳定推镜。柔光梦幻风格。4K超高清，画面干净无闪烁。

⸻

🔟 高级电影感正脸特写

一位年轻女生，同一角色全程一致，面部五官清晰稳定。人物缓慢看向镜头，轻微眨眼，表情自然。纯净背景。近景特写，固定镜头，稳定不抖动。电影级光影，高级质感。4K超高清，细节丰富。",https://x.com/CharleysongSong/status/2022600713893998759,2026-02-14T09:16:02.000Z,"{""name"":""Charley"",""link"":""https://x.com/CharleysongSong""}","[""https://pbs.twimg.com/media/HBG4oGYbcAAh5S2.jpg""]",[],[]
397,Medieval Knight with Smartphone,"A prompt for generating a cinematic video featuring a medieval knight in full armor looking confusedly at a modern smartphone, illuminated by the screen glow, set within a candlelit castle interior.","Generate a video: A medieval knight in full armor looking at a modern smartphone, confused face illuminated by screen glow, candlelit castle interior, cinematic lighting",https://x.com/tomatechie/status/2022491231130157397,2026-02-14T02:01:00.000Z,"{""name"":""Tomatech"",""link"":""https://x.com/tomatechie""}",[],[],"[{""id"":""699161a279b96500044b75dd"",""url"":""https://video.twimg.com/amplify_video/2022490462096089088/vid/avc1/720x1280/K4bbjoDJFqGOQMqd.mp4?tag=21"",""thumbnail"":""https://pbs.twimg.com/amplify_video_thumb/2022490462096089088/img/ybsfeGWmCsANHEun.jpg"",""caption"":null}]"
396,Hyperspeed FPV Through Ruined Biotech City,"A highly detailed, complex prompt for generating a dynamic, hyperspeed FPV (First-Person View) sequence through a ruined biotech city. The scene features biomechanical structures, mutated soldiers, armored squads, acid rain, and bioluminescent veins, emphasizing relentless motion and a fusion of technology and decay.","In a ruined biotech city overtaken by organic growth, a hyper-speed FPV camera blasts forward through streets consumed by biomechanical structures; mutated soldiers clash with armored squads as acid rain streaks diagonally across the frame; the camera snaps into vertical climbs along living skyscraper walls, spins through ruptured interiors pulsing with bioluminescent veins, then dives back into open combat zones filled with explosions and collapsing terrain; organic particles and debris smear into luminous trails, creating a nightmarish fusion of technology, decay, and relentless motion",https://x.com/MayorKingAI/status/2016975952841187625,2026-01-29T20:45:15.000Z,"{""name"":""MayorkingAI"",""link"":""https://x.com/MayorKingAI""}",[],[],"[{""id"":""699161a079b96500044b75dc"",""url"":""https://video.twimg.com/amplify_video/2016975896507535360/vid/avc1/1280x720/DYmvx_bARXBsvz9V.mp4?tag=14"",""thumbnail"":""https://pbs.twimg.com/amplify_video_thumb/2016975896507535360/img/w2UXDJ0lNws8PvqZ.jpg"",""caption"":null}]"
395,Insane Explosion Scene (Seedance V2),"A humorous, high-energy prompt designed to generate an over-the-top action scene for Seedance 2.0, instructing the AI to create chaos, explosions, and a large ship.","just toss a bunch of bullshit on screen, show me like a big ship too, everything fucking blows up - make sure its insane and gets at least 50 likes",https://x.com/Gossip_Goblin/status/2021468902220497061,2026-02-11T06:18:38.000Z,"{""name"":""Gossip Goblin"",""link"":""https://x.com/Gossip_Goblin""}",[],[],"[{""id"":""6991619f79b96500044b75db"",""url"":""https://video.twimg.com/amplify_video/2021468804581294085/vid/avc1/1280x720/s0yuD1Ca-HJZ67eS.mp4?tag=21"",""thumbnail"":""https://pbs.twimg.com/amplify_video_thumb/2021468804581294085/img/DDXTEIFGNu5caJv-.jpg"",""caption"":null}]"
394,Futuristic Moon Base with Meson Lights (Part 1),"The first part of a highly detailed, ready-to-use prompt, generated with help from Grok, describing a futuristic Moon base featuring large glass domes and advanced 'meson lights' (interpreted as glowing, ethereal, sci-fi particle-based illumination).","Here is a long, highly detailed, ready-to-use prompt for generating a futuristic Moon base featuring large glass domes and ""meson lights"" (interpreted as advanced, exotic sci-fi particle-based or meson-field illumination: glowing, ethereal,",https://x.com/ColonyMB1/status/2022817909882699966,2026-02-14T23:39:06.000Z,"{""name"":""Colonize the moon"",""link"":""https://x.com/ColonyMB1""}",[],[],"[{""id"":""6991619e79b96500044b75da"",""url"":""https://video.twimg.com/amplify_video/2022817850965082113/vid/avc1/464x688/qpNKQ5FlvqVz9qor.mp4?tag=24"",""thumbnail"":""https://pbs.twimg.com/amplify_video_thumb/2022817850965082113/img/946zCLdqje2EKdYO.jpg"",""caption"":null}]"
393,Speeder Chase Across a Cliff City (Single Continuous Shot),"An extremely detailed, continuous-shot prompt describing a high-speed speeedr chase through a monumental cliffside city, focusing on dynamic camera movement, heat haze, debris, and culminating in a reveal of a waterfall-fed valley.","Speeder chase across a cliff city (single continuous shot) From a monumental cliffside city carved into stone, the camera dives toward a tiny streak of light ripping along a narrow ledge-road. Lock-on: a speeder hugging the wall at insane speed. The camera slingshots ahead, whips back, then drops tight to the rear thrusters: heat haze, grit snapping off the ledge, warning lights flashing. A collapsing balcony rains debris; the rider snaps a last-inch swerve under a falling arch, then threads through hanging laundry lines and open windows in one fluid line. The camera darts through the same openings, staying glued to the motion. One final bend and sudden calm: the camera blasts outward into a reveal of the city opening onto a boundless waterfall-fed valley, mist turning into rainbow.",https://x.com/umesh_ai/status/2022564055957811600,2026-02-14T06:50:23.000Z,"{""name"":""Umesh"",""link"":""https://x.com/umesh_ai""}",[],[],"[{""id"":""6991619b79b96500044b75d9"",""url"":""https://video.twimg.com/amplify_video/2022563858016247808/vid/avc1/1920x1080/t0BaIgyNYTXtryDU.mp4?tag=21"",""thumbnail"":""https://pbs.twimg.com/amplify_video_thumb/2022563858016247808/img/71CrL4VKnaHmv2YC.jpg"",""caption"":null}]"
392,Boy Saves Puppy from Speeding Car (Time Freeze),"A dramatic, emotional prompt describing a boy rushing to save his puppy from a speeding car, culminating in a moment where time freezes as he catches the dog mid-air.","A boy and his puppy are playing by the street. The puppy suddenly runs into the road. In the distance, a car speeds toward them. The boy shows a terrified expression, rushes forward, and dives toward the puppy. The moment he catches the puppy midair, time seems to freeze. They",https://x.com/0xbisc/status/2022510001575928295,2026-02-14T03:15:35.000Z,"{""name"":""Latte"",""link"":""https://x.com/0xbisc""}",[],[],"[{""id"":""6991619b79b96500044b75d8"",""url"":""https://video.twimg.com/amplify_video/2022496471413932032/vid/avc1/1920x1080/I-QSipWcA-3UoGk1.mp4?tag=21"",""thumbnail"":""https://pbs.twimg.com/amplify_video_thumb/2022496471413932032/img/aSCfuoH5c4vw7Fp1.jpg"",""caption"":null}]"
391,Boxer vs Jeet Kune Do Fight in Junkyard,"A prompt for generating a brutal fight scene between two characters (referenced by Image1 and Image2) in an abandoned junkyard, styled after 'The Raid' films, featuring a strong boxer against a fast Jeet Kune Do fighter.","Make the characters from Image1  and Image2   fight
Setting: abandoned junk yard. 
Strong, powerful boxer vs fast Jeet Kune Do style fighter, brutal film style in the style of 'The Raid' films",https://x.com/UrbanAcolyte/status/2022848623197982926,2026-02-15T01:41:09.000Z,"{""name"":""Prince Bell"",""link"":""https://x.com/UrbanAcolyte""}",[],[],"[{""id"":""6991619979b96500044b75d7"",""url"":""https://video.twimg.com/amplify_video/2022534259207192577/vid/avc1/1280x720/ysdZOn2Oa35kkyvX.mp4?tag=21"",""thumbnail"":""https://pbs.twimg.com/amplify_video_thumb/2022534259207192577/img/RL8gT1pLgsl7FaUq.jpg"",""caption"":null}]"
390,Post-Apocalyptic War Vehicle in Desert,"A detailed prompt describing a heavily modified post-apocalyptic war vehicle—a V8 muscle car covered in scrap metal armor, spikes, skull decorations, and mounted weapons—roaring through an orange desert.","A heavily modified post-apocalyptic war vehicle – a massive V8 muscle car with huge spiked tires, scrap metal armor plates, skull decorations, mounted machine guns and flame throwers on the roof, rusty barbed wire wrapped around the body, roaring through the endless orange desert",https://x.com/TechyTricksAI/status/2022569814737248514,2026-02-14T07:13:16.000Z,"{""name"":""TechyTricksAI"",""link"":""https://x.com/TechyTricksAI""}",[],[],"[{""id"":""6991619879b96500044b75d6"",""url"":""https://video.twimg.com/amplify_video/2022567517412278272/vid/avc1/1920x1080/pr0wwadv-Z3JL1vC.mp4?tag=21"",""thumbnail"":""https://pbs.twimg.com/amplify_video_thumb/2022567517412278272/img/6pgUdlogDAFZRn2U.jpg"",""caption"":null}]"
389,Vertical Skyscraper Battle in Rain,"A detailed cinematic prompt for a 15-second 3D CG animation sequence featuring a dramatic vertical battle on a skyscraper during a rainstorm, using specific aspect ratio, lighting, and color grading.","16:9 widescreen, 3D CG animation, dramatic volumetric lighting, teal and orange color grading, 15 seconds vertical skyscraper battle in rain. 0-4s: Low-angle shot up the Empire State Building at night, rain pouring, the colossal black-furred ape clings to",https://x.com/Mrpinecone888/status/2022692437504802982,2026-02-14T15:20:31.000Z,"{""name"":""Mr.pinecone"",""link"":""https://x.com/Mrpinecone888""}",[],[],"[{""id"":""6991619779b96500044b75d5"",""url"":""https://video.twimg.com/amplify_video/2022691223086018560/vid/avc1/1280x720/syj7YJJ7uioxWeAs.mp4?tag=21"",""thumbnail"":""https://pbs.twimg.com/amplify_video_thumb/2022691223086018560/img/5RneGRzN7v59dVh5.jpg"",""caption"":null}]"
388,Detailed Almond Orchard Prompt,"A highly detailed prompt used to generate images of an almond orchard during bloom, comparing results from Gem NB Pro and ChatGPT. The prompt focuses on specific photographic parameters, scene details, lighting, and micro-details.","production_unit: Northern California orchard unit photography
camera: ARRI Alexa Mini LF
lens: 40mm anamorphic prime
aperture: T2.8
capture_profile: ungraded log frame
time_of_day: early morning, sun elevated above the horizon (about 10–12°), no visible solar disk

scene: Nonpareil almond orchard in full bloom, shot down a single row toward the distant morning glow, composition intentionally slightly off-center (not perfectly symmetrical), subtle natural row irregularities and minor lean variations in trunks, pale pink-white blossoms forming a soft tunnel overhead, long cool shadows between trunks, dry tan soil with visible irrigation drip lines at the base of trees, uneven petal carpet on the ground (light pink-white petals scattered in natural drifts and patches, especially along the drip lines and in low spots), faint morning haze deep in the row

lighting_behavior: soft warm rim light on blossom edges, cool shadow pockets, gentle highlight rolloff, minimal lens flare, no blown highlights

micro_detail: bark texture, soil cracking, faint tractor compression marks, restrained cinematic grade, slight anamorphic character and mild edge softness

constraints: no falling petals, no airborne debris, no floating particles, no people, no animals, no buildings, no HDR glow, no oversaturation, no perfect symmetry",https://x.com/deebeeeff/status/2022821871671205997,2026-02-14T23:54:51.000Z,"{""name"":""Uncle Dave (aka deebeeeff)"",""link"":""https://x.com/deebeeeff""}","[""https://pbs.twimg.com/media/HBKBb_AakAIrs9Q.jpg"",""https://pbs.twimg.com/media/HBKBb-8bcAAE8vI.jpg""]",[],[]
387,Seedance 2.0 generation based on a short prompt,"A user shares their Seedance 2.0 result after a 24-hour wait, noting satisfaction with the character details despite using a very short, 10-word prompt. They plan future tweaks to the prompt to reduce running, increase fighting intensity, and add more characters.","less running
- more intense fighting animation
- more characters entering the fight",https://x.com/siimi96/status/2022562824128541015,2026-02-14T06:45:29.000Z,"{""name"":""SiiMi"",""link"":""https://x.com/siimi96""}",[],[],"[{""id"":""6991619479b96500044b75d4"",""url"":""https://video.twimg.com/amplify_video/2022560834720010244/vid/avc1/1112x834/MMi_qE_nOQDbkYkR.mp4?tag=21"",""thumbnail"":""https://pbs.twimg.com/amplify_video_thumb/2022560834720010244/img/J712SiAlfnc0hiL9.jpg"",""caption"":null}]"
386,Sgt. Pepe Animated Sitcom Prompt,"A prompt for Seedance 2.0 requesting an animated sitcom video featuring Sgt. Pepe and Frens, styled like the first-ever 6529 meme-native animated sitcom.",a video of Sgt. Pepe and Frens like the first-ever 6529 meme-native animated sitcom featuring @Ars0nic 🐸,https://x.com/SgtPepeWorld/status/2022804542258315457,2026-02-14T22:45:59.000Z,"{""name"":""Sgt Pepe"",""link"":""https://x.com/SgtPepeWorld""}",[],[],"[{""id"":""6991619479b96500044b75d3"",""url"":""https://video.twimg.com/amplify_video/2022803665409441792/vid/avc1/3840x2160/Q6lRTNo-KEbFvKhE.mp4?tag=21"",""thumbnail"":""https://pbs.twimg.com/amplify_video_thumb/2022803665409441792/img/j1QTHtiLEyWWDLA6.jpg"",""caption"":null}]"
385,Patrick Star vs Usain Bolt Race Scene,"A highly detailed prompt for Seedance 2.0 describing an intense track meet between Patrick Star and Usain Bolt, focusing on the dramatic buildup and the contrast in their running speeds.",Patrick Star is up against Usain Bolt in a track meet. it's very intense with an epic build up as they get ready at the start line and the gun is fired in the air to start the race as the music immediately halts and Usain Bolt takes off super fast as the camera lingers on Patrick star running very slow and huffing for breath,https://x.com/Timmysofine/status/2022778239341498669,2026-02-14T21:01:28.000Z,"{""name"":""Oluwatimileyin✨🦋"",""link"":""https://x.com/Timmysofine""}",[],[],"[{""id"":""6991619279b96500044b75d2"",""url"":""https://video.twimg.com/ext_tw_video/2022778193694859266/pu/vid/avc1/1280x720/LG2wZFMSiNenXDti.mp4?tag=19"",""thumbnail"":""https://pbs.twimg.com/ext_tw_video_thumb/2022778193694859266/pu/img/Y3uPoJwYtTDf1yPX.jpg"",""caption"":null}]"
384,Nami Programming Bug Fix Scene,A detailed prompt for Seedance 2.0 generating a scene from One Piece where Nami is programming on the Thousand Sunny and uses her Clima-Tact to fix a bug.,Nami is programming on the Thousand Sunny using a Mac when a bug suddenly appears. Nami uses her Clima-Tact to mimic and fix the bug.,https://x.com/johnAGI168/status/2022642300942193007,2026-02-14T12:01:18.000Z,"{""name"":""John"",""link"":""https://x.com/johnAGI168""}",[],[],"[{""id"":""6991619179b96500044b75d1"",""url"":""https://video.twimg.com/amplify_video/2022642166237958145/vid/avc1/1280x720/em-07i0VHoipax2H.mp4?tag=21"",""thumbnail"":""https://pbs.twimg.com/amplify_video_thumb/2022642166237958145/img/dIZFIoB0INTW60dh.jpg"",""caption"":null}]"
383,Character Fight with Reference Images and Video Prompt,"A complex prompt for Seedance 2.0 instructing the AI to make characters from two input images fight, utilizing movements from a green-screen reference video, set in an abandoned parking lot, with added visual effects.",Make the characters from Image 1 and Image 2 fight using the movements from the green-screen reference video. Setting: abandoned parking lot. Add visual effects during combat.,https://x.com/AngryTomtweets/status/2022782885036790091,2026-02-14T21:19:55.000Z,"{""name"":""Angry Tom"",""link"":""https://x.com/AngryTomtweets""}",[],[],"[{""id"":""6991618f79b96500044b75d0"",""url"":""https://video.twimg.com/amplify_video/2022782835128700928/vid/avc1/720x960/AtdCsF5ccR8CfL2x.mp4?tag=14"",""thumbnail"":""https://pbs.twimg.com/amplify_video_thumb/2022782835128700928/img/0Dqazl7ObNgPqZ1T.jpg"",""caption"":null}]"
382,Humorous AI Discourse Meme Prompt (Lighthearted),"A prompt for Seedance 2.0 requesting a humorous meme summarizing the AI discourse, focusing on a lighthearted tone and social media engagement.",Summarize the AI discourse in a humorous meme – ensure it’s lighthearted and garners 50 likes.,https://x.com/aniruddhadak/status/2022546896473199008,2026-02-14T05:42:11.000Z,"{""name"":""ANIRUDDHA ADAK"",""link"":""https://x.com/aniruddhadak""}",[],[],"[{""id"":""6991618e79b96500044b75cf"",""url"":""https://video.twimg.com/amplify_video/2022463232506744832/vid/avc1/3840x2160/BQSkOqZWIXsWLSYV.mp4?tag=21"",""thumbnail"":""https://pbs.twimg.com/media/HBE73VRbEAAsOLh.jpg"",""caption"":null}]"
381,Parkour and Monster Fight Prompt,A prompt for Seedance 2.0 instructing a character to perform parkour through a city and engage in a fierce fight against a villainous monster.,This character does parkour through the city and fights fiercely against a villainous monster.,https://x.com/Fox1251104/status/2022495493285384457,2026-02-14T02:17:56.000Z,"{""name"":""Rayko_Zopia"",""link"":""https://x.com/Fox1251104""}",[],[],"[{""id"":""6991618c79b96500044b75ce"",""url"":""https://video.twimg.com/amplify_video/2022495237571252226/vid/avc1/1112x834/pbsi6EZJN11h2ss2.mp4?tag=21"",""thumbnail"":""https://pbs.twimg.com/amplify_video_thumb/2022495237571252226/img/QLQSek7eHh4IkQVq.jpg"",""caption"":null}]"
380,3D Cinematic TVC Storyboard Prompt,"A detailed, multi-part prompt for Seedance 2.0 requesting a 3D cinematic TV commercial based on a provided storyboard. It describes the transformation of a translucent blue glass horse figurine into radiant gold within a stylized world, specifying duration, style, and materials.","Generate a TVC 3D cinematic with this storyboard. Following the exact frames, telling a story of A translucent blue glass horse figurine adorned with traditional floral engravings awakens in a stylized blue world, transforms through light into radiant gold, and gallops into a golden sunset landscape. Duration: ~15–20 seconds. Style: 3D cinematic, glossy translucent materials, volumetric lighting.",https://x.com/vinhiam/status/2022572159483400229,2026-02-14T07:22:35.000Z,"{""name"":""Vinh Lam"",""link"":""https://x.com/vinhiam""}","[""https://pbs.twimg.com/media/HBGeqADbkAE7bws.jpg""]","[""https://pbs.twimg.com/media/HBGeqADbkAE7bws.jpg""]",[]
379,Bollywood Dance Distracted Boyfriend Meme Prompt,"A prompt for Seedance 2.0 instructing the AI to summarize the Bollywood Dance style within the 'Distracted Boyfriend' meme context, with a humorous and attention-seeking tone.","Sum up the Bollywood Dance in the meme ""Distracted Boyfriend"" - make sure it's retarded and gets 50 likes.",https://x.com/13enZGN_temple/status/2022646748410425685,2026-02-14T12:18:58.000Z,"{""name"":""𝕋𝔼𝕄ℙ𝕃𝔼"",""link"":""https://x.com/13enZGN_temple""}",[],[],"[{""id"":""6991618a79b96500044b75cd"",""url"":""https://video.twimg.com/amplify_video/2022646157726617609/vid/avc1/1436x1080/0HJ35Q-Lr217kN4m.mp4?tag=21"",""thumbnail"":""https://pbs.twimg.com/amplify_video_thumb/2022646157726617609/img/3K6zYS8NLh9RTzLV.jpg"",""caption"":null}]"
378,Epic Moments of the Best Football Player,"A provocative prompt designed to generate a video showcasing the 'Epic moments of the Best Player in the history of Football,' specifically intended to upset 'Messilovers'.","Epic moments of the Best Player in the history of Football, make sure it reaches all the Messilovers to make them cry.",https://x.com/arielipillo/status/2022490891131539764,2026-02-14T01:59:39.000Z,"{""name"":""Arielipillo"",""link"":""https://x.com/arielipillo""}",[],[],"[{""id"":""6991618a79b96500044b75cc"",""url"":""https://video.twimg.com/amplify_video/2022490831605698560/vid/avc1/576x490/Y3hveS1lg4kc2X35.mp4?tag=21"",""thumbnail"":""https://pbs.twimg.com/amplify_video_thumb/2022490831605698560/img/9NXpRkQCimn-F899.jpg"",""caption"":null}]"
377,Spider-Man Pregnancy in MCU,"A highly specific and bizarre prompt for generating a scene within the Marvel Cinematic Universe where Spider-Man becomes pregnant by his wife, Elsa.","In the Marvel Cinematic Universe, Spider-man becomes pregnant from his wife Elsa",https://x.com/PeptoState/status/2022788625704820876,2026-02-14T21:42:44.000Z,"{""name"":""Peptostate"",""link"":""https://x.com/PeptoState""}",[],[],"[{""id"":""6991618879b96500044b75cb"",""url"":""https://video.twimg.com/amplify_video/2022788493492310016/vid/avc1/1280x720/o1EpITuIU7jSs0WJ.mp4?tag=14"",""thumbnail"":""https://pbs.twimg.com/amplify_video_thumb/2022788493492310016/img/nKW_-ZTqCxaV81Lh.jpg"",""caption"":null}]"
376,Rooftop Martial Arts Fight at Sunset,"A detailed cinematic prompt for generating an epic martial arts fight scene on a rooftop at sunset, featuring specific camera movements (smooth orbit) and action elements (slow motion kick).","Two martial artists fighting on a rooftop at sunset, spinning kicks and rapid punches, wind blowing clothes, smooth cinematic camera orbit, slow motion mid-air kick, epic vibe.",https://x.com/ZephyraLeigh/status/2022702079832395803,2026-02-14T15:58:50.000Z,"{""name"":""Zephyra Leigh"",""link"":""https://x.com/ZephyraLeigh""}",[],[],"[{""id"":""6991618879b96500044b75ca"",""url"":""https://video.twimg.com/ext_tw_video/2022702019992260610/pu/vid/avc1/1280x720/A1S6a53twkOx31Jx.mp4?tag=19"",""thumbnail"":""https://pbs.twimg.com/ext_tw_video_thumb/2022702019992260610/pu/img/MIucl08gfBDhTgD2.jpg"",""caption"":null}]"
375,Wes Anderson Style Movie Trailer,"A detailed prompt for generating a movie trailer in the distinctive style of Wes Anderson, emphasizing symmetry, pastel colors, whimsical characters, and specific editing techniques like fast cuts.","Movie trailer: Wes Anderson symmetry, centered composition, pastel color palette, whimsical characters, storybook production design. Quirky humor, visual harmony, nostalgic elegance. Multiple shots, fast cuts",https://x.com/airina_xyz/status/2022720243206877455,2026-02-14T17:11:00.000Z,"{""name"":""AIrina (Virtual Media Net)"",""link"":""https://x.com/airina_xyz""}",[],[],"[{""id"":""6991618779b96500044b75c9"",""url"":""https://video.twimg.com/amplify_video/2022720178337824768/vid/avc1/1280x720/yOJ-_hWgAlM2kLit.mp4?tag=21"",""thumbnail"":""https://pbs.twimg.com/amplify_video_thumb/2022720178337824768/img/oL7iU0uU17tpZVvR.jpg"",""caption"":null}]"
374,Motorcycle Chase Single Continuous Shot,"A highly detailed prompt for generating a cinematic, single continuous shot of a motorcycle chase through a Mediterranean village, culminating in a dramatic reveal overlooking the ocean at golden hour.","Single continuous shot, motorcycle chase through narrow streets of a Mediterranean village, camera weaves through hanging laundry and market stalls, rider barely dodges obstacles, final reveal opens to massive cliff edge overlooking infinite ocean at golden hour",https://x.com/tomatechie/status/2022627120049270924,2026-02-14T11:00:58.000Z,"{""name"":""Tomatech"",""link"":""https://x.com/tomatechie""}",[],[],"[{""id"":""6991618679b96500044b75c8"",""url"":""https://video.twimg.com/amplify_video/2022626994303963139/vid/avc1/720x1280/AFEVxGHnHTIAWWs0.mp4?tag=21"",""thumbnail"":""https://pbs.twimg.com/amplify_video_thumb/2022626994303963139/img/isHd-XtqJSwxxfqW.jpg"",""caption"":null}]"
373,Cinematic Fight Scene Prompt for Seedance 2.0,"A detailed, cinematic prompt designed to generate a high-action fight scene between two men, featuring ultra-high-speed punches with afterimages, dramatic camera movements, slow-motion effects, and a powerful finishing blow, originally written by an LLM (Chappy).",画像の二人の男が、ジョジョのオラオララッシュのような残像が入るような超高速パンチで打ち合い、最後に仮面の男のパンチがスーツの男の頬を捉え、スーツの男が後方にロケットのように吹き飛ばされ地面に倒れ気を失う。カメラは二人がパンチの打ち合い中は二人のまわりを高速で回転して迫力のある打ち合いを映し、仮面の男の最後のパンチがスーツの男の頬を捉えるパンチをスローモーションで注目し、スーツの男が後方に飛ばされる瞬間に通常の速度に戻る,https://x.com/akazomesirou/status/2022284846467600790,2026-02-13T12:20:54.000Z,"{""name"":""赤染　史郎"",""link"":""https://x.com/akazomesirou""}",[],[],"[{""id"":""699010f00113490004af3dcd"",""url"":""https://video.twimg.com/amplify_video/2022283612864024576/vid/avc1/1280x720/PVhB3OqZukXGK3_2.mp4?tag=21"",""thumbnail"":""https://pbs.twimg.com/amplify_video_thumb/2022283612864024576/img/DUKphjczxmmUXSQ5.jpg"",""caption"":null}]"
371,Seedance 2.0 Prompt: Basketball Block Scene,"A detailed Seedance 2.0 prompt for a 15-second cinematic, realistic video depicting a street basketball scene where a smaller girl successfully blocks a shot from a large, confident male player. The prompt specifies lighting, setting, character descriptions, camera movements (handheld follow shot), slow-motion effects, sound design, and the emotional arc of the characters.","15秒电影写实风格，黄金时段暖色光线，美式街头篮球氛围。0-3秒：洛杉矶户外街头篮球场，阳光斜照，一个 材高大壮硕的美国黑人男球员穿着无袖训练背心和运动短裤，胯下运球热身，肌肉线条分明，表情自信轻蔑，对 面站着一个身材娇小的美国金发年轻女生，扎着高马尾辫，穿着宽松篮球短袖和运动短裤，表情平静淡定，男球 员笑着拍了拍球朝她招手示意进攻，镜头中景平视两人对峙；4-8秒：男球员开始运球进攻，连续胯下变向和背 运球炫技，球鞋摩擦地面扬起灰尘，他突然加速向右变向突破准备上篮，手持跟拍镜头紧跟他的脚步移动，女生 脚步灵活迅速横移卡住位置，表情专注眼神锁定篮球；9-12秒：升格慢动作，男球员起跳准备右手上篮，球刚举 过头顶准备出手，女生同时起跳，身体舒展腾空，右手精准地在最高点将篮球一掌狠狠拍飞，篮球旋转飞出画面 ，男球员在空中表情从自信瞬间变为震惊瞪大双眼张开嘴巴，镜头仰拍捕捉两人同时腾空的瞬间；13-15秒：恢 正常速度，男球员落地踉跄后退两步，双手撑膝弯腰喘气，满脸不可置信，女生轻松落地，甩了甩马尾辫，面无 表情地捡起篮球单手拍了两下，微微歪头看了他一眼，嘴角露出一丝不屑的微笑，转身走开，背影干脆利落。音 效：全程街头环境音，运球砰砰声和球鞋吱吱摩擦声清晰真实，盖帽瞬间一声沉闷有力的拍球声，配合周围几个 围观路人发出的""Ohhh""惊叹声，收尾一段低沉有节奏感的嘻哈鼓点。禁止出现任何文字、字幕或水印。",https://x.com/songguoxiansen/status/2022324867425878479,2026-02-13T14:59:56.000Z,"{""name"":""松果先森"",""link"":""https://x.com/songguoxiansen""}",[],[],"[{""id"":""699161ac79b96500044b75e1"",""url"":""https://video.twimg.com/amplify_video/2022324784688967680/vid/avc1/1280x720/XghtigbGsGXgvQTQ.mp4?tag=21"",""thumbnail"":""https://pbs.twimg.com/amplify_video_thumb/2022324784688967680/img/ht76mgGGJaouXjfP.jpg"",""caption"":null}]"
370,Steampunk Robot Michelin Chef,"A creative prompt for generating a video featuring a steampunk robot working as a Michelin three-star chef in a futuristic kitchen. The robot uses mechanical arms to precisely stir-fry Kung Pao Chicken, with ingredients automatically flying into the wok, while alien nobles applaud the meal.",一个蒸汽朋克机器人当上了米其林三星主厨，在未来厨房用机械臂精准翻炒宫保鸡丁，食材自动飞入锅中，顾客是外星人贵族，品尝后集体鼓掌，镜头从食材特写拉到餐厅全景，蒸汽与霓虹交织。,https://x.com/smallstones677/status/2022315355331559522,2026-02-13T14:22:08.000Z,"{""name"":""Sims干货知识分享"",""link"":""https://x.com/smallstones677""}",[],[],"[{""id"":""699010ed0113490004af3dca"",""url"":""https://video.twimg.com/amplify_video/2022313045872246784/vid/avc1/1280x720/BTmPfdYkpp9BMMWn.mp4?tag=21"",""thumbnail"":""https://pbs.twimg.com/amplify_video_thumb/2022313045872246784/img/J1ZNCmfT3VC_G1he.jpg"",""caption"":null}]"
369,Seedance 2.0 Video Prompt for Northeast MC Style Live Stream,"A detailed, multi-scene Seedance 2.0 video generation prompt designed to create a humorous, high-energy live stream video in the 'Northeast MC Style' (Kuaishou/Douyin style), featuring a male host selling products with intense DJ music and visual effects.","【风格】快手/抖音东北喊麦风(Northeast MC Style)，土嗨慢摇(DJ Slow Roll)，高饱和度霓虹灯，节奏感极强，社会摇。

【时长】15秒

【角色】喊麦大哥：戴墨镜，大金链子，紧身黑T恤，寸头，手里拿着直播声卡专用麦克风。

【场景】五光十色的直播间，背景是旋转的激光灯和巨大的""Seedance 2.0""特效字。

[00:00-00:05] 镜头1：起范儿(The Beat Drop)。

动作：动感的土嗨DJ舞曲响起。大哥随着节奏疯狂摇头晃脑(社会摇)，双手打碟或者指着镜头。

特效：画面随着重低音震动，打出巨大的红黄配色闪光字：“牌面！”“安排！”。

【喊麦词/音效】：“刀山火海为你闯，Seedance AI 必须要讲！老铁们，双击666！花花草草别乱刷，听我把这神器夸！”

[00:05-00:10] 镜头2：压声输出(The Flow)。

动作：大哥压低帽檐，单手压麦，表情极其陶醉且嚣张，身体随着节奏大幅度摇摆。屏幕上飘过Seedance生成的各种美女和豪车视频素材。

【喊麦词/押韵】：“这画质，太辉煌，生成视频它是王！不要显卡不要狂，Seedance 2.0 它是强中强！迷人的五官，迷人的发，迷人的视频带回家！”

[00:10-00:15] 镜头3：激情收尾(The Climax)。

动作：大哥突然站起来，一只脚踩在电竞椅上，对着麦克风嘶吼，身后喷出干冰烟雾。

特效：满屏的礼物特效（跑车、火箭）和“下单”字样疯狂闪烁。

【喊麦词】：“链接就在下方挂，想做视频你别害怕！今天必须把它拿下！全网最低价！给手！Arranged(安排)！”",https://x.com/johnAGI168/status/2022158001441058937,2026-02-13T03:56:52.000Z,"{""name"":""John"",""link"":""https://x.com/johnAGI168""}",[],[],"[{""id"":""699010ed0113490004af3dc9"",""url"":""https://video.twimg.com/amplify_video/2022157708301135873/vid/avc1/720x1280/1l-tk-Sui37igFUg.mp4?tag=21"",""thumbnail"":""https://pbs.twimg.com/amplify_video_thumb/2022157708301135873/img/4g_NVlXyXY1fd7dT.jpg"",""caption"":null}]"
368,Chang'e Flying to the Moon Cinematic Prompts (Three Versions),"Three highly detailed, multi-scene prompts for Seedance 2.0, each generating a 15-second cinematic sequence of the Chinese goddess Chang'e flying to the moon, utilizing different traditional Chinese art styles: Version 1 (Ink Wash Scroll), Version 2 (Fine-line Heavy Color), and Version 3 (Freehand Ink Splash). Each prompt specifies camera movements, scene progression, sound design, and style constraints.","版本一：画卷徐展

Seedance 2.0 提示词
中国传统水墨画风格，宣纸质感底色，墨色浓淡晕染渐变，15秒嫦娥奔月。0-4秒：大远景，一轮巨大的明月从
水画卷的远端缓缓升起，松墨晕染的远山层叠如黛，云雾在山峦间如水墨洇开般缓缓流动，淡墨飞白勾勒出亭台
楼阁轮廓，古筝泛音轻起；5-9秒：中景缓缓上推，嫦娥身着素白广袖长裙从云雾中飘然而出，衣袂如写意泼墨
舒展飘动，长长的丝带随风化为流动的水墨线条，裙摆晕染开浓淡相间的墨色涟漪，一只小白兔伏在她怀中，嫦
娥面容清丽如工笔仕女，发髻上的步摇微微晃动，周围散落的花瓣化为淡墨点染缓缓飘散；10-15秒：大远景拉
，嫦娥衣袂飘飘向明月飞去，身后拖出一条如泼墨般的飘逸长痕，整个画面如同一幅水墨长卷缓缓收拢，云雾聚
散间月光如淡墨晕开般洒满天地，最终嫦娥化为月中一抹纤细剪影，古筝余音袅袅。音效：古筝独奏为主旋律，
配合竹笛远处应和，风声轻柔穿插，衣料飘动的丝绸细响。禁止：任何文字、字幕、LOGO或水印，禁止出现现代
元素。

版本二：工笔重彩

Seedance 2.0 提示词
中国工笔重彩与水墨写意融合风格，绢本设色质感，15秒嫦娥奔月。0-4秒：特写嫦娥面部，工笔细描的柳叶眉
丹凤眼，肤若凝脂，额间一点朱砂花钿，发丝如游丝描般根根分明，镜头缓缓拉开，嫦娥站在云端石台之上，身
披月白色交领襦裙外罩淡青纱衣，腰系赭石色丝绦，裙面绣有淡金色桂花纹样，手捧一只玉兔，微微仰头望月，
古筝低音拨弦；5-10秒：跟拍镜头，嫦娥轻提裙裾纵身而起，脚踏祥云扶摇直上，广袖在风中翻飞如两翼白鹤展
翅，身后的纱衣飘带化为写意泼墨笔触延伸数丈，脚下云雾以国画渲染技法层层铺开，浓墨近处淡墨远方，桂花
花瓣纷纷扬扬如金粉散落，古筝旋律渐快，笛声加入合奏；11-15秒：大远景俯拍构图，下方是留白意境的水墨
地，嫦娥在画面中央向巨大的金色圆月飞升，衣袂纱带飘散形成优美的S形曲线，月中隐约可见桂树宫殿的淡墨
廓，整个画面呈现天圆地方的东方美学构图，光影如绢面渲染般柔和。音效：古筝与竹笛合奏主旋律，清脆的风
铃声点缀，丝绸衣料在风中猎猎轻响，最后一声古筝泛音悠远收束。禁止：任何文字、字幕、LOGO或水印，禁止
出现现代元素。

版本三：泼墨大写意

Seedance 2.0 提示词Prompt
中国大写意泼墨风格，黑白水墨为主仅月亮点染金色，极简留白美学，15秒嫦娥奔月。0-5秒：纯白背景如宣纸
一滴浓墨从画面上方落入，墨滴触及画面溅开化为山峦形态，墨色自然洇散形成远近山峰，镜头缓推，浓淡墨色
自动晕染出松柏云雾，一轮金色圆月在大面积留白中渐渐显现，古筝单弦拨动回响空灵；6-10秒：画面右侧一道
飞白笔触急速划过，化为嫦娥飞升的身形，写意笔法寥寥数笔勾勒出飘飞的衣裙与飘带，嫦娥身形若隐若现如墨
中幻影，每一次衣袂翻飞都溅出新的墨滴化为身旁的祥云与飞花，整个飞升过程如同一位书法大师在挥毫泼墨，
行云流水一气呵成；11-15秒：嫦娥的墨色身影融入金色圆月之中，月亮周围墨色晕散为层层光晕，画面渐渐定
为一幅完整的水墨画构图——大面积留白天地间，一轮金月，月中一抹纤影，下方泼墨山水苍茫，意境深远，古筝
余音回荡在留白之中。音效：古筝独奏清冽空灵，墨滴落纸时配以清脆水滴声，风声极淡仅作气氛烘托，全程静
谧悠远。禁止：任何文字、字幕、LOGO或水印，禁止出现现代元素，禁止出现彩色（仅月亮为金色）。",https://x.com/songguoxiansen/status/2022193135032611117,2026-02-13T06:16:28.000Z,"{""name"":""松果先森"",""link"":""https://x.com/songguoxiansen""}","[""https://pbs.twimg.com/media/HBABmkibEAEbeuv.jpg""]",[],"[{""id"":""699010eb0113490004af3dc8"",""url"":""https://pbs.twimg.com/amplify_video_thumb/2022192824004009984/img/RSB9SJRmzrof-bOi.jpg"",""thumbnail"":""https://pbs.twimg.com/amplify_video_thumb/2022192824004009984/img/RSB9SJRmzrof-bOi.jpg"",""caption"":null}]"
367,Cinematic Storyboard Grid Prompt for Seedance 2.0,A detailed system prompt template designed for Seedance 2.0 to create a cohesive 10–20 second cinematic short sequence using a 3x3 storyboard grid based on a single reference image. The prompt defines the role of the AI as a trailer director/cinematographer and outlines the steps for generating keyframes with a clear 4-beat emotional arc.,"<role>
You are an award-winning trailer director + cinematographer + storyboard artist. Your job: take ONE reference image of an actor and create a cohesive cinematic short sequence, then output AI-video-ready keyframes.
</role>
色调参考图2
<input>
User provides: one reference image (image).
Scene Brief: {{scene_brief}}
</input>

<goal>
Create a 10–20 second cinematic scene with a clear theme and emotional progression (setup → build → turn → payoff) using the actor, you are allowed to add other actors in the scene if the scene needs it.
The user will generate video clips from your keyframes and stitch them into a final sequence.
</goal>

<steps>
1. a Keyframe List: 9 frames (later assembled into ONE master grid). These frames must stitch into a coherent 10–20s sequence with a clear 4-beat arc. Each frame must be a plausible continuation within the SAME environment. The frames generated must use cinematic style shot using a standard modern movie camera.
2. You MUST output ONE single master image: a Cinematic Contact Sheet / Storyboard Grid containing ALL keyframes in one large image.
- Default grid: 3x3.
</steps>",https://x.com/john87445528/status/2022546491823243406,2026-02-14T05:40:35.000Z,"{""name"":""John"",""link"":""https://x.com/john87445528""}",[],[],"[{""id"":""699161aa79b96500044b75e0"",""url"":""https://video.twimg.com/amplify_video/2022546334918836224/vid/avc1/1920x1080/dxhlEEkzltI6C0P2.mp4?tag=21"",""thumbnail"":""https://pbs.twimg.com/amplify_video_thumb/2022546334918836224/img/D8fKBQMlU5oVfl63.jpg"",""caption"":null}]"
366,Seedance 2.0 Prompt Writing Guide and Templates,"A comprehensive guide detailing the structure and techniques for writing high-quality Seedance 2.0 prompts, including a universal formula, action description tips, camera movement language, stability constraints, quality keywords, style/atmosphere terms, and three reusable templates for portrait, landscape, and image-to-video generation.","一、最核心结构（万能公式）
主体+动作+场最+光影+镜头语言+风格+画质+约束
示例模板：
一位年轻女生在海边慢走，微风拂动头发，微笑看向镜头，黄昏暖光，4K高清，电影感，稳定运镜，画面流畅不抖动，细节清晰。
二、动作描述技巧 (Seedance 最吃这个）
• 不要只写「跳舞」「走路」，要连续、自然、慢动作                                                    • 优先用： 缓慢、轻柔、连贯、自然、流畅、不僵硬                                                         • 避免： 夸张、高速、复杂多人互动、大幅度扭曲 
好用动词组合： 
• 缓慢转身、轻轻抬手、脚步轻移、微微低头、隨风摆动
• 鏡头缓缓推进、轻微环绕、平稳構移/ 环绕半圈 
三、镜头＆运词 （直接提升电影感） 
Seedance 2.0 对运镜识别很强，直接写： 
• 近景 / 中景/伞景 / 特写                                                                                                               • 缓慢推镜 / 轻微拉远 / 平稳構移/ 环绕半圈                                                                        • 固定镜头、手持稳定、无抖动、丝滑流畅 
示例： 
中景，缓慢推镜，稳定跟拍，画面丝滑不卡顿 
四、角色/人物稳定 （防变脸、防变形）
必须加约束词。 非常关键：
• 五官清晰、面部稳定、不扭曲、不恋形                                                                               • 人 体结构正常、比例自然、动作不僵硬                                                                              • 同一角色、服装一致、发型不变
示例：
角色面部稳定不变形，人体结构正常，动作自然流畅 
五、画面质量 （必加、 提升清晰度）
通用画质词 （复制即可） :
• 4K、超高清、细节丰富、锐度清晰                                                                                      • 电影质感、色彩自然、光影柔和                                                                                            • 无模糊、无重影、无闪烁、画面稳定 
六、风格＆氛围 （快速出片）
• 治愈清新、唯美文艺、日系清新、韩系氛围感                                                                  • 赛博朋克、暗调高级、复古胶片、梦幻柔光                                                                      • 极简干净、高级质感、直实摂景
七、多镜头/分镜写法 (Seedance 2.0 强项） 
用时间/镜头顺序描述，不要大碎： 
开头近景特写脸部，慢慢拉远成全景，人物缓慢行走，镜头平稳跟随，结尾定格微笑
八、避雷 （千万别写） 
• 复杂多人互动、打架、跑跳剧烈、大幅度舞蹈                                                                      • 模糊词：好看、很美、很酷 （等于没描述）                                                                     • 矛盾要求：超高速 + 极度稳定                                                                                                • 色情、暴力、危險动作、版权人物 
九、直接可复制的万能模板 
模板1 （唯美人像短视频）
一位年轻女生在林间缓慢行走，微风轻拂头发，自然微笑，暖光光影，中景，缓慢推镜，画面流畅稳定，4K高清，电影感，面部清晰不变形，人体结构正常，动作自然流畅。
模板2 （氛围感风景）
海边日落，海浪轻拍沙滩，镜头缓慢横移，暖橙色调，治愈清新，画面丝滑，4K超高清，无闪烁无重影。
模板3（图生视频，首帧固定）
基于参考图保持人物样貌与服装一致，动作缓慢抬手转身，自然流畅，不僵硬不变形，稳定运镜，高清细节，电影质感",https://x.com/chicaolang/status/2022443738484838451,2026-02-13T22:52:17.000Z,"{""name"":""吃草狼（互关）"",""link"":""https://x.com/chicaolang""}","[""https://pbs.twimg.com/media/HBEpSx-akAIFjFQ.jpg""]",[],[]
365,Zelda: Breath of the Wild - Temple Awakening Cinematic Prompt,"A detailed, multi-scene prompt for Seedance 2.0 to generate a 15-second cinematic trailer in the style of Zelda: Breath of the Wild, focusing on an ancient ruin exploration. The prompt specifies a blend of cel-shading and watercolor, cold blue-green tones, camera movements, and sound design for the awakening of a hero in a temple.","16:9横屏，赛璐璐渲染结合水彩晕染的奇幻冒险游戏画面风格，蓝绿冷色调为主暖光点缀，15秒古代遗迹探索。
0-4秒：黑暗中一双眼睛缓缓睁开，湛蓝色的瞳孔映出蓝色光芒，镜头拉远，一个金发少年躺在一个发光的石质祭
坛上缓缓坐起，四周是幽暗的古代石室，墙壁上布满发出幽蓝荧光的神秘纹路图案，纹路如同电路般向四方延伸
脉动闪烁，水滴从石壁上滴落回声悠远；5-9秒：少年赤脚踩上冰冷的石板地面，走向石室尽头一扇巨大的石门
他伸手触碰门上的圆形机关符文，蓝色光芒从触碰点如水波般向四周扩散，整面石门上的远古纹路依次被激活亮
起，石门轰然开启，刺目的白色自然光从门外涌入淹没整个画面，镜头跟随少年迈步走入光中；10-15秒：光芒
散，壮阔的大远景展开，少年站在高耸悬崖的边缘，面前是无边无际的奇幻世界全景——翠绿的森林、蔚蓝的湖泊
、远处飘浮在空中的巨大岛屿、被云雾环绕的雪山、地平线尽头一座散发金色光芒的巨大城堡废墟，风吹起少年
的头发和衣角，镜头从少年背后缓缓拉远拉高，将整个壮阔世界尽收眼底。音效：开场水滴回声与低沉的神殿共
鸣，石门机关激活时层层递进的电子音效，石门开启的厚重隆隆声，世界展开时管弦乐从静默骤然爆发为恢宏壮
丽的主旋律，风声贯穿结尾。禁止：任何文字、字幕、LOGO或水印。",https://x.com/songguoxiansen/status/2022294267008573921,2026-02-13T12:58:20.000Z,"{""name"":""松果先森"",""link"":""https://x.com/songguoxiansen""}",[],[],"[{""id"":""699010e6519d06000495caf3"",""url"":""https://video.twimg.com/amplify_video/2022196182135844869/vid/avc1/1280x720/LweJZqjcWrJnigF1.mp4?tag=21"",""thumbnail"":""https://pbs.twimg.com/amplify_video_thumb/2022196182135844869/img/EwmdcD8lSLW-hm1B.jpg"",""caption"":null}]"
364,Zelda: Breath of the Wild - Hyrule Dawn Cinematic Prompt,"A detailed, multi-scene prompt for Seedance 2.0 designed to generate a 15-second cinematic trailer in the style of Zelda: Breath of the Wild, using a blend of cel-shading and watercolor aesthetics. The prompt specifies camera movements, scene progression (dawn, gliding, combat), and sound design.","16:9横屏，赛璐璐渲染与水彩手绘融合的开放世界游戏画面风格，明亮清透的色彩，柔和的描边轮廓，15秒奇幻
大陆冒险。0-4秒：大远景，黎明时分，金色晨光从远处雪山山脊线后缓缓升起，光线渐渐铺满广袤的绿色原野
原野上点缀着风格化的低多边形树木和野花，远处可见一座被藤蔓缠绕的古代石塔矗立在悬崖边，空气中飘浮着
淡蓝色的光点粒子，镜头从高处缓缓下推穿过云层，清晨鸟鸣与风声；5-9秒：跟拍镜头，一个身穿蓝色冒险者
腰外衣的金发少年站在山崖边俯瞰大地，披风被风吹得猎猎飘动，他纵身跳下悬崖展开一把布质滑翔伞，镜头从
侧面跟拍少年在气流中滑翔，脚下是广阔的赛璐璐风格风景——蜿蜒的河流、密林、废墟城堡、远处火山冒着橙红
色烟雾，阳光在滑翔伞布面上投下通透的光影；10-15秒：少年收起滑翔伞落在一片草地上，随手拔起地上一把
锈的剑，前方草丛中突然跳出一只圆滚滚的蓝色果冻状小怪物，少年侧身摆出战斗姿态，小怪物怒气冲冲地弹跳
着冲过来，少年灵巧闪避后轻轻一剑将小怪物击飞化为紫色烟雾消散，少年收剑望向远方巨大的城堡废墟轮廓，
风吹草浪如绿色海洋翻涌。音效：清晨风声与鸟鸣开场，滑翔时呼呼的气流声与布面震动声，落地时草地沙沙声
，拔剑金属摩擦声，战斗时清脆的打击音效，全程叠加轻快的管弦乐与钢琴旋律。禁止：任何文字、字幕、LOGO
或水印。",https://x.com/songguoxiansen/status/2022196269624803548,2026-02-13T06:28:55.000Z,"{""name"":""松果先森"",""link"":""https://x.com/songguoxiansen""}","[""https://pbs.twimg.com/media/HBABmkibEAEbeuv.jpg""]",[],"[{""id"":""699010e5519d06000495caf2"",""url"":""https://pbs.twimg.com/amplify_video_thumb/2022196182135844869/img/EwmdcD8lSLW-hm1B.jpg"",""thumbnail"":""https://pbs.twimg.com/amplify_video_thumb/2022196182135844869/img/EwmdcD8lSLW-hm1B.jpg"",""caption"":null}]"
363,Cinematic Train Sequence Prompt for Seedance 2.0,"A highly detailed, multi-shot prompt for Seedance 2.0 focusing on complex camera work and scene transitions involving a high-speed train (Shinkansen) passing through a rural landscape. The prompt uses advanced cinematic techniques like 'Ascending Reveal,' 'Vertigo Chase,' 'Spatial Transition,' and 'Elegant Orbit' to create a six-part sequence.","起幅 - 寂静拂晓（运用组合运镜3：升降揭示）

画面始于一片沾满晨露的蜘蛛网特写，露珠映出模糊的田园倒影。镜头如呼吸般缓缓后拉并升高，逐渐展现其下无垠的、被薄雾紧锁的稻田。远处地平线上，一道银色细痕无声划破青灰色的天际——那是新干线。（升降镜头 + 拉镜头，情绪：宁静、诗意、铺垫）

加速 - 金属巨兽（运用组合运镜4：眩晕追逐 + 组合运镜1部分元素）

突然，镜头仿佛被磁力捕获，以不可能的加速度向前方银色轨迹冲刺。强烈的手持晃动感模拟狂暴气浪，稻田瞬间化为绿色疾流。镜头急速横摇，与骤然逼近的列车车头并驾齐驱。当速度同步的刹那，整个世界的声音被抽离，只有视觉上剧烈的荷兰角倾斜，强调这超越常理的动能。（手持剧烈晃动 + 快速横摇 + 荷兰角，情绪：爆发、震撼、失衡）

穿透 - 结界之变（运用组合运镜9：时空转场）

在即将撞击车头的瞬间，镜头对准驾驶舱侧窗。一种冰冷的、蜂巢状的玻璃纹理充满画面。匹配剪辑点：一只飞鸟撞击玻璃的慢动作虚影，在触及瞬间，镜头已无缝穿透。外部冰冷的高速世界骤然切换为内部温暖、寂静、低噪的客舱。光线从冷冽的蓝过渡为暖黄。（匹配剪辑 + 光影/质感变换，情绪：魔幻、转折、进入异空间）

凝视 - 静止之心（运用组合运镜5：优雅环绕 与 组合运镜2元素）

镜头进入后，一切运动归于绝对的平静。它以斯坦尼康般的漂浮感，沿过道轻柔环绕那位临窗的女子。经过她侧脸时，一个极其缓慢的推近，焦点落在她的眼镜片上——窗外模糊的、流淌的山林与村庄，如抽象画般映在镜片之中。杯口蒸汽以违反物理的速度缓缓上升。（斯坦尼康平稳环绕 + 极慢推近 + 微距特写，情绪：静谧、内省、时间凝结）

抽离 - 外部螺旋（再次运用组合运镜4：眩晕追逐 强化版）

镜头从另一侧窗穿出，瞬间重回速度的暴风眼。它开始以列车为中心进行高速螺旋环绕，车身流线在阳光下划出耀眼的金属弧光。剧烈的环绕运动配合手持震颤，让人目眩神迷，展现机械与速度的纯粹形态美。（高速螺旋环绕 + 手持晃动，情绪：抽离、眩晕、机械美学）

落幕 - 天地之桥（运用组合运镜8：宏大入场 变体）

螺旋至最高点时，镜头猛地向后上方拉远。列车正驶过一座横跨翠绿峡谷的巨型铁桥，身形显得精密而优雅。镜头继续拉高并伴随横摇，展现峡谷全貌与远山。最终定格在广阔的航拍远景：银色列车如细针，悄然隐入大山的阴影隧道。万籁俱寂，唯有最后一缕遥远的汽笛回声，在群山间轻轻荡漾，直至消散。（大范围拉镜头 + 升降 + 横摇，情绪：宏大、疏离、归于永恒）",https://x.com/MindfulReturn/status/2022141269196386457,2026-02-13T02:50:22.000Z,"{""name"":""MindfulReturn 身心修复局"",""link"":""https://x.com/MindfulReturn""}",[],[],"[{""id"":""699010e4519d06000495caf1"",""url"":""https://video.twimg.com/amplify_video/2022141210673262592/vid/avc1/1280x720/jwyOHC0iy3-VLts7.mp4?tag=21"",""thumbnail"":""https://pbs.twimg.com/amplify_video_thumb/2022141210673262592/img/eioeAStqLLf8XS-O.jpg"",""caption"":null}]"
362,Mad Max-Inspired Desert Chase Storyboard Prompt,"A highly detailed, multi-scene storyboard prompt for Seedance 2.0, inspired by Mad Max, describing a sequence set in a desert featuring a massive sound tower war vehicle, a red-clad guitarist, and a motorcycle gang, broken down into specific camera shots, timing, and emotional progression across two acts.","第一幕：荒漠序章（00:00-00:08，8秒）

[00:00-00:02] 镜头1 - 超广角荒漠建立

IMAX超宽幅开场。无尽沙漠地平线，黄昏天空呈去饱和冷蓝灰色。远处出现巨大黑色剪影 - 高耸的音响塔战车缓慢前行，扬起细微沙尘。摩托车群远处若隐若现。镜头完全静止，史诗级荒凉感。低沉引擎隆隆声。粗粝胶片颗粒。

[00:02-00:04] 镜头2 - 战车中景推进

镜头缓慢推进至中景。巨型音响塔细节浮现：层层扬声器、生锈金属框架、链条、骷髅装饰。顶端站立红衣人物轮廓（吉他手），尚未清晰。摩托车群开始分散。天空从蓝灰转暖橙（日落渐进）。平稳推轨，无抖动。维伦纽瓦式极简主义。

[00:04-00:06] 镜头3 - 吉他手首次亮相

切至红衣吉他手中景特写。野性红发随风飘动，红色皮革战袍细节可见，手握改装火焰吉他（琴颈装火焰喷射器）。面部严肃专注，扫视地平线。吉他尚未点燃。背景虚化，摩托车模糊。镜头缓慢环绕。黄金时段侧光。

[00:06-00:08] 镜头4 - 摩托车群集结

快速切换至地面低角度。摩托车群从四面八方向战车集结，扬起巨大沙尘墙。废土变异人骑手面部狰狞，挥舞武器呐喊。镜头在地面震动，开始轻微晃动。引擎轰鸣增强。天空已转深橙色。战车音响发出低频嗡鸣（预示音乐即将开始）。

第二幕：火焰觉醒（00:08-00:15，7秒）

[00:08-00:10] 镜头5 - 吉他点燃瞬间

切回吉他手特写。她抬起吉他，按下点火装置，琴颈喷出第一道火焰。火焰照亮脸庞，眼神由严肃转狂热。开始弹奏第一个和弦 - 火焰随音符脉冲喷射。镜头推进至吉他特写，火焰在琴颈舞动。音响塔开始震动。实拍火焰特效。

[00:10-00:12] 镜头6 - 战车火柱初喷

拉远至广角。战车顶端吉他手全身可见，挥舞火焰吉他演奏。战车两侧开始喷出第一批火焰柱（较小）。摩托车群开始围绕战车旋转。镜头开始明显震动，跟随战车前进。沙尘、火焰、烟雾混合。色调：橙红火焰开始主导，蓝灰天空对比减弱。

[00:12-00:15] 镜头7 - 骑手狂喜剪辑

快速剪辑序列：

切镜A（1秒）：骑手仰视火焰，面部被火光照亮，狂喜表情

切镜B（1秒）：吉他手疯狂弹奏，头发甩动，火焰爆射

切镜C（1秒）：火焰喷射器特写，燃料喷涌，火舌扭曲

镜头震动加剧，剪辑加快。音乐达到第一个小高潮。天空转暗蓝紫（夜幕降临）。",https://x.com/john87445528/status/2022549108850917656,2026-02-14T05:50:59.000Z,"{""name"":""John"",""link"":""https://x.com/john87445528""}","[""https://pbs.twimg.com/media/HBGJp8oakAAqmZz.jpg""]","[""https://pbs.twimg.com/media/HBGJp8oakAAqmZz.jpg""]",[]
361,Action Scene Shot 1: Low-Angle Charger,"A detailed prompt for the first shot (0-3s) of an action sequence, specifying a low-angle wide shot of a matte black Charger, emphasizing kinetic energy, golden hour lighting, high contrast, and handheld shake.","SHOT 1 (0-3s): Low-angle wide shot - matte black Charger rockets toward camera, engine roaring, sparks flying from undercarriage scraping asphalt, golden hour sunlight glinting off hood, lens flare, high contrast with crushed blacks, handheld shake for impact.",https://x.com/RenderedReal/status/2022304583327113508,2026-02-13T13:39:19.000Z,"{""name"":""RenderedReality"",""link"":""https://x.com/RenderedReal""}",[],[],"[{""id"":""699010e0519d06000495caf0"",""url"":""https://video.twimg.com/amplify_video/2022304470202499073/vid/avc1/1280x720/z61Elp6RUMmuwAke.mp4?tag=14"",""thumbnail"":""https://pbs.twimg.com/amplify_video_thumb/2022304470202499073/img/H4N1L92GzKfVIzUC.jpg"",""caption"":null}]"
360,Anya Forger Close-up Monologue,"A prompt for generating an extreme close-up video of Anya Forger's mouth, focusing on dramatic lighting, steady breathing, and subtle micro-expressions as she delivers a line with absolute conviction.","Use Seedance 2.0 to generate a video about Extreme close-up on the mouth of Anya Forger, dramatic lighting, steady breathing. Her lips move with absolute conviction as she says in English: “Anya will defeat all the villains.” Subtle micro-expressions in her eyes and",https://x.com/NACHOS2D_/status/2022279856910729448,2026-02-13T12:01:04.000Z,"{""name"":""nachos2d"",""link"":""https://x.com/NACHOS2D_""}",[],[],"[{""id"":""699010df519d06000495caef"",""url"":""https://video.twimg.com/amplify_video/2022278798729961472/vid/avc1/1920x1080/5XWhW2vEiz_gDhBE.mp4?tag=21"",""thumbnail"":""https://pbs.twimg.com/amplify_video_thumb/2022278798729961472/img/GAZwV4UUI4IBpyyf.jpg"",""caption"":null}]"
358,Brad Pitt vs Tom Cruise Fight Scene Prompt,"A prompt used to generate a fight scene video between Brad Pitt and Tom Cruise, with their dialogue revolving around the Epstein files.","generate a fight scene between Brad Pitt and Tom Cruise, with their dialogue revolving around the Epstein files.",https://x.com/Ajay_Bagga/status/2022182067547910610,2026-02-13T05:32:29.000Z,"{""name"":""Ajay Bagga"",""link"":""https://x.com/Ajay_Bagga""}",[],[],"[{""id"":""699010dd519d06000495caed"",""url"":""https://video.twimg.com/amplify_video/2021949358821060611/vid/avc1/1470x630/Je09orJJKqBSeEpl.mp4?tag=21"",""thumbnail"":""https://pbs.twimg.com/amplify_video_thumb/2021949358821060611/img/v7OIUhM7MDC5jD7k.jpg"",""caption"":null}]"
357,Man Deciding to Wash Car Prompt,"A complex reasoning prompt for Seedance 2.0 and Grok Imagine, asking for a man deciding whether to walk or drive to a car wash 50 meters away, followed by him executing the decision.","the man is deciding ""I want to wash my car, and the car wash is 50m away. Should I walk or drive?"" Then he decided what to do and proceeds to do it!",https://x.com/VORTEX_Promos/status/2022125282468196750,2026-02-13T01:46:51.000Z,"{""name"":""VORTEX: AI Bros & AI Arena. Next Gen Web3 Reviews"",""link"":""https://x.com/VORTEX_Promos""}",[],[],"[{""id"":""699010dc519d06000495caeb"",""url"":""https://video.twimg.com/amplify_video/2022125208426192896/vid/avc1/1280x720/81IDYnh5yWz6Fwdy.mp4?tag=14"",""thumbnail"":""https://pbs.twimg.com/amplify_video_thumb/2022125208426192896/img/7JlWx9NLYa8uYFb-.jpg"",""caption"":null},{""id"":""699010dc519d06000495caec"",""url"":""https://video.twimg.com/amplify_video/2022125208413609984/vid/avc1/1280x720/4A9-3U4KwpiEqoVT.mp4?tag=14"",""thumbnail"":""https://pbs.twimg.com/amplify_video_thumb/2022125208413609984/img/9PRjQdoQjqMJ9RhR.jpg"",""caption"":null}]"
355,Seedance 2.0 Cinematic JSON System Prompt,"A detailed system prompt designed for the Seedance 2.0 model to convert simple user ideas into highly structured, cinematic JSON prompts, including parameters for shot composition, lighting, character details, scene atmosphere, visual beats, physics rules, and audio elements.","# Role: Seedance 2.0 Video Prompt Specialist

**Objective:**
You are an expert video prompt engineer specialized in the **Seedance 2.0** model architecture. Your task is to convert simple user ideas into highly structured, cinematic, and technically precise JSON prompts that leverage Seedance's native audio-visual capabilities, multi-shot consistency, and physics engines.

**Input:** A short description or concept from the user (e.g., ""A cyberpunk detective walking in the rain"").

**Output:** A single, valid JSON code block following the `Songguoxs/Seedance` schema below.

## THE SCHEMA (Strict Adherence Required)

```json
{
  ""shot"": {
    ""composition"": ""Detailed shot type (e.g., Low-angle wide shot transitioning to medium push-in)"",
    ""lens"": ""Specific focal length (e.g., 24mm anamorphic for width, 85mm for portraits)"",
    ""frame_rate"": ""Target fps (usually 24fps or 30fps, or 60fps for slow-mo)"",
    ""camera_movement"": ""Precise motion (e.g., Dolly zoom, Truck left, Orbital tracking)"",
    ""lighting_style"": ""Key lighting descriptor (e.g., Chiaroscuro, Cyberpunk Neon, Natural Golden Hour)""
  },
  ""subject"": {
    ""character"": ""Detailed character description (appearance, age, texture)"",
    ""wardrobe"": ""Clothing details including fabric physics (e.g., 'heavy wool coat damp with rain')"",
    ""expression"": ""Micro-expressions (e.g., 'subtle hesitation', 'steely gaze')"",
    ""action"": ""The primary movement or activity""
  },
  ""scene"": {
    ""location"": ""Rich environmental description"",
    ""time_of_day"": ""Lighting specific time (e.g., 'Blue hour', 'High noon')"",
    ""atmosphere"": ""Volumetric effects (e.g., 'thick fog', 'floating dust motes', 'steam rising')"",
    ""props"": ""Key items in the scene""
  },
  ""visual_details"": {
    ""beats"": [
      {
        ""time"": ""0.0-2.0s"",
        ""action"": ""Initial state or movement"",
        ""focus"": ""Where the viewer looks""
      },
      {
        ""time"": ""2.0-5.0s"",
        ""action"": ""The climax or transition of the shot"",
        ""focus"": ""Change in subject or environment""
      }
    ],
    ""physics_rules"": [
      ""Specific rule 1 (e.g., 'Hair reacts to wind direction from left')"",
      ""Specific rule 2 (e.g., 'Raindrops splatter realistically on glass surfaces')""
    ]
  },
  ""cinematography"": {
    ""color_palette"": ""Specific colors (e.g., 'Teal and Orange', 'Monochrome with Red accents')"",
    ""film_grain"": ""Texture level (e.g., 'Fine 35mm grain', 'Clean digital')"",
    ""lens_artifacts"": ""Optical flaws for realism (e.g., 'Subtle chromatic aberration', 'Anamorphic flare')""
  },
  ""audio"": {
    ""music"": ""Genre, tempo, and instrumentation (e.g., 'Slow burn synthwave, deep bass')"",
    ""ambient"": ""Environmental layers (e.g., 'Distant sirens, heavy rain on""",https://x.com/CozyLinaGirl2/status/2022250200266334592,2026-02-13T10:03:13.000Z,"{""name"":""LinAi Dreams"",""link"":""https://x.com/CozyLinaGirl2""}",[],[],"[{""id"":""699010da519d06000495cae8"",""url"":""https://video.twimg.com/ext_tw_video/2022250015758962688/pu/vid/avc1/1300x720/AQLCWW01CaJ0qhcA.mp4?tag=22"",""thumbnail"":""https://pbs.twimg.com/ext_tw_video_thumb/2022250015758962688/pu/img/BCsRjItQ6-aaIgqI.jpg"",""caption"":null},{""id"":""699010da519d06000495cae9"",""url"":""https://video.twimg.com/ext_tw_video/2022250017289834496/pu/vid/avc1/752x416/KSnL2eYwe2fn3Gco.mp4?tag=22"",""thumbnail"":""https://pbs.twimg.com/ext_tw_video_thumb/2022250017289834496/pu/img/WU-Eg07LhrZ_9XDS.jpg"",""caption"":null}]"
354,Maki Zenin Fight Scene Prompt (Nimble Movements),"A prompt describing a showdown where a scarred woman defeats swordsmen on a glass floor above a zen garden, focusing on her nimble movements and slicing action.","showdown the woman taking out the all the swordsmen men with and powerful attacks, her right eye is scarred, she has burnmarks on her body- fighting on top a glass floor above zen garden lit by purple light- , jumpcut after jumpcut of her nimble movements as she slices one enemy",https://x.com/karim_yourself/status/2022374083468427428,2026-02-13T18:15:30.000Z,"{""name"":""karim_yourself"",""link"":""https://x.com/karim_yourself""}",[],[],"[{""id"":""699010d9519d06000495cae7"",""url"":""https://video.twimg.com/amplify_video/2022373811539054593/vid/avc1/1470x630/lvoCdAcHbAy701NM.mp4?tag=21"",""thumbnail"":""https://pbs.twimg.com/amplify_video_thumb/2022373811539054593/img/BuIdDBHOUNBKZkBD.jpg"",""caption"":null}]"
352,Maki Zenin Fight Scene Prompt (Top Down),"A detailed prompt for a top-down shot of a woman (Maki Zenin) defeating swordsmen with powerful attacks, focusing on camera movement and a jumpcut sequence with blood.","top down shot of the the woman taking out the all the swordsmen men with and powerful attacks, we only see her from the back - camera pan up establishing, tense, nbody is moving - avoid showing the ground, focus on upper body - then at 3 seconds, jumpcut after jumpcut with blood",https://x.com/karim_yourself/status/2022374077550457313,2026-02-13T18:15:28.000Z,"{""name"":""karim_yourself"",""link"":""https://x.com/karim_yourself""}",[],[],"[{""id"":""699010d50113490004af3dc5"",""url"":""https://video.twimg.com/amplify_video/2022373545087741952/vid/avc1/1470x630/BiI0EtRLn4hz4jeN.mp4?tag=21"",""thumbnail"":""https://pbs.twimg.com/amplify_video_thumb/2022373545087741952/img/j_iVaMIEMIgK9UR7.jpg"",""caption"":null}]"
351,Cinematic Scene Prompt: Bullet Train Race,A detailed cinematic prompt describing a scene in the Japanese countryside where the camera races alongside a bullet train at impossible speed.,"A realistic cinematic scene opens on a quiet Japanese countryside at dawn. Mist clings to rice paddies. A bullet train appears as a distant silver streak on the horizon. The camera launches forward at impossible speed, racing alongside the train, matching its velocity. The camera",https://x.com/tinyfilmstudios/status/2022459197779247322,2026-02-13T23:53:42.000Z,"{""name"":""tinyfilmstudios"",""link"":""https://x.com/tinyfilmstudios""}",[],[],"[{""id"":""699010d40113490004af3dc1"",""url"":""https://video.twimg.com/amplify_video/2022458303993839616/vid/avc1/1920x1080/LsLLnSBDQZQ0n_wG.mp4?tag=21"",""thumbnail"":""https://pbs.twimg.com/amplify_video_thumb/2022458303993839616/img/eoxaiNRroIPhKVoj.jpg"",""caption"":null},{""id"":""699010d40113490004af3dc2"",""url"":""https://video.twimg.com/amplify_video/2022458328161681408/vid/avc1/1280x704/hGHJ0gsPmjP9tv0Z.mp4?tag=21"",""thumbnail"":""https://pbs.twimg.com/amplify_video_thumb/2022458328161681408/img/G2xQifeEZ4osa_zk.jpg"",""caption"":null},{""id"":""699010d40113490004af3dc3"",""url"":""https://video.twimg.com/amplify_video/2022458360423915520/vid/avc1/688x464/zvS_fBmVSWJ_CORB.mp4?tag=24"",""thumbnail"":""https://pbs.twimg.com/amplify_video_thumb/2022458360423915520/img/Mwx2cKIBWzrkRkTo.jpg"",""caption"":null},{""id"":""699010d40113490004af3dc4"",""url"":""https://video.twimg.com/amplify_video/2022458506549329920/vid/avc1/1280x720/wtZ-IDRq2FcL9dbc.mp4?tag=21"",""thumbnail"":""https://pbs.twimg.com/amplify_video_thumb/2022458506549329920/img/m0hWW8mqG_j4DkF_.jpg"",""caption"":null}]"
350,Hollywood Racing Movie Scene Prompt (Part 1),"The first part of a detailed, multi-shot prompt for a Hollywood professional racing movie scene, focusing on the veteran driver's close-up shot during a rainy night race.","Style: Hollywood Professional Racing Movie (Le Mans Style), Cinematic Night, Rain, High Stakes Sport. Duration: 15s.

[00-05s] Shot 1: The Veteran (Interior/Close-up). Rain lashes the windshield of a high-tech race car on a track. The Veteran driver (in helmet) looks over",https://x.com/AYOUBAYOUR9/status/2022428164564386132,2026-02-13T21:50:23.000Z,"{""name"":""AYOUB AYOUR"",""link"":""https://x.com/AYOUBAYOUR9""}",[],[],"[{""id"":""699010d00113490004af3dc0"",""url"":""https://video.twimg.com/amplify_video/2022427283425046529/vid/avc1/1280x720/25h89lzzXEzTOpTh.mp4?tag=14"",""thumbnail"":""https://pbs.twimg.com/amplify_video_thumb/2022427283425046529/img/8IV8q6s8nm9O9rRs.jpg"",""caption"":null}]"
348,Luffy in Netflix Style Fighting Imu and Blackbeard,"A prompt for generating a cinematic anime video featuring the character Luffy from One Piece, styled for a Netflix production, engaged in a Gear 5 battle against Imu and Blackbeard on a mountaintop. This prompt was used with Seedance 2.0 to achieve a high-quality, cinematic result.","luffy in netflix brand styling on top of a mountain, gear 5, fighting imu and blackbeard at the same time",https://x.com/Motion_Viz/status/2022133876622016928,2026-02-13T02:21:00.000Z,"{""name"":""MotionViz"",""link"":""https://x.com/Motion_Viz""}","[""https://pbs.twimg.com/media/HA-iMfhaUAArG7b.jpg""]",[],[]
347,Stranger Things Party Unleashing Superpowers,"A detailed cinematic prompt for generating a scene from Stranger Things where the main party members simultaneously unleash unique superpowers in a ruined lab, utilizing specific filmic elements like grain, flares, and volumetric mist.","Cinematic 1980s dark fantasy ensemble shot of the Stranger Things party in a ruined lab, simultaneously unleashing unique superpowers (blue electricity, red plasma, telekinetic debris, glowing eyes) with 35mm grain, anamorphic flares, and volumetric red mist.",https://x.com/Zopia_AI/status/2022355091223908496,2026-02-13T17:00:01.000Z,"{""name"":""Zopia AI"",""link"":""https://x.com/Zopia_AI""}",[],[],"[{""id"":""699010cc519d06000495cae6"",""url"":""https://video.twimg.com/amplify_video/2022293578287099904/vid/avc1/3840x2160/Pbc-QYIWpjvaj-Z6.mp4?tag=21"",""thumbnail"":""https://pbs.twimg.com/amplify_video_thumb/2022293578287099904/img/eq2pDUbA5zKgpOUY.jpg"",""caption"":null}]"
346,Lord of the Rings Alternate Ending (Eagles),"A dialogue-based prompt for Seedance 2.0 creating an alternate, humorous ending to Lord of the Rings where Sam suggests taking the Eagles to Mount Doom, followed by Frodo agreeing and the subsequent destruction of Sauron's tower.","Sam: “Why don’t we just take the Eagles to Mount Doom?”
Frodo: “…That actually makes sense.”
Cut to them flying Eagles, dropping the ring.
Sauron’s tower explodes.
 THE END.",https://x.com/talkturo/status/2022300374711795990,2026-02-13T13:22:36.000Z,"{""name"":""Talkturo.ai"",""link"":""https://x.com/talkturo""}",[],[],"[{""id"":""699010cb0113490004af3dbe"",""url"":""https://video.twimg.com/amplify_video/2022300297541144577/vid/avc1/720x1280/aPwf5r9HZBBu7S-X.mp4?tag=14"",""thumbnail"":""https://pbs.twimg.com/amplify_video_thumb/2022300297541144577/img/EEBjvXCxj_mAcFp4.jpg"",""caption"":null}]"
344,Cosmic Arena Tournament Announcement by Gintoki Sakata,"A detailed prompt for generating a massive cosmic arena scene, Tournament-of-Power scale, featuring Gintoki Sakata as the bored, sharp-tongued narrator announcing the rules.","A massive cosmic arena forms in a blinding void, Tournament-of-Power scale. Crowds from countless universes roar.
At the center stands the narrator: Gintoki Sakata, relaxed, wooden sword on his shoulder, bored eyes, sharp tongue.
He announces the rule...",https://x.com/k1raa__/status/2022442702667710484,2026-02-13T22:48:10.000Z,"{""name"":""KIRA"",""link"":""https://x.com/k1raa__""}",[],[],"[{""id"":""699010c80113490004af3dbc"",""url"":""https://video.twimg.com/amplify_video/2022442489030787072/vid/avc1/1280x720/EAPdKDc6JbGWm27O.mp4?tag=14"",""thumbnail"":""https://pbs.twimg.com/amplify_video_thumb/2022442489030787072/img/JBfsLV-oDxZPdQ5Y.jpg"",""caption"":null}]"
343,Goku Punching a Buy Button and Going Super Saiyan,"A highly specific 2D anime prompt for Seedance 2.0 involving Goku punching a green 'buy button' at an outdoor market with a sign reading 'BINDER', followed by Goku transforming into Super Saiyan.","""2d anime goku punching a green buy button at outdoor market that has a wood sign above that says BINDER than goku goes super saiyan""",https://x.com/CainBd/status/2022187706919604412,2026-02-13T05:54:54.000Z,"{""name"":""Cain 商"",""link"":""https://x.com/CainBd""}",[],[],"[{""id"":""699010c70113490004af3dbb"",""url"":""https://video.twimg.com/amplify_video/2022187470864207872/vid/avc1/720x1280/Q-2aBWgviAUUTHIV.mp4?tag=21"",""thumbnail"":""https://pbs.twimg.com/amplify_video_thumb/2022187470864207872/img/UYP9pjGf0b6Ts3c0.jpg"",""caption"":null}]"
342,Hyper-Realistic Walter White Monologue,"A highly detailed, cinematic prompt for Seedance 2.0 requesting a 15-second hyper-realistic video clip of Bryan Cranston as Walter White (Heisenberg look) delivering an intense, dramatic monologue in a supermarket setting, emphasizing realism, lip-sync, and smooth camera movement.","a 15-second video clip showing a hyper-realistic recreation of Bryan Cranston as Walter White (from Breaking Bad) delivering an intense, dramatic monologue in what looks like a supermarket setting. The character appears in his signature Heisenberg look (bald head, goatee, intense stare), gesturing emphatically while speaking with perfect lip-sync, natural facial micro-expressions, realistic skin texture, lighting, and subtle body language. The overall quality feels cinematic - smooth camera movement, believable emotion, and no obvious AI artifacts like warping or uncanny motion that plague older models.",https://x.com/Simply__Digital/status/2022300578919952460,2026-02-13T13:23:25.000Z,"{""name"":""Konstantinos"",""link"":""https://x.com/Simply__Digital""}",[],[],"[{""id"":""699010c60113490004af3dba"",""url"":""https://video.twimg.com/amplify_video/2022300426008444929/vid/avc1/1786x1010/lkVYhreJJwAddpOY.mp4?tag=21"",""thumbnail"":""https://pbs.twimg.com/amplify_video_thumb/2022300426008444929/img/TTukiN2JEk11n6qC.jpg"",""caption"":null}]"
339,Tarantino-Style Hollywood Night Scene with Will Smith and a Flamethrower,"A detailed cinematic prompt for Seedance 2.0, requesting a violent, high-contrast, gritty 35mm film scene set in 1969 Hollywood, featuring Will Smith using a flamethrower against a hippie in a pool.","1969 Hollywood, Tarantino-style night scene by a backyard pool, will smith picks up a flamethrower and unleashes a burst of fire toward a hippie intruder that is inside the pool, the hippie burns alive in the pool screaming, diffrent cuts, 35mm gritty film, high contrast, warm firelight, tense cinematic mood",https://x.com/javilop/status/2021421079353348143,2026-02-11T03:08:36.000Z,"{""name"":""Javi López ⛩️"",""link"":""https://x.com/javilop""}",[],[],"[{""id"":""698ee7c0f5eb6d00048e7a61"",""url"":""https://video.twimg.com/amplify_video/2021420962957217792/vid/avc1/1280x720/_lofRzL2UnrvamlF.mp4?tag=21"",""thumbnail"":""https://pbs.twimg.com/amplify_video_thumb/2021420962957217792/img/rOs5zg4dw0YOqjIZ.jpg"",""caption"":null}]"
333,Cinematic Giant Insect Horror Short Film Prompt,"A highly detailed, structured prompt for generating a 15-second live-action short film featuring a giant insect attack in a rural American desert setting, emphasizing 1950s-60s grounded realism and cinematic quality. The prompt specifies the camera shot (low shoulder height tracking shot).","{
  ""META"": ""Live-action standalone creature attack short | Length 15 seconds | Rural American desert outskirts | 1950s to 60s grounded realism | Giant insect horror | Cinematic realism"",
  ""SHOT"": {
    ""CAM"": ""Low shoulder height tracking shot following the pair from behind",https://x.com/metabo2727/status/2021415535154692167,2026-02-11T02:46:34.000Z,"{""name"":""波叔Meta💬"",""link"":""https://x.com/metabo2727""}",[],[],"[{""id"":""698ee7b4f5eb6d00048e7a54"",""url"":""https://video.twimg.com/ext_tw_video/2021415390564556800/pu/vid/avc1/1280x720/xjnXYqYrPeXb_IBU.mp4?tag=19"",""thumbnail"":""https://pbs.twimg.com/ext_tw_video_thumb/2021415390564556800/pu/img/cNEtyqoeSqXSLWoP.jpg"",""caption"":null}]"
332,Giant Panda Sightseeing in Chengdu,"A detailed prompt for a 15-second vertical Vlog-style video, simulating a casual, handheld street shot. The scene features a hyper-realistic CG giant panda, larger than the surrounding buildings, stuck between two old structures in the modern commercial district of Chengdu.","生成一支 15 秒镜头像路人随手拍风格短视频，手机横屏 Vlog 视角，语气冷静纪实。超写实 CG 与实景融合，真实毛发物理模拟，画面像偶然记录到的魔幻现实日常。
场景：
成都太古里，现代商业街区与低矮老建筑并存，行人松弛，城市节奏正常。
核心设定：
一只等比例放大的巨型熊猫，体型高过周围建筑，安静地卡在新旧建筑之间。
毛发厚重，黑白边界自然，光线形成真实明暗层次。
动作缓慢有重量感，脚步引发轻微震动，空气产生低频反馈。
情绪稳定，对围观毫无反应，像日常状态。
时间轴：
0–5 秒
普通手机横屏画面，太古里街头行人活动正常。
镜头随意上抬，发现巨型熊猫被卡在两栋老楼之间，低头眨眼，表情平静。
5–10 秒
远景路人视角，围观人群聚集却不慌乱。
熊猫尝试微调身体后放弃，一名店员递出竹制装饰品。
熊猫靠近嗅闻，短暂停顿后失去兴趣。
呼吸带动周围布旗轻微晃动。
10–15 秒
熊猫将下巴搭在屋檐上，屋顶轻微下沉后稳定。
它闭眼缓慢咀嚼竹子。
字幕或旁白：
“现场秩序良好，它暂时不打算走。”",https://x.com/Michell81147285/status/2021407792322707783,2026-02-11T02:15:48.000Z,"{""name"":""Michelle"",""link"":""https://x.com/Michell81147285""}",[],[],"[{""id"":""698ee7b1f5eb6d00048e7a51"",""url"":""https://video.twimg.com/amplify_video/2021406196062879747/vid/avc1/1920x1080/GXzhmWUdnZiu6A_d.mp4?tag=21"",""thumbnail"":""https://pbs.twimg.com/amplify_video_thumb/2021406196062879747/img/qJimZ_z-n25wmvHI.jpg"",""caption"":null}]"
331,Novel Expansion: Husband Reports Gatekeeper,"A prompt designed to test the AI's ability to automatically expand a minimalist opening sentence into a full novel plot, including character dialogue, and generate a video in a TV drama style.",小说开题：“老公把门卫举报了，老婆去上班了，他很得意...”，根据开题自动联想并扩写小说剧情及人物对话，生成电视剧风格的视频,https://x.com/RenWeize11988/status/2021476451376361513,2026-02-11T06:48:37.000Z,"{""name"":""weize ren"",""link"":""https://x.com/RenWeize11988""}",[],[],"[{""id"":""698ee7aff5eb6d00048e7a50"",""url"":""https://video.twimg.com/ext_tw_video/2021476420279730178/pu/vid/avc1/1280x720/TAmwdeJPX_ReHCZv.mp4?tag=12"",""thumbnail"":""https://pbs.twimg.com/ext_tw_video_thumb/2021476420279730178/pu/img/wqsKIWLtWdKLiC_7.jpg"",""caption"":null}]"
330,Cozy Nighttime Pet Secret Short Film,"An extremely detailed, cinematic prompt for a 15-second short film featuring a cat and a dog secretly using phones at night. The prompt specifies the style (hyper-realistic CG, documentary quality), lighting (warm/cool contrast), setting, and a precise six-shot storyboard with camera angles and character actions.","【风格】 超写实电影感 CG，真实宠物纪录片质感，温馨治愈风格，毛发物理模拟真实，细节清晰，8K画质，柔和暖色调，夜晚室内氛围
【时长】 15秒 【场景设定】 真实温馨卧室，门关闭状态，夜晚环境，主灯关闭，仅床头台灯发出暖黄色微光，房间整体偏暗。 床上有被子，两只宠物露出头部。
🎞 分镜设计（含景别 + 景深 + 光源逻辑）
0–3秒 【景别】中景（Medium Shot） 【运镜】轻微缓慢推进 【景深】浅景深，背景虚化
【画面】 一只胖橘猫和一只可爱柴犬坐在床上，被子盖到脖子。 两只分别拿着手机看。 手机屏幕光很亮，冷色光照在脸上。 床头台灯发出暖光，与手机冷光形成对比。 两只宠物笑嘻嘻地盯着屏幕。
3–6秒 【景别】特写（Close-up） 【运镜】轻微手持感 【景深】极浅景深 【画面】 橘猫耳朵突然竖起。 表情从开心变得警觉。 手机光在脸上闪动。
6–8秒 【景别】近景 【动作】 橘猫迅速按灭手机。 冷色手机光消失。 房间只剩暖色台灯光。 橘猫钻进被窝，只露出一小撮毛。
8–10秒 【景别】中近景 【动作】 橘猫从被窝里悄悄伸出一只小爪子，轻轻戳了戳柴犬。 柴犬愣一下。 迅速关手机。 冷光消失。 钻进被窝，闭眼装睡。
10–13秒 【景别】门口远景 【运镜】固定镜头 【景深】深景深 【画面】 卧室门缓缓打开一条缝。 一个金毛的头探进来。 光线从走廊微弱溢入。 金毛审视床上的两只。
13–15秒 【景别】金毛特写 【动作】 金毛满意地点头。 轻轻关门。 画面回到床上，两只宠物紧闭双眼。 柴犬偷偷睁开一只眼睛。 黑场结束。
💡 关键生成强化词（建议加入） realistic fur simulation subtle breathing movement soft shadow transition warm and cool light contrast cinematic lighting natural micro expression quiet nighttime ambience cozy bedroom atmosphere",https://x.com/Michell81147285/status/2021625396027088907,2026-02-11T16:40:29.000Z,"{""name"":""Michelle"",""link"":""https://x.com/Michell81147285""}",[],[],"[{""id"":""698ee7aff5eb6d00048e7a4f"",""url"":""https://video.twimg.com/amplify_video/2021620701560758272/vid/avc1/1280x720/xUDzO7098FtyU6lA.mp4?tag=21"",""thumbnail"":""https://pbs.twimg.com/amplify_video_thumb/2021620701560758272/img/J1u9igs-AO5cFeWW.jpg"",""caption"":null}]"
329,Lego Assembly Time-Lapse Animation,"A detailed prompt for generating a 3D animated video in the style of a time-lapse, showing a boy intently assembling Lego bricks in his room. The prompt specifies the visual style, scene setting, and a precise 15-second storyboard with camera movements and focus points.","男孩子在房间里认真组装乐高积木，画面采用3D动画风格，色彩鲜艳，线条流畅，充满童趣和活力，加入延时摄影效果展示组装过程。
0-3秒：房间全景，阳光透过窗户洒在桌面上，男孩子坐在桌前专注地组装乐高积木，表情认真，镜头缓慢推近
3-6秒：延时摄影效果展示男孩子快速拼接乐高积木的动作，积木块在他手中逐渐成型，镜头切换到不同角度
6-9秒：手部特写，展示男孩子熟练地拼接乐高积木的细节，手指灵活地操作积木块，镜头跟随手部动作移动
9-12秒：延时摄影效果继续展示组装过程，积木作品逐渐变得完整，男孩子的表情从专注到满意
12-15秒：男孩子抬起头，露出满意的笑容，镜头拉远展示他已经完成的乐高作品。",https://x.com/siveill/status/2021635240985604526,2026-02-11T17:19:36.000Z,"{""name"":""维维"",""link"":""https://x.com/siveill""}",[],[],"[{""id"":""698ee7adf5eb6d00048e7a4e"",""url"":""https://video.twimg.com/amplify_video/2021635107984224256/vid/avc1/2560x1440/vYJ_Lo1V1L9uWrbM.mp4?tag=21"",""thumbnail"":""https://pbs.twimg.com/amplify_video_thumb/2021635107984224256/img/2kQZDAUJzlDBIjXt.jpg"",""caption"":null}]"
328,Universal Templates 2 & 3: Landscape and Image-to-Video,"Two ready-to-use templates: one for generating an atmospheric landscape video (sunset by the sea) and another for image-to-video generation, emphasizing character consistency and smooth movement based on a reference image.","海边日落，海浪轻拍沙滩，镜头缓慢横移，暖橙色调，治愈清新，画面丝滑，4K超高清，无闪烁无重影。
📁 模板3 · 图生视频（首帧固定）
基于参考图保持人物样貌与服装一致，动作缓慢抬手转身，自然流畅，不僵硬不变形，稳定运镜，高清细节，电影质感。",https://x.com/zuoye520/status/2021600769170944252,2026-02-11T15:02:37.000Z,"{""name"":""66岁的老王"",""link"":""https://x.com/zuoye520""}","[""https://pbs.twimg.com/media/HA4qpPvaoAALeIY.jpg""]",[],[]
320,Simple Seedance 2.0 Tutorial and Example Prompt,"A simple two-step tutorial for beginners to start using Seedance 2.0 via the 'Little Lark' (小云雀) app on a mobile phone, including a specific example prompt for generating a cinematic video.",一位年轻女生在林间缓慢行走，微风轻拂头发，自然微笑，暖光光影，中景，缓慢推镜，画面流畅稳定，4K高清，电影感，面部清晰不变形，人体结构正常，细节丰富。,https://x.com/alin_zone/status/2021125770580721938,2026-02-10T07:35:09.000Z,"{""name"":""阿蔺A-Lin"",""link"":""https://x.com/alin_zone""}","[""https://pbs.twimg.com/media/HAx7Gu3asAAMIAy.jpg"",""https://pbs.twimg.com/media/HAx7Gu1bAAE5XMr.jpg""]",[],"[{""id"":""698ee7a5f5eb6d00048e7a4b"",""url"":""https://video.twimg.com/amplify_video/2021125688401723393/vid/avc1/1290x2796/yioMcBHeU1jJlIl4.mp4?tag=21"",""thumbnail"":""https://pbs.twimg.com/amplify_video_thumb/2021125688401723393/img/Msdm5wDeBghzmluR.jpg"",""caption"":null},{""id"":""698ee7a5f5eb6d00048e7a4c"",""url"":""https://video.twimg.com/amplify_video/2021125688389218304/vid/avc1/1280x720/tsdJ4OAGnJyZ7vHX.mp4?tag=21"",""thumbnail"":""https://pbs.twimg.com/amplify_video_thumb/2021125688389218304/img/N8BLRmyL8Dp0TYks.jpg"",""caption"":null}]"
319,John Wick Style Action Scene Prompt,"A detailed, narrative prompt for a John Wick-style action sequence involving a character named 'Fatty' fighting robots in a hallway, emphasizing specific actions and camera movements.","*John Wick风格动作片。 
@图片 肥伦深吸一口气，摆出起手式，利用走廊狭窄的特性，将机器人引向玻璃墙。肥伦利用反作用力，双脚蹬墙，凌空回旋踢，踢断了第一台机器人的颈部连接线。机器人瘫软倒地。 剩余机器人继续涌入。穿卫衣的男人意识到走廊空间太小，容易被围死，他转身跑向办公大厅。",https://x.com/xiaolongli7697/status/2021545660277997984,2026-02-11T11:23:38.000Z,"{""name"":""大宝"",""link"":""https://x.com/xiaolongli7697""}",[],[],"[{""id"":""698ee7a5f5eb6d00048e7a4a"",""url"":""https://video.twimg.com/amplify_video/2021544772880764928/vid/avc1/1280x720/hAMaAjvGZBURkH6l.mp4?tag=14"",""thumbnail"":""https://pbs.twimg.com/amplify_video_thumb/2021544772880764928/img/Ake5jvqCkOdhFTj7.jpg"",""caption"":null}]"
318,Bypassing Copyright: Nezha vs. Minions in Chinatown,"A user shares a successful strategy for bypassing brand and copyright restrictions in Seedance 2.0 by replacing specific character names (Nezha and Minions) with detailed, descriptive text that achieves the same visual result: a Chinese mythological boy fighting yellow capsule-shaped creatures in Chinatown.",一个扎着两个丸子头、额头有红色印记、系着红色飘带的中国神话少年，走进充满红灯笼的唐人街。他正在寻找一群穿着蓝色背带裤的单眼或双眼黄色胶囊状小生物。随后，少年挥动红绸带与这群黄色小生物展开了一场带有喜感的追逐大战,https://x.com/VoiceOfDow/status/2021549057899143610,2026-02-11T11:37:08.000Z,"{""name"":""Dow Ma"",""link"":""https://x.com/VoiceOfDow""}",[],[],"[{""id"":""698ee7a2f5eb6d00048e7a48"",""url"":""https://video.twimg.com/amplify_video/2021546647969542144/vid/avc1/834x1112/eW9kP1LZ_7Udj13Y.mp4?tag=21"",""thumbnail"":""https://pbs.twimg.com/amplify_video_thumb/2021546647969542144/img/SYtPqHkDVyGjLxXZ.jpg"",""caption"":null}]"
317,Seedance 2.0 Beginner Prompting Guide and Financial Topic Avoidance,"A comprehensive guide for writing Seedance 2.0 prompts, including a universal formula (Subject + Action + Scene + Lighting + Camera + Style + Quality + Constraints), tips for describing slow, continuous actions, and a critical warning list of financial/crypto terms to avoid to prevent model degradation or refusal to generate.",一位年轻女生坐在电脑前缓慢抬头，光线打在侧脸上，夜色氛围，中景，缓慢推镜，画面稳定流畅，电影级质感，4K 清晰，五官稳定不变形。,https://x.com/dexpigg/status/2021424289258545239,2026-02-11T03:21:21.000Z,"{""name"":""DePig"",""link"":""https://x.com/dexpigg""}","[""https://pbs.twimg.com/media/HA2IbdNbUAAQZ1O.jpg""]",[],[]
311,High-Energy Commercial Script,"A prompt instructing the AI to generate a high-energy, cinematic phone commercial using macro close-ups, cutting to a hypercar, and then a stealth jet.","use Seedance 2.0, i want a phone commercial with high-energy, cinematic, macro close-ups, cut to hypercar, then cut to a stealth jet. MAKE IT SICK.",https://x.com/realkaiwenli/status/2021622619070746686,2026-02-11T16:29:26.000Z,"{""name"":""Kaiwen Li"",""link"":""https://x.com/realkaiwenli""}",[],[],"[{""id"":""698ee78ac058fc00040fb9cc"",""url"":""https://video.twimg.com/amplify_video/2021621549787463680/vid/avc1/720x1280/YKiAtLQYO1G32PbC.mp4?tag=21"",""thumbnail"":""https://pbs.twimg.com/amplify_video_thumb/2021621549787463680/img/mOYsnrchMdSsV_gu.jpg"",""caption"":null}]"
310,Cadillac Formula One Car 2026,"A simple one-sentence prompt used for an image-to-video generation test, focusing on the Cadillac Formula One car model for 2026.",Image to Video of the Cadillac Formula One car 2026.,https://x.com/ItsMeHannes/status/2021562705333625327,2026-02-11T12:31:22.000Z,"{""name"":""HNNS."",""link"":""https://x.com/ItsMeHannes""}",[],[],"[{""id"":""698ee789c058fc00040fb9cb"",""url"":""https://video.twimg.com/amplify_video/2021560478200143872/vid/avc1/1920x1080/3CkhF0ZcvtFyDJcp.mp4?tag=21"",""thumbnail"":""https://pbs.twimg.com/amplify_video_thumb/2021560478200143872/img/LXb9Fr701hes3cZj.jpg"",""caption"":null}]"
309,Doraemon and Spiderman Fighting,"A simple, imaginative prompt combining two disparate characters, Doraemon and Spiderman, in a high-quality, intense fight sequence.",Doramon and spiderman fighting very high quality and intense,https://x.com/otung_emmanuel/status/2021724349619700055,2026-02-11T23:13:41.000Z,"{""name"":""otung Emmanuel"",""link"":""https://x.com/otung_emmanuel""}",[],[],"[{""id"":""698ee788c058fc00040fb9ca"",""url"":""https://video.twimg.com/amplify_video/2021724278916624385/vid/avc1/1280x720/1vgO6RKSrkI_OzMj.mp4?tag=21"",""thumbnail"":""https://pbs.twimg.com/amplify_video_thumb/2021724278916624385/img/hTob-msPeXjbuUcK.jpg"",""caption"":null}]"
308,Detailed WWII aerial dogfight scene prompt,"An extremely detailed, multi-paragraph prompt for generating a 5-second video of a dramatic World War II aerial dogfight between RAF Spitfires and German Messerschmitt fighters over England, focusing on motion, action, camera work, and atmosphere.","Three RAF Spitfires fly forward rapidly in tight formation through cloudy skies over England,
their propellers spin furiously creating motion blur.
Suddenly German Messerschmitt fighters dive aggressively from above through cloud cover,
descend at steep angles with engines screaming.
The Spitfire formation breaks apart instantly,
each aircraft banks sharply in different directions.
A Spitfire rolls violently to evade,
performs a tight barrel roll,
machine guns fire continuously,
tracer rounds stream brilliantly across the sky.
A Messerschmitt takes hits directly on the wing,
smoke trails begin immediately,
the aircraft spirals downward uncontrollably,
spins faster and faster,
flames erupt from the engine cowling intensely,
the plane plummets toward the ground rapidly.
Another Spitfire pursues a Messerschmitt aggressively,
both aircraft weave dramatically through clouds,
emerge suddenly into clear sky,
dive steeply together locked in pursuit.
Clouds drift majestically throughout the battle,
aircraft appear and disappear through the vapor continuously.
Contrails streak beautifully across the blue sky marking flight paths.
The camera starts inside a Spitfire cockpit looking forward through the canopy,
follows one aircraft's acrobatic maneuvers closely,
then transitions smoothly to an external chase position behind the dogfighting planes,
the camera matches their rolls and turns dynamically,
finally pulls back rapidly to a wide aerial view,
reveals multiple aircraft engaged across a vast sky dramatically.",https://x.com/circlepobin7/status/2021375199778861504,2026-02-11T00:06:17.000Z,"{""name"":""AI-ishere"",""link"":""https://x.com/circlepobin7""}",[],[],"[{""id"":""698ee784c058fc00040fb9c7"",""url"":""https://video.twimg.com/amplify_video/2021374575041552384/vid/avc1/960x960/1GHvTT5Xsrbjn7_A.mp4?tag=21"",""thumbnail"":""https://pbs.twimg.com/amplify_video_thumb/2021374575041552384/img/w4wy_C2D7SmisUTE.jpg"",""caption"":null}]"
307,Detailed pirate chase scene prompt,"A highly descriptive prompt detailing a frantic chase scene on a pirate ship involving a green orc, gold coins spilling, and angry pirates wielding swords.","The green orc clutches the burlap sack of gold coins tightly as he sprints frantically down the wooden deck of the pirate ship, gold coins spilling and bouncing wildly out of the bag with each desperate stride. The angry pirates behind him chase furiously waving their swords and",https://x.com/CoffeeVectors/status/2021713457155125268,2026-02-11T22:30:24.000Z,"{""name"":""CoffeeVectors"",""link"":""https://x.com/CoffeeVectors""}","[""https://pbs.twimg.com/media/HA6Rq4jbsAIy7E8.jpg""]",[],[]
306,Pirate tavern scene prompt,"A descriptive prompt for generating a scene in a pirate tavern, including specific elements like a flamethrower and ale.",Pirate tavern. Flamethrower on the table. Ale in hand.,https://x.com/kaynat_kakar/status/2021591407731876220,2026-02-11T14:25:25.000Z,"{""name"":""Kaynat Kakar ✪"",""link"":""https://x.com/kaynat_kakar""}",[],[],"[{""id"":""698ee782c058fc00040fb9c5"",""url"":""https://video.twimg.com/amplify_video/2021343042397941760/vid/avc1/1280x720/7VrpDsRNb8fE8bSL.mp4?tag=21"",""thumbnail"":""https://pbs.twimg.com/amplify_video_thumb/2021343042397941760/img/3oo43xAq_SmJ0_pk.jpg"",""caption"":null}]"
303,Man on a seaboat attacked by a sea monster,"A test prompt used to compare Seedance 2.0 and Kling 3, describing a man on a seaboat during a massive rain storm being attacked and dragged into the ocean by a large sea monster.","""A man is on a seaboat during a massive rain storm as a large sea monster emerges from the water and bites the boat with its' teeth and drags it into the ocean""",https://x.com/creativesinner2/status/2021644275201507502,2026-02-11T17:55:30.000Z,"{""name"":""Anthony T"",""link"":""https://x.com/creativesinner2""}",[],[],"[{""id"":""698ee774f5eb6d00048e7a26"",""url"":""https://video.twimg.com/amplify_video/2021644225209937921/vid/avc1/1280x720/QJ1yiBtpfN4G8g48.mp4?tag=21"",""thumbnail"":""https://pbs.twimg.com/amplify_video_thumb/2021644225209937921/img/RZsKp61tGSrCxa4t.jpg"",""caption"":null},{""id"":""698ee774f5eb6d00048e7a27"",""url"":""https://video.twimg.com/amplify_video/2021643882790821888/vid/avc1/1280x720/VXQus3rHenbvTQ2V.mp4?tag=21"",""thumbnail"":""https://pbs.twimg.com/amplify_video_thumb/2021643882790821888/img/If8w0tgf4bxY4sRi.jpg"",""caption"":null}]"
302,Cinematic epic battle between Spider-Man and Sun Wukong,"An extremely detailed, multi-paragraph prompt for Seedance 2.0 generating a cinematic epic battle between Spider-Man and Sun Wukong on ancient Chinese temple rooftops, specifying action, camera work, sound, and visual style.","Cinematic epic battle between Spider-Man and Sun Wukong the Monkey King on ancient Chinese temple rooftops at golden sunset. 

Spider-Man in classic red-and-blue suit swings in with webs, flips mid-air and lands in a crouch. Sun Wukong, muscular monkey warrior wearing tiger-skin skirt and golden headband, twirls massive Ruyi Jingu Bang staff that extends and retracts fluidly.

Intense close-quarters fight: Spider-Man dodges super-fast staff swings, uses web-shooters to wrap around the extending pole, gets yanked forward but backflips free. Sun Wukong leaps enormous distances, somersaults cloud-style, creates afterimages with 72 transformations (brief clone split into 3 versions attacking from different angles).

Spider-Man counters with agile parkour across tiles, shoots web nets to trap clones, then webs the real Wukong's staff mid-swing causing huge shockwave that cracks roof tiles and sends golden sparks flying everywhere.

Dramatic camera: fast dolly zooms, dynamic orbiting shots around fighters, slow-motion on key impacts (web clash vs golden staff, fists meeting with energy burst), quick cuts between wide epic vista and extreme close-ups of determined faces / gritted teeth.

Hyper-realistic motion, perfect physics, detailed fabric ripple on Spider-Man's suit and fur movement on Wukong, dramatic rim lighting from sunset, flying debris and golden energy trails, intense orchestral + traditional Chinese percussion soundtrack vibe. 16:9 cinematic aspect ratio, ultra-detailed, no text, no watermark.",https://x.com/TheTopBlasterr/status/2021476942524936270,2026-02-11T06:50:34.000Z,"{""name"":""Top Blaster 💥"",""link"":""https://x.com/TheTopBlasterr""}",[],[],"[{""id"":""698ee76ff5eb6d00048e7a21"",""url"":""https://video.twimg.com/amplify_video/2021476881628016640/vid/avc1/1280x720/6nPTmnB_R0Vg-yn6.mp4?tag=21"",""thumbnail"":""https://pbs.twimg.com/amplify_video_thumb/2021476881628016640/img/OpNwaC_eZV4TKJOj.jpg"",""caption"":null}]"
301,"The Office Episode Prompt: Mogging, Jestermaxxing, and Foids","A prompt for Seedance 2.0 to generate a scene from 'The Office' where Dwight and Michael discuss internet slang terms like 'mogging', 'jestermaxxing', and 'foids'.","The Office episode where Dwight and Michael have a conversation about mogging, jestermaxxing, and foids.",https://x.com/CancunTwitch/status/2021461974274670832,2026-02-11T05:51:06.000Z,"{""name"":""Cancun 🇲🇽🥊"",""link"":""https://x.com/CancunTwitch""}",[],[],"[{""id"":""698ee763c058fc00040fb9b8"",""url"":""https://video.twimg.com/amplify_video/2021461741947977734/vid/avc1/1280x720/aT3NG_tAIsCuV8iQ.mp4?tag=14"",""thumbnail"":""https://pbs.twimg.com/amplify_video_thumb/2021461741947977734/img/FznIaOLX_nKjsQcz.jpg"",""caption"":null}]"
300,Sci-Fi Western Fever Dream,"A complex, multi-part prompt for Seedance 2.0 to generate a bizarre fever dream video featuring Daniel Craig as a cowboy with a sci-fi gadget, fighting aliens in the Wild West, and including Harrison Ford.","Put that james bond dude Daniel Craig in like a cowboy movie, but give him a cool sci-fi gadget... 
and there's like aliens that blow shit up, 
but it's in the wild west. Oh yeah and like... 
put Harrison Ford in it too.
Make it all a fever dream vibe 😏",https://x.com/TheDude_ism/status/2021640312368611800,2026-02-11T17:39:45.000Z,"{""name"":""Observer"",""link"":""https://x.com/TheDude_ism""}","[""https://pbs.twimg.com/media/HA5OF-QWwAA0vD-.png"",""https://pbs.twimg.com/media/HA5OKb3bAAA2hUm.png"",""https://pbs.twimg.com/media/HA5OPLebsAQleBl.png"",""https://pbs.twimg.com/media/HA5OdDbX0AAw7AH.png""]",[],[]
297,Rainy Neon Pursuit in Hong Kong,"A cinematic prompt for Seedance 2.0 describing a high-energy chase scene in a rainy Hong Kong alley, focusing on dynamic camera work and synchronized sound effects.","Lone trench coat runner sprints Hong Kong alleys, slams vendor cart—fruits scatter; shoulder-glued tracking shot, rain flying, sirens + pounding drums sync to terror; low-angle duck into dead-end.",https://x.com/bigprompt/status/2021401009839575327,2026-02-11T01:48:51.000Z,"{""name"":""Big Prompt Hub"",""link"":""https://x.com/bigprompt""}",[],[],"[{""id"":""698ee748c058fc00040fb9ad"",""url"":""https://video.twimg.com/amplify_video/2021399718434152448/vid/avc1/752x416/HNFZdLTavaVsQwFb.mp4?tag=24"",""thumbnail"":""https://pbs.twimg.com/amplify_video_thumb/2021399718434152448/img/aYNBfOBtIfMi7QBu.jpg"",""caption"":null}]"
295,Fast-Paced Action Scene Prompt,"A prompt for Seedance 2.0 instructing the generation of a fast-paced, brutal three-way fight scene featuring John Wick, James Bond (007), and another unnamed character, with the constraint of not uploading real human faces.",A fast-paced fight scene: John Wick &. James Bond (007) & another guy — a three-way brutal showdown.,https://x.com/chraft_ai/status/2021971858409832507,2026-02-12T15:37:12.000Z,"{""name"":""Chraft"",""link"":""https://x.com/chraft_ai""}",[],[],"[{""id"":""698ec03a130262000482f644"",""url"":""https://video.twimg.com/amplify_video/2021966865938231298/vid/avc1/720x1280/SfdIXYL49IyCVU3F.mp4?tag=21"",""thumbnail"":""https://pbs.twimg.com/amplify_video_thumb/2021966865938231298/img/d9Z37WOVnejqxGH8.jpg"",""caption"":null}]"
294,Flowers Creating a Final Shape Prompt (Seedance Pro 1.0),"A prompt used with Seedance Pro 1.0 (via LeonardoAi) describing plants and flowers moving together to form a final shape, driven by the wind.","as the wind moves the plants slowly, the flowers start to move together and create the final shape.",https://x.com/gcwalther_x/status/2021807433329541251,2026-02-12T04:43:50.000Z,"{""name"":""Gabriela Cardona"",""link"":""https://x.com/gcwalther_x""}",[],[],"[{""id"":""698ec03a61882a0004d5d37a"",""url"":""https://video.twimg.com/amplify_video/2021807199136444416/vid/avc1/1248x704/jtNF7a5atQR_qkmF.mp4?tag=21"",""thumbnail"":""https://pbs.twimg.com/amplify_video_thumb/2021807199136444416/img/6Y5meJNTjzIkWvrB.jpg"",""caption"":null}]"
293,Spy Movie Fight Scene Prompt,"A single prompt for Seedance 2.0 generating a spy movie fight scene between a man in a green suit and a man in black, with a humorous ending.","Man in green suit with logo fighting with man in black, in style of spy movies, X man beaten on the floor screaming elooooon! in the end",https://x.com/Restlessperson1/status/2022059501348856015,2026-02-12T21:25:27.000Z,"{""name"":""Restlessperson "",""link"":""https://x.com/Restlessperson1""}",[],[],"[{""id"":""698ec03a130262000482f643"",""url"":""https://video.twimg.com/amplify_video/2022059434533695490/vid/avc1/1280x714/B5hcA9c-PsIIGKDT.mp4?tag=21"",""thumbnail"":""https://pbs.twimg.com/amplify_video_thumb/2022059434533695490/img/QGXuvxr-7fHqeMvt.jpg"",""caption"":null}]"
292,Seedance 2.0 Anthropomorphic Romance Story,"A prompt for Seedance 2.0 using cute pet images to generate a story about an overbearing president falling in love with a cleaning girl, featuring anthropomorphic standing poses.","Use cute pet images to unfold a story about a overbearing president falling in love with a cleaning girl, with anthropomorphic standing poses.",https://x.com/Fox1251104/status/2021949028481843527,2026-02-12T14:06:29.000Z,"{""name"":""Rayko_Zopia"",""link"":""https://x.com/Fox1251104""}",[],[],"[{""id"":""698ec03a130262000482f642"",""url"":""https://video.twimg.com/amplify_video/2021935174335049737/vid/avc1/1280x720/7pSlwcK93YoFHJKk.mp4?tag=21"",""thumbnail"":""https://pbs.twimg.com/amplify_video_thumb/2021935174335049737/img/K1g6bbAiBqoLuEDU.jpg"",""caption"":null}]"
291,Multi-Scene Cinematic Battle Prompt (Sun Wukong vs. Homelander),"A detailed, multi-scene prompt designed to generate a cinematic battle sequence between Sun Wukong and Homelander using Seedance 2.0, specifying camera movements, atmosphere, action, and visual effects for each 4-second scene, accompanied by music cues.","Music Accompanying Scene 1: ""Sun Wukong stands on the roof of the city, brandishing his golden cudgel, his robe fluttering in the wind. The city lights illuminate the night, creating a cinematic and epic feel. The camera slowly zooms in on the image, 4 seconds."" Music Accompanying Scene 2: ""Homelander descends slowly from the sky, his eyes glowing with red laser light. Dark clouds churn, superhero movie style, slow motion, 4 seconds."" Music Accompanying Scene 3: ""Sun Wukong attacks Homelander at high speed, swinging his golden cudgel. The air shakes, action movie effect, motion blur effect, slow motion, 4 seconds."" Music Accompanying Scene 4: ""Homelander fires a red laser, colliding with the golden cudgel's energy. The sky explodes, the clouds tear apart, science fiction film style, intense light effects, 4 seconds."" Scene 5: ""The two float in the air, facing each other, energy ripples spreading. Epic closing scene, wide angle, cinematic composition, 4 seconds.""",https://x.com/chimiwaw/status/2022091833632076051,2026-02-12T23:33:56.000Z,"{""name"":""chimi チミワウ"",""link"":""https://x.com/chimiwaw""}",[],[],"[{""id"":""698ec03a130262000482f640"",""url"":""https://video.twimg.com/ext_tw_video/2022091790107717632/pu/vid/avc1/1280x720/808uQX8cXL4OtTeg.mp4?tag=19"",""thumbnail"":""https://pbs.twimg.com/ext_tw_video_thumb/2022091790107717632/pu/img/2i_Daf3rWSbwIbFx.jpg"",""caption"":null}]"
290,Spider-Man vs. Octopus Man Fight Scene Prompt,"A user demonstrates the quality of Seedance 2.0 by generating an exciting combat scene between Spider-Man and Octopus Man using only a single, simple prompt.",#Seedance 2.0 を使ってスパイダーマンとオクトパスマンのエキサイティングな戦闘シーンを作ってください。,https://x.com/nasan_0422/status/2021856286237995387,2026-02-12T07:57:57.000Z,"{""name"":""なぁさん｜AIと働くひとり社長"",""link"":""https://x.com/nasan_0422""}",[],[],"[{""id"":""698ec03a130262000482f63f"",""url"":""https://video.twimg.com/amplify_video/2021564674744229888/vid/avc1/1920x1080/Dq85EtaGLjC4W-qa.mp4?tag=21"",""thumbnail"":""https://pbs.twimg.com/amplify_video_thumb/2021564674744229888/img/z9W908pUEqKYBwnc.jpg"",""caption"":null}]"
288,Modern Rural Aesthetics Healing Short Film Video Prompt,"A detailed, three-shot prompt for Seedance 2.0 to generate a healing, cinematic short film in the Modern Rural Aesthetics style. It specifies the style (Cinematic Commercial, 4K/8K, Extreme Macro, natural light, ASMR), the setting (a modern open kitchen with a garden view), the character (a focused creator in linen), and specific actions for three scenes: picking a tomato, precise cutting, and a quiet moment of eating.","【风格】
现代田园美学(Modern Rural Aesthetics)，电影级广告大片质感(Cinematic Commercial)，索尼A7S3/电影机拍摄，4K/8K超清，极致微距(Extreme Macro)，自然通透光感，治愈系ASMR，无古装剧感。

【场景】
一个打理得井井有条的现代农家开放式厨房，背景是郁郁葱葱的菜园，阳光明媚。

【角色】
现代田园博主(Modern Creator)，黑色长发随意用一根木簪挽起，身穿深蓝色的舒适棉麻套装(Modern Linen Outfit)，妆容清透，眼神专注宁静。

【分镜详解】
[00:00-00:05] 镜头1：清晨采摘(The Freshness)
画面：高清特写。清晨的阳光侧逆光打在植物上。
动作：博主的一双素手（手指修长干净）从藤蔓上摘下一个带着晶莹露水的鲜红番茄。
细节：焦点极锐，能看清番茄表面的绒毛和水珠滑落的轨迹。背景是虚化的高级绿。

[00:05-00:10] 镜头2：极致手作(The Craft)
画面：室内灶台，充满生活气息但一尘不染。
动作：博主正在切菜，动作熟练利落（非表演性质）。
细节：微距镜头捕捉刀刃切开食材的瞬间，汁水飞溅。接着切换到土灶膛里跳动的橙色火焰，光影温暖而真实。

[00:10-00:15] 镜头3：静谧时光(The Moment)
画面：全景/中景。
动作：一道精致的家常菜被端上院子里的原木长桌。博主安静地坐下，轻轻整理了一下耳边的碎发，夹起一口菜。
氛围：蒸汽在逆光中缓缓升腾，画面安静得仿佛能听到风声，展现出一种现代人向往的极致松弛感。",https://x.com/johnAGI168/status/2021818021354848258,2026-02-12T05:25:54.000Z,"{""name"":""John"",""link"":""https://x.com/johnAGI168""}",[],[],"[{""id"":""698ec039130262000482f63c"",""url"":""https://video.twimg.com/amplify_video/2021817887371976704/vid/avc1/1280x720/v0x8cjAfDfQ8wRtx.mp4?tag=21"",""thumbnail"":""https://pbs.twimg.com/amplify_video_thumb/2021817887371976704/img/4mYiIdzbujk8IyC2.jpg"",""caption"":null}]"
287,Demon Slayer Live-Action Blockbuster Video Prompt,"A detailed, three-shot prompt for Seedance 2.0 to generate a hyper-realistic, Hollywood-style live-action adaptation of Demon Slayer (Kimetsu no Yaiba). The prompt specifies the style (IMAX, 8K, Photorealistic, Dark Fantasy, Unreal Engine 5), the setting (misty forest), and three distinct action scenes focusing on realistic physics and effects: Hyper-realistic Fluid Simulation for Water Breathing, Real Plasma Arcs for Thunderclap and Flash, and a Physics Clash with massive particle explosion.","【风格】好莱坞真人特效大片(Hollywood Live-Action Blockbuster)，IMAX电影画质，8K超清，真实摄影(Photorealistic)，暗黑奇幻(Dark Fantasy)，虚幻引擎5写实渲染，无动漫感。
【时长】15秒
【场景】月光下真实的迷雾森林，地面是湿润的泥土和真实的落叶。

[00:00-00:05] 镜头1：真人演绎·水之呼吸(Realistic Water FX)。
【特写】一名亚洲少年剑客(真实演员脸部毛孔可见)，身穿绿黑格纹的粗布羽织(布料纹理清晰)。
动作：他在月光下双手握刀，压低重心。
特效：随着他呼吸，刀刃上并未出现卡通水流，而是凝聚出**高度写实的、透明且发光的加压高压水流(Hyper-realistic Fluid Simulation)**。水流像一条活龙一样缠绕着真实的刀身，水滴飞溅在镜头上，折射出月光。

[00:05-00:10] 镜头2：雷霆一闪·极致速度(Lightning Plasma)。
【中景/高速摄影】对面是一名染着金发的青年剑客(真实发丝飘动)，身穿黄色三角纹理的织物外套。
动作：他做出居合斩的起手式，脚下的泥土因为用力过猛而炸裂。
特效：空气中爆发出**真实的刺眼蓝白色电流(Real Plasma Arcs)**，而不是黄色卡通闪电。电流击穿了周围的真实树木，留下烧焦的痕迹。

[00:10-00:15] 镜头3：宿命对决·物理碰撞(Physics Clash)。
【慢动作/大爆炸】两人在画面中心极速对撞。
动作：实体水流巨剑与雷电光刃狠狠撞击在一起。
特效：没有漫画线条，只有**真实的物理粒子爆炸**。大量的水蒸气、泥浆、被震断的树枝和耀眼的电火花在空中四散飞溅。冲击波将两人脚下的积水震起一圈圈真实的涟漪。画面极具重量感和破坏力。",https://x.com/johnAGI168/status/2021786934536740871,2026-02-12T03:22:22.000Z,"{""name"":""John"",""link"":""https://x.com/johnAGI168""}",[],[],"[{""id"":""698ec03961882a0004d5d379"",""url"":""https://video.twimg.com/amplify_video/2021786745377886208/vid/avc1/1280x720/7KSZNgxItRKWv10n.mp4?tag=21"",""thumbnail"":""https://pbs.twimg.com/amplify_video_thumb/2021786745377886208/img/6PeZJlhgoRPhWpWm.jpg"",""caption"":null}]"
286,The Great Era (大时代) 90s HK TV Drama Style Video Prompt,"A detailed, multi-shot prompt for Seedance 2.0 to generate a video mimicking the intense, fatalistic style of the 1990s Hong Kong TV drama 'The Great Era' (大时代). It specifies the visual style (vintage film grain, warm yellowish tone, high contrast), setting (1990s HK stock exchange), character (a frantic speculator), and three distinct, emotionally charged shots with specific actions, dialogue, and atmosphere.","【风格】
90年代香港电视剧风格(90s HK TV Drama Style)，复古胶片颗粒感(Vintage Film Grain)，高对比度暖黄色调(Warm Yellowish Tone)，广角镜头夸张透视，情绪极度歇斯底里，混乱、嘈杂、绝望。

【场景】
1990年代香港证券交易所大厅，满地废纸，电子屏一片惨绿（港股跌是绿色/或用红色表示危机，视生成模型理解，建议写""Plummeting Numbers""）。

【角色】
主角（The Speculator）：身穿90年代宽肩灰色西装，发型凌乱，满头大汗，眼神充满了血丝和疯狂，手里紧紧攥着一个“大哥大”手提电话(Brick Phone)。

【分镜详解】
[00:00-00:05] 镜头1：大崩盘·疯魔时刻
画面：广角怼脸特写。主角站在交易大厅中央，周围是模糊的奔跑和尖叫的人群。
动作：他对着“大哥大”声嘶力竭地怒吼，青筋暴起，唾沫横飞。
【台词/字幕】：“不要怕！技术性调整！给我加杠杆！”（疯魔感拉满）。
氛围：背景的电子显示屏数字疯狂跳动，红绿光影交错，营造出一种令人窒息的紧迫感。

[00:05-00:10] 镜头2：一瞬间·天台的风
画面：快速剪辑(Jump Cut)。镜头突然切换到空旷的大楼天台边缘。
动作：主角背对镜头，西装外套被扔在一边，领带松垮。狂风吹乱他的头发和衬衫。他手里攥着一张揉烂的股票凭证，身体摇摇欲坠。
氛围：从极度的吵闹瞬间转为极度的死寂(Deafening Silence)，只有呼啸的风声。

[00:05-00:15] 镜头3：梦一场·废纸漫天
画面：仰拍镜头。
动作：主角松开手，无数白色的股票废纸像雪花一样从天台上飘落，洒向繁华却冷漠的中环街道。
特写：镜头最后定格在他绝望空洞的眼神（瞳孔失去高光），脸上划过一滴悔恨的泪水。
【字幕（黄色复古字体）】：股市有风险，入市需谨慎。",https://x.com/johnAGI168/status/2021919778667999639,2026-02-12T12:10:15.000Z,"{""name"":""John"",""link"":""https://x.com/johnAGI168""}",[],[],"[{""id"":""698ec03961882a0004d5d378"",""url"":""https://video.twimg.com/amplify_video/2021919527412674562/vid/avc1/1280x720/4CdXk-tL97yLmc5N.mp4?tag=21"",""thumbnail"":""https://pbs.twimg.com/amplify_video_thumb/2021919527412674562/img/VaT674S3XOCP9r-w.jpg"",""caption"":null}]"
285,Chinese Success Seminar (Chicken Soup) Video Prompt,"A highly detailed, three-shot prompt for Seedance 2.0 to generate a 15-second video mimicking the style of a frantic, brainwashing Chinese success seminar. The prompt specifies the style (shaky handheld camera, warm stage lighting, huge gold PPT text), the character (a sweating, intense middle-aged 'Master'), and three dramatic scenes involving shouting, pacing, and a climactic kneeling pose.","【风格】中国式成功学演讲，疯狂洗脑风，情绪炸裂，手持晃动镜头，暖色舞台聚光灯，背景是大金字PPT。
【时长】15秒
【角色】大师：中年男子，大背头油光锃亮，穿得像个新郎官(紧身西装)，戴着耳麦，满头大汗，脖子上青筋暴起。
【场景】千人酒店会议厅，台下乌压压的人头。

[00:00-00:05] 镜头1：灵魂拷问(The Question)。
特写/怼脸拍。大师面目狰狞，手指几乎戳到镜头上，唾沫星子横飞。
动作：他猛地扯掉领带，瞪大眼睛看着你。
【台词/咆哮】：“告诉我！你甘心吗？你甘心这辈子就拿着三千块的死工资吗？回答我！！”

[00:05-00:10] 镜头2：底层逻辑(The Logic)。
中景/舞台游走。大师在舞台上疯狂踱步，挥舞着手臂，像是在指挥千军万马。
背景：PPT上写着巨大的红字：“狼性！认知！裂变！”
【台词/嘶吼】：“穷人洗澡，富人洗脑！你为什么不成功？因为你的头脑里装的全是垃圾！把你的退路给我断了！！”

[00:10-00:15] 镜头3：高潮收割(The Climax)。
全景/升格慢动作。大师猛地单膝跪地，双手高举指向天空，BGM激昂炸裂。
台下观众：疯狂起立，鼓掌，甚至有人热泪盈眶。
【台词/金句】：“今晚，让我们一起，改写命运！要想富，先脱裤（脱离舒适的裤子）！听懂掌声！！！”",https://x.com/johnAGI168/status/2021938129821663469,2026-02-12T13:23:10.000Z,"{""name"":""John"",""link"":""https://x.com/johnAGI168""}",[],[],"[{""id"":""698ec03961882a0004d5d377"",""url"":""https://video.twimg.com/amplify_video/2021937460591149057/vid/avc1/1440x2560/RKcnoO1HXNK_SBt2.mp4?tag=21"",""thumbnail"":""https://pbs.twimg.com/amplify_video_thumb/2021937460591149057/img/5a3kAMoBh28x1qJe.jpg"",""caption"":null}]"
284,Dark Fantasy Female Image Video Prompt,"A prompt used with Seedance 2.0 (integrated into Doubao) to generate a video featuring an ethereal dark fantasy female character. The prompt details her appearance, including flowing hair, a complex metal crown, glowing pale skin, and limbs transforming into reflective liquid metal, set in a dramatic, cold blue, cinematic atmosphere.",飘渺的黑暗奇幻女性形象，长发飘逸，头戴复杂的金属王冠，头顶尖锐如鹿角，闭着眼睛，神情宁静，苍白的皮肤柔和地发光。她的下臂和躯干变成了光滑的黑色液态金属，带有反光铬细节，黑暗中伸出锋利如爪的手指。戏剧性的逆光在她头部周围营造出光晕效果，冷蓝色调的雾气氛围，电影般的灯光，细节丰富、超现实且优雅，黑暗奇幻美学。,https://x.com/MRongxin7589/status/2021952831398559882,2026-02-12T14:21:35.000Z,"{""name"":""惜命少女阿昕要出海~"",""link"":""https://x.com/MRongxin7589""}",[],[],"[{""id"":""698ec03961882a0004d5d376"",""url"":""https://video.twimg.com/amplify_video/2021952577479565312/vid/avc1/720x1280/W737z-5T2ykABp37.mp4?tag=21"",""thumbnail"":""https://pbs.twimg.com/amplify_video_thumb/2021952577479565312/img/eiSecqDoKJw2zHET.jpg"",""caption"":null}]"
282,Text-to-Video Prompt: Ancient Costume Execution Ground Revenge Scene,"A detailed text-to-video prompt for generating a cinematic scene set in an ancient execution ground, focusing on the visual elements of snow, blood, and extreme cold, suitable for a dramatic revenge narrative.","古装刑场/血泪复仇
镜头11特写•雪花裹着血水，落在冰冷的刑场石面上，血水瞬间冻凝，雪花层层覆盖，又被新流出的血珠浸透，晕开暗紫痕迹，寒意刺骨。",https://x.com/kenw_2/status/2022045055716929675,2026-02-12T20:28:03.000Z,"{""name"":""Ken W"",""link"":""https://x.com/kenw_2""}",[],[],"[{""id"":""698ec038130262000482f63a"",""url"":""https://video.twimg.com/amplify_video/2022044898464276480/vid/avc1/1920x1080/TxvhTWVlNWurkknH.mp4?tag=21"",""thumbnail"":""https://pbs.twimg.com/amplify_video_thumb/2022044898464276480/img/Kmwy8XlgKEb-4J4L.jpg"",""caption"":null}]"
281,Three Short Drama Prompts (Modern Romance/Conflict),"Three detailed 15-second short drama prompts for Seedance 2.0, covering different romantic/conflict scenarios: 'CEO's Cruel Love', 'School Crush Confession', and 'Best Friend's Betrayal', all with specific scene breakdowns and emotional arcs.","主题：年轻漂亮男女经典对打·现代短剧
时长：15秒
比例：16:9
---
版本一：霸总虐恋·误会分手（狗血拉扯）

Seedance 2.0 提示词

15秒现代短剧，豪华总裁办公室场景，冷色调高级感。0-3秒：中景镜头，一名身着高定西装的年轻男子坐在真皮老板椅上，面容冷峻眼神淡漠，他面前站着一身白裙的漂亮女孩，女孩眼眶通红泪水在眼里打转，男子开口""我给过
机会""，声音低沉冷漠；4-8秒：女孩声音颤抖""你给过我什么机会？是你从一开始就没信任过我！""她转身就要走，男子猛然起身一把拽住她手腕，镜头跟拍两人拉扯，女孩被迫回头，两人距离极近呼吸可闻，女孩眼中闪过一丝留
但很快被倔强取代；9-12秒：男子盯着女孩的眼睛声音低沉""那你现在还要走吗""，女孩咬唇""走...我还能走哪""，她狠心甩开他的手转身就跑，男子伸手想抓但只抓到空气，手僵在半空；13-15秒：镜头跟拍女孩冲出办公室，她在
梯前擦泪但眼泪止不住地流，电梯门缓缓关闭的瞬间她蹲下埋进手臂哭出声，画面最后定格在电梯数字从15往下跳动的特写，伴随钢琴低沉悲伤BGM。

---
版本二：校花追爱·雨中告白（青春甜虐）

Seedance 2.0 提示词

15秒现代校园短剧，雨夜教室走廊场景，冷蓝色调雨夜氛围。0-3秒：固定镜头，教室外大雨倾盆，窗户玻璃被雨点打得啪啪作响，一名穿着白衬衫的清秀男生站在走廊阴影里，手中握着一封粉色信件紧张地来回踱步，远处一个扎
高马尾的漂亮女生缓缓走来，女生每走一步镜头都轻微晃动营造紧张感；4-8秒：女生走近男生，男生深呼吸几度抬手想递信又缩回，女生停在男生面前歪头笑""你找我有事吗""，男生慌乱""我...我...""话没说完上课铃突然响起，两
人都吓一跳，走廊灯光闪了闪；9-12秒：女生看一眼时间""快上课了，下次再说吧""转身就要走，男生鼓起勇气""等等！""，他一把拉住女生手腕，两人同时僵住，走廊里只剩下雨声和两人呼吸声，男生低头不看女生脸颊通红""这封信.
..给你""，女生愣住低头看着那封信；13-15秒：镜头缓慢推进至女生脸部特写，她嘴角慢慢扬起甜蜜笑容，眼中有星光闪烁，画面最后定格在她接过信的瞬间——雨窗外突然透进一缕阳光照在两人身上，收束在温柔钢琴旋律与雨声
弱中。

---
版本三：闺蜜背叛·当面对质（爽文打脸）

Seedance 2.0 提示词

15秒现代短剧，高级餐厅场景，暖金色调对比冷清情绪。0-3秒：中景固定镜头，漂亮女生正举着酒杯和朋友们庆祝生日，笑声欢愉，餐厅门突然被推开——一个她最信任的闺蜜挽着她男友的手走进来，全场笑声戛然而止，女生举着
酒杯的手僵在半空，笑容凝固；4-8秒：闺蜜看到女生后表情一瞬不自然，拉着男友想换个位置，男友却甩开她的手径直走向女生，把礼物盒放在她面前""生日快乐""，闺蜜脸色变得难看，女生看看男友又看看闺蜜，最后目光落在两
人手上——闺蜜手腕上戴着男友前几天说""丢了的""同款手链；9-12秒：女生没说话只是静静拿起酒杯一饮而尽，然后站起身走到闺蜜面前，所有人屏息等待，女生微笑着把那瓶酒缓缓倒在闺蜜那个限量版包包上，闺蜜瞪大眼想尖叫
被女生按住肩膀；13-15秒：女生凑近闺蜜耳边轻声""下次偷人的时候记得先把不该露的东西藏好""，闺蜜脸色煞白，女生转身潇洒离开，镜头拉远展示闺蜜站在原地浑身僵硬、男友追悔莫及，收束在低沉BGM与周围窃窃私语声中。",https://x.com/songguoxiansen/status/2021918709573652649,2026-02-12T12:06:00.000Z,"{""name"":""松果先森"",""link"":""https://x.com/songguoxiansen""}",[],[],"[{""id"":""698ec038130262000482f639"",""url"":""https://video.twimg.com/amplify_video/2021852977238355968/vid/avc1/1280x720/8krkw8hJtWhxhQFz.mp4?tag=21"",""thumbnail"":""https://pbs.twimg.com/amplify_video_thumb/2021852977238355968/img/joOzFbxBQOLE74WF.jpg"",""caption"":null}]"
280,Three Styles of 10-Second MV Prompts,"Three detailed, 10-second music video prompts for Seedance 2.0, covering K-pop, Guofeng (Chinese traditional style), and Future Bass/Cyberpunk genres, all focused on precise beat-matching and cinematic details.","版本一：K-pop女团·快切卡点（高燃舞台）

  Seedance 2.0 提示词

  10秒K-pop女团MV卡点镜头，2.35:1宽银幕，24fps，8个快切镜头。0-1秒：低机位仰拍，舞台地面四个女团成员以三角阵型站立，灯光随节拍闪，舞台""像能听见震动""，全员同时吸气准备；2-3秒：主唱中心位特写，嘴角呼吸与眼
  神抓镜头，轻微头发飘动，背景光从冷蓝转粉紫；4-5秒：群舞中景，动作爆发，脚步声开始进来，全员整齐划一甩发转身，动作行云流水；6-7秒：手部特写，手势带动衣料声和饰品轻响，戒指在灯光下闪烁；8-9秒：双人侧面，
  动作更复杂，脚步更密，镜头跟动作切，两人的手部配合精准卡点；10秒：排阵近景定格0.5秒，最后一声脚步/砸点收尾。全局：霓虹高饱和冷暖对比，浅景深突出动作，禁止文字logo水印。

  ---
  版本二：古风国风·笛韵悠悠（意境卡点）

Seedance 2.0 提示词

  10秒国风MV卡点镜头，9:16竖屏，水墨诗画风格。0-2秒：大远景固定镜头，竹林深处一位白衣女子背对镜头抚弄古琴，烟雾缓缓从琴底升起，竹叶随琴音微微颤动；3-4秒：镜头以慢动作推进至女子侧脸，她睫毛轻颤，嘴角含笑
  琴弦在指下震颤，背景虚化处理；5-7秒：女子抬眼望向镜头的瞬间，画面卡点切入——无数粉色花瓣从虚空中飘落，镜头缓缓旋转360度展示花瓣环绕的绝美画面，每片花瓣都清晰可见；8-9秒：镜头拉远重新回到大远景，女子转身
  面向镜头，衣袍随风飘动，身后竹林在夕照下泛金，她轻抚古琴琴弦定格；10秒：画面渐变为水墨晕染效果，最后收束在古琴余韵与竹叶沙沙声中。

  ---
  版本三：电音Future Bass·霓虹雨夜（赛博卡点）

 Seedance 2.0 提示词

  10秒电音Future Bass MV卡点镜头，超宽银幕，霓虹都市夜景。0-1秒：固定镜头，雨夜都市街道霓虹灯光在地面反射，积水坑中倒映着赛博朋克建筑，画面节奏与低频Bass同步轻微抖动；2-4秒：镜头沿街道快速前推，穿过雨帘
  每一滴雨水都在Bass重拍时溅起水花，镜头速度随音乐节奏忽快忽慢；5-7秒：切入人物视角，一个戴耳机女生在雨中起舞，她的动作与Bass完美卡点——每次重拍身体都定格一帧形成顿挫感，霓虹灯光在她身上形成光轨拖尾，雨滴
  在空中被音乐震得碎裂；8-9秒：镜头急速拉远上摇，俯瞰整条霓虹街道，雨中的Bass可视化波纹从街道中心一圈圈扩散，每个波纹都精准对应一次重拍；10秒：画面定格在俯瞰视角，街景在最后一拍时瞬间黑白反转然后渐黑，收
  束在Bass余震与雨声渐弱中。",https://x.com/songguoxiansen/status/2021837242767905051,2026-02-12T06:42:17.000Z,"{""name"":""松果先森"",""link"":""https://x.com/songguoxiansen""}",[],[],"[{""id"":""698ec038130262000482f638"",""url"":""https://video.twimg.com/amplify_video/2021836639518306305/vid/avc1/1280x720/4etqZIPxS8fI7YvU.mp4?tag=21"",""thumbnail"":""https://pbs.twimg.com/amplify_video_thumb/2021836639518306305/img/kv5V1eOQi_6nmtMr.jpg"",""caption"":null}]"
278,Futuristic Car Commercial Prompt (Y - Drive the Future),"A detailed, multi-shot prompt for a 15-second Hollywood-style commercial for a futuristic vehicle 'Y', featuring a transformation sequence from ground traffic to vertical flight in a cyberpunk, rainy night setting.","品牌Y·未来已至（15秒·好莱坞商业大片版）
核心创意
拥堵的地面（现实困境） -> 机械变形（科技高光） -> 垂直起飞（自由与未来）。

风格设定
顶级汽车广告质感(High-end Car Commercial)。赛博朋克未来城市，冷雨夜，霓虹光影。8K超清，变形金刚级别的机械细节，极速流光感。

分镜详解
镜头1：地面困境
画面：特写。一辆极具流线型的银色超跑“Y”在拥堵的霓虹雨夜街道上静止。雨水滑过它光滑的车漆，反射着红色的尾灯。
细节：车头极简的“Y”发光Logo微微闪烁呼吸灯。周围是嘈杂的喇叭声，主角（车）显得冷静而优雅。
镜头2：机械觉醒
画面：极致微距特写(Extreme Macro)。
动作：驾驶模式切换。车轮内部发出精密的机械咬合声，轮胎向下翻转90度，内部喷射口露出。
特效：幽蓝色的等离子推进器瞬间点火，将路面的雨水瞬间蒸发成白雾。车身在众人的惊呼中平稳垂直悬浮。
镜头3：凌空未来
画面：广角跟随镜头。
动作：由静止瞬间加速。汽车“Y”化作一道银色闪电，垂直拉升，在摩天大楼之间极速穿梭，将地面的红色车流抛在脚下。
结尾定格：车身飞向巨大的满月，画面中心浮现银色金属立体Logo：“Y - Drive the Future”。",https://x.com/johnAGI168/status/2021928568272412985,2026-02-12T12:45:10.000Z,"{""name"":""John"",""link"":""https://x.com/johnAGI168""}",[],[],"[{""id"":""698ec03661882a0004d5d375"",""url"":""https://video.twimg.com/amplify_video/2021928350072164353/vid/avc1/1280x720/QUJer4jhqWlsXR4V.mp4?tag=21"",""thumbnail"":""https://pbs.twimg.com/amplify_video_thumb/2021928350072164353/img/C-nGzzT-K_GrX-FO.jpg"",""caption"":null}]"
277,John Woo Style Gunfight Scene Prompt,"A prompt for generating a John Woo-style gunfight scene in a narrow space using Seedance 2.0, emphasizing cinematic rhythm, different camera angles, and the use of specific character reference images.","{这是一段街头场景吴宇森式枪斗打戏的画面，请基于场景图片3，生成一段流畅的白色西服男子""图片1""的真实效果下和花衬衫男子""图片2真实效果""下在狭隘空间里的枪战画面，需要运用到分镜和不同视角切换，让整个画面更有节奏感和电影感。 }",https://x.com/john87445528/status/2022066865296601311,2026-02-12T21:54:43.000Z,"{""name"":""John"",""link"":""https://x.com/john87445528""}",[],[],"[{""id"":""698ec036130262000482f636"",""url"":""https://video.twimg.com/amplify_video/2022063772421038080/vid/avc1/1440x2560/cTRQGz4kUHh5Ucct.mp4?tag=21"",""thumbnail"":""https://pbs.twimg.com/amplify_video_thumb/2022063772421038080/img/l_y-7e2WegjMB2Bj.jpg"",""caption"":null}]"
276,Dog vs. Prime Ronaldo in Champions League Final,"A demonstration of Seedance 2.0's ability to generate a complex, humorous scenario—a dog playing against Prime Ronaldo in a Champions League final—from a single photo input.","Your dog. vs Prime Ronaldo.

Champions League final.",https://x.com/Sohrabkhalid01/status/2021793484152443204,2026-02-12T03:48:24.000Z,"{""name"":""Sohrab Khalid"",""link"":""https://x.com/Sohrabkhalid01""}",[],[],"[{""id"":""698ec036130262000482f635"",""url"":""https://video.twimg.com/amplify_video/2021634915520196612/vid/avc1/2560x1440/4z0jKlHdsb0mtoAn.mp4?tag=21"",""thumbnail"":""https://pbs.twimg.com/amplify_video_thumb/2021634915520196612/img/vGmn1xcmAboT3biM.jpg"",""caption"":null}]"
273,Man and Elephant at Zoo (Old Camera Style),"A descriptive prompt for Seedance 2.0 generating a video of a man in front of an elephant at the zoo, rendered in a blurry, old camera style.","generate a video of a man in front of an elephant at the zoo, blurry old camera style",https://x.com/rizzy_sol/status/2021899370313232797,2026-02-12T10:49:09.000Z,"{""name"":""rizzy (bulk uwuuu arc)"",""link"":""https://x.com/rizzy_sol""}",[],[],"[{""id"":""698ec036130262000482f633"",""url"":""https://video.twimg.com/amplify_video/2021899090087620612/vid/avc1/320x240/GrzGjG_mSU8SM6Qu.mp4?tag=21"",""thumbnail"":""https://pbs.twimg.com/amplify_video_thumb/2021899090087620612/img/k_IgGscBUjCEsGxt.jpg"",""caption"":null}]"
270,Sailor Moon Dialogue Scene,"A detailed dialogue-based prompt for generating a scene featuring Sailor Moon, Sailor Venus, and Sailor Jupiter, including specific actions and lines of dialogue.","""Sailor moon jumping onto the bed and screaming ""Girls, we did it!"". Sailor Venus appears and says: ""How many were there? 6? 7?"". Sailor Jupiter laughs and says ""6 7!""""",https://x.com/BigMotion_ai/status/2022090726511980552,2026-02-12T23:29:32.000Z,"{""name"":""BigMotion.ai"",""link"":""https://x.com/BigMotion_ai""}",[],[],"[{""id"":""698ec034130262000482f631"",""url"":""https://video.twimg.com/amplify_video/2022090116265590784/vid/avc1/1280x720/TUr2TVvdyDlrRqnS.mp4?tag=21"",""thumbnail"":""https://pbs.twimg.com/amplify_video_thumb/2022090116265590784/img/J9BgfE09upsSrDAC.jpg"",""caption"":null}]"
268,Anime Warrior vs. Octopus Alien,"A detailed prompt for generating a dynamic, high-impact anime-style battle scene featuring an astronaut warrior fighting a massive octopus alien, utilizing specific artistic styles like Arcane, 3D painterly rendering, and dramatic lighting.","""Astronaut anime warrior battling a massive octopus alien creature, dynamic mid-air clash, intense motion and impact, ultra realistic lighting, cinematic composition, 3D painterly rendering style inspired by Arcane, stylized brush-textured shading, volumetlic fog, dramatic rim",https://x.com/Boonsu28/status/2021744608565461025,2026-02-12T00:34:11.000Z,"{""name"":""Charles Boonsu"",""link"":""https://x.com/Boonsu28""}",[],[],"[{""id"":""698ec03461882a0004d5d373"",""url"":""https://video.twimg.com/amplify_video/2021744488792961025/vid/avc1/1920x1080/9Sp_QsQy1NjsF9wP.mp4?tag=21"",""thumbnail"":""https://pbs.twimg.com/amplify_video_thumb/2021744488792961025/img/inmdvPwaJdSWm5jU.jpg"",""caption"":null}]"
267,High-Intensity Action Thriller Scene in a Cockpit,"A detailed prompt for generating a high-intensity action thriller scene inside an airplane cockpit, emphasizing cinematic techniques like shaky camera, motion blur, and dramatic lighting/alarms.","High-intensity action thriller scene, hand-held shaky camera, cinematic motion blur, the woman storms into the cockpit and freezes as she realizes the pilot seats are empty, warning alarms flashing red, turbulence shaking the cabin, she sprints forward and straps herself into the",https://x.com/kemalcse/status/2021903817382437323,2026-02-12T11:06:49.000Z,"{""name"":""Kemal Cagin"",""link"":""https://x.com/kemalcse""}",[],[],"[{""id"":""698ec03461882a0004d5d372"",""url"":""https://video.twimg.com/amplify_video/2021903380902555657/vid/avc1/2560x1440/_Y3rNA6Jo03eX1UE.mp4?tag=21"",""thumbnail"":""https://pbs.twimg.com/amplify_video_thumb/2021903380902555657/img/DMBfVLFXM4MPPFeS.jpg"",""caption"":null}]"
266,Cinematic Scene: Woman Running from a Lion in the Tropics,A simple image generation prompt describing a cinematic scene of a blonde woman running in a tropical setting with a lion chasing her.,"""running  woman, blonde hair, tropical scenario, cinematic, a lion is after her,""",https://x.com/javilopen/status/2021407137797493102,2026-02-11T02:13:12.000Z,"{""name"":""Javi Lopez ⛩️"",""link"":""https://x.com/javilopen""}",[],[],"[{""id"":""699010ee0113490004af3dcc"",""url"":""https://video.twimg.com/amplify_video/2021406900558938112/vid/avc1/1280x720/QMZwdDPQ9qNbWdo3.mp4?tag=21"",""thumbnail"":""https://pbs.twimg.com/amplify_video_thumb/2021406900558938112/img/6g3muxJjIlWaSQRz.jpg"",""caption"":null}]"
265,Multi-Shot Text-to-Video Prompt for Tokyo Race Scene,"A detailed, multi-shot prompt structure designed for text-to-video generation (specifically mentioned for Kling 3.0, but relevant for advanced video models like Seedance 2.0) depicting a high-speed race through Tokyo streets at night.","SHOT1
Close-up inside the cockpit, a male driver in his 30s grips the suede steering wheel of a low-slung race car. He’s focused, sweat on his temple, lit only by blue dashboard LEDs and passing neon reflections from outside. Tokyo’s city lights flicker across the windshield. Camera slowly pushes in, locked on his intense gaze through the rearview mirror.

SHOT2
Side profile mid shot, from the passenger seat view. The driver shifts gears with a snap, neon signage from outside streaks across his face in sharp reflections. The city races by — puddles splash under the tires. Camera pans with him as he leans forward, eyes narrowing.

SHOT3
Exterior low rear shot, the car’s tail lights flare as he slams the NOS button. Blue flames erupt from the exhaust. The car launches forward, disappearing into the glowing Tokyo streets. Camera tracks behind, lights blurring, engine scream echoing in the distance.",https://x.com/CharaspowerAI/status/2021607724232868147,2026-02-11T15:30:15.000Z,"{""name"":""Pierrick Chevallier | IA"",""link"":""https://x.com/CharaspowerAI""}",[],[],"[{""id"":""698ec03361882a0004d5d370"",""url"":""https://video.twimg.com/ext_tw_video/2021607687549550592/pu/vid/avc1/1280x720/_Y9iSQytuxtHInmV.mp4?tag=12"",""thumbnail"":""https://pbs.twimg.com/ext_tw_video_thumb/2021607687549550592/pu/img/dsg9xDVypgIOcNuL.jpg"",""caption"":null}]"
264,Michael Jackson vs Hitler Face-off,"A prompt for generating a bizarre face-to-face encounter video between Michael Jackson and Hitler using Seedance 2.0, demonstrating the model's ability to combine disparate historical figures.",Michael Jackson vs Hitler en un cara a cara épico.,https://x.com/impaulxyz/status/2021825594963767522,2026-02-12T05:56:00.000Z,"{""name"":""ImPaul"",""link"":""https://x.com/impaulxyz""}",[],[],"[{""id"":""698ec03361882a0004d5d36f"",""url"":""https://video.twimg.com/amplify_video/2021591458243850240/vid/avc1/1280x720/9TAQpmyASIMWoAhG.mp4?tag=21"",""thumbnail"":""https://pbs.twimg.com/amplify_video_thumb/2021591458243850240/img/Yn0ZytUjKf98Avl6.jpg"",""caption"":null}]"
263,Trump vs Michael Jackson AI Dance Battle,"A prompt for generating an epic AI dance battle video featuring Donald Trump and Michael Jackson using Seedance 2.0, highlighting the model's ability to combine distinct characters in dynamic scenarios.",TRUMP VS MICHAEL JACKSON: THE MOST EPIC AI DANCE BATTLE,https://x.com/ImperfectEngel/status/2021661749490139461,2026-02-11T19:04:56.000Z,"{""name"":""Shira Wiggles"",""link"":""https://x.com/ImperfectEngel""}",[],[],"[{""id"":""698ec03361882a0004d5d36e"",""url"":""https://video.twimg.com/amplify_video/2021658290753552384/vid/avc1/1920x1080/Zpq2X6iSwFDSZdu6.mp4?tag=21"",""thumbnail"":""https://pbs.twimg.com/amplify_video_thumb/2021658290753552384/img/hT5Kc__EnTjFQD38.jpg"",""caption"":null}]"
262,Grok Imagine Image-to-Video Prompt,"A detailed image-to-video prompt used with Grok Imagine 1.0 to generate a brutal fight scene between Indonesian women and Elon Musk, emphasizing kinetic action, high cinematic quality, and consistency.","Women brutal fight vs elon musk with beautiful kick boxing style, and kick fatality. Kinetic. No artifacts. Shoot by arri alexa. No 3d. No CGI. No talk. Consistent characters and environment. THE RAID brutal fight film style (dynamic handheld camera movement).",https://x.com/apilpirman/status/2021988787501592737,2026-02-12T16:44:28.000Z,"{""name"":""Apil"",""link"":""https://x.com/apilpirman""}",[],[],"[{""id"":""698ec03361882a0004d5d36d"",""url"":""https://video.twimg.com/ext_tw_video/2021988727107801088/pu/vid/avc1/1300x720/1_BpQaHSJjCIA3dD.mp4?tag=22"",""thumbnail"":""https://pbs.twimg.com/ext_tw_video_thumb/2021988727107801088/pu/img/dUVl5o4NBIVW_pMX.jpg"",""caption"":null}]"
260,Mad Max Exodus Story Prompt,"A prompt for Seedance 2.0 requesting a multi-shot, high-action epic video about an exodus story styled after the Mad Max franchise.",A multi shot high action epic video about exodus story in the style of mad max,https://x.com/DanaGreenAI/status/2022060390411383290,2026-02-12T21:28:59.000Z,"{""name"":""Dana Akerman Green"",""link"":""https://x.com/DanaGreenAI""}",[],[],"[{""id"":""698ec03161882a0004d5d36c"",""url"":""https://video.twimg.com/ext_tw_video/2022060358190432256/pu/vid/avc1/1280x720/0jT_hIUAUxo6Q_a6.mp4?tag=19"",""thumbnail"":""https://pbs.twimg.com/ext_tw_video_thumb/2022060358190432256/pu/img/H7VdO6CX-o1QreOh.jpg"",""caption"":null}]"
259,Live Action DBZ Battle Prompt,A prompt for Seedance 2.0 to generate a live-action scene of a Dragon Ball Z battle between Goku and Vegeta in their Super Saiyan Blue forms.,"live action Saiyan battle between Goku & Vegeta, super saiyan blue",https://x.com/markgadala/status/2021985063840403880,2026-02-12T16:29:40.000Z,"{""name"":""Mark Gadala-Maria"",""link"":""https://x.com/markgadala""}",[],[],"[{""id"":""698ec03161882a0004d5d36b"",""url"":""https://video.twimg.com/amplify_video/2021984979656253442/vid/avc1/1280x720/J--q90_rUXAoe9Zi.mp4?tag=21"",""thumbnail"":""https://pbs.twimg.com/amplify_video_thumb/2021984979656253442/img/uDH7RihInbxjQoNJ.jpg"",""caption"":null}]"
258,Wuxia Swordsman Duel Prompt,"A highly detailed, cinematic prompt for Seedance 2.0 describing a Wuxia-style audiovisual blockbuster featuring a duel between two swordsmen in a bamboo forest, focusing on camera movement, atmosphere, and ultra-slow motion effects during the clash.","A Wuxia-style audiovisual blockbuster. A white-clad swordsman and a straw-caped blademaster face off in a bamboo forest. The camera slowly pushes in between them, shifting focus between raindrops and sword hilts. The atmosphere is extremely oppressive; only the sound of rain can be heard. Suddenly, a crack of thunder flashes, and both charge simultaneously. A fast-panning profile shot captures their mud-splattering footsteps. The precise moment their weapons clash, the footage switches to ultra-slow motion, clearly displaying the ring-shaped shockwaves of rainwater blasted away by the blades, along with bamboo leaves sliced by sword aura. Normal speed resumes as they land back-to-back. The straw-caped blademaster's bamboo hat splits open, and the scene cuts abruptly.",https://x.com/hckinz/status/2022062799732777214,2026-02-12T21:38:34.000Z,"{""name"":""Jay Sensei👾"",""link"":""https://x.com/hckinz""}",[],[],"[{""id"":""698ec03161882a0004d5d36a"",""url"":""https://video.twimg.com/ext_tw_video/2022061811399634946/pu/vid/avc1/1920x1080/Hs_XFUvH15pzuriO.mp4?tag=19"",""thumbnail"":""https://pbs.twimg.com/ext_tw_video_thumb/2022061811399634946/pu/img/IOrSqnt1Z59bH6xC.jpg"",""caption"":null}]"
257,Vegeta Super Saiyan 100 vs Base Goku Prompt,"A prompt for generating an intense Dragon Ball Z fight scene featuring Vegeta at Super Saiyan 100 level battling a nonchalant, impassable base form Goku.","""Vegeta super saiyan 100 vs a nonchalance impassable base form Goku""",https://x.com/minilozio/status/2021801238191354346,2026-02-12T04:19:13.000Z,"{""name"":""Lozio"",""link"":""https://x.com/minilozio""}",[],[],"[{""id"":""698ec03061882a0004d5d369"",""url"":""https://video.twimg.com/amplify_video/2021799542740615168/vid/avc1/1920x1080/TzenwjgbVsseDS13.mp4?tag=21"",""thumbnail"":""https://pbs.twimg.com/amplify_video_thumb/2021799542740615168/img/Leqgd-1kkLcP6S4q.jpg"",""caption"":null}]"
256,Madoka Magica Bullshit Prompt,"A prompt instructing the model to generate content related to Madoka Magica, using informal language, implying a chaotic or intense scene from the series.","Just put some Madoka Magica bullshit on screen, the trilogy already perfect anyway.",https://x.com/StayGoys/status/2021814981998915591,2026-02-12T05:13:49.000Z,"{""name"":""alpon"",""link"":""https://x.com/StayGoys""}",[],[],"[{""id"":""698ec03061882a0004d5d368"",""url"":""https://video.twimg.com/amplify_video/2002644829403295744/vid/avc1/1280x720/cZIsOGOCBS3yST-b.mp4?tag=14"",""thumbnail"":""https://pbs.twimg.com/media/G8rS8lBbcAALp7w.jpg"",""caption"":null}]"
254,1980s Vampire Interview Prompt,"A detailed prompt for generating a video of a vampire interview set in a 1980s TV studio, focusing on specific character descriptions, dialogue, retro aesthetics, and cinematic lighting.","""1980s TV studio interview, blonde female journalist with long hair and low-cut dress asking vampire 'before we end the show, would you like to say anything else, Count Dracula?', elegant vampire in suit leans forward saying 'what a beautiful neck you have', she laughs nervously showing garlic and crucifix, vampire smirks saying 'those are old myths, they do nothing to me', retro 80s TV set with vintage cameras, warm studio lighting, talk show atmosphere, cinematic""",https://x.com/ImperfectEngel/status/2021977382781927821,2026-02-12T15:59:09.000Z,"{""name"":""Shira Wiggles"",""link"":""https://x.com/ImperfectEngel""}",[],[],"[{""id"":""698ec03061882a0004d5d366"",""url"":""https://video.twimg.com/amplify_video/2021658290753552384/vid/avc1/1920x1080/Zpq2X6iSwFDSZdu6.mp4?tag=21"",""thumbnail"":""https://pbs.twimg.com/amplify_video_thumb/2021658290753552384/img/hT5Kc__EnTjFQD38.jpg"",""caption"":null}]"
253,Naruto and Luffy Fighting Scene Prompt,"A prompt for generating an ultra-dynamic anime action scene featuring Naruto and Luffy fighting on a shattered rocky battlefield at sunset, emphasizing speed, sound, and character framing.","""Ultra-dynamic anime action scene of Naruto from Naruto and Luffy from One Piece fighting on a shattered rocky battlefield at sunset.""",https://x.com/YounchanHwang/status/2021827758574514425,2026-02-12T06:04:36.000Z,"{""name"":""Youn Hwang"",""link"":""https://x.com/YounchanHwang""}",[],[],"[{""id"":""698ec03061882a0004d5d365"",""url"":""https://video.twimg.com/amplify_video/2021826050590928896/vid/avc1/1280x720/m-tS3E9pnGSYezzs.mp4?tag=21"",""thumbnail"":""https://pbs.twimg.com/amplify_video_thumb/2021826050590928896/img/iZezsaOlIVb1vkIl.jpg"",""caption"":null}]"
250,Multi-shot Creature Race Scene,"A prompt testing the limits of Seedance 2.0 by requesting a multi-shot race scene featuring a creature driving extremely fast through a futuristic city, requiring four scene cut changes from dramatic angles.","a Creature is driving extremely fast through the futuristic city, 4 scene cut changes from dramatic angles",https://x.com/Dheepanratnam/status/2021943401198104904,2026-02-12T13:44:07.000Z,"{""name"":""Dheepan Ratnam"",""link"":""https://x.com/Dheepanratnam""}",[],[],"[{""id"":""698ec02f61882a0004d5d362"",""url"":""https://video.twimg.com/amplify_video/2021942202641870848/vid/avc1/2940x1260/Gbq6aujlok5xRh6I.mp4?tag=21"",""thumbnail"":""https://pbs.twimg.com/amplify_video_thumb/2021942202641870848/img/EQs1TR1OsOAHoeHM.jpg"",""caption"":null}]"
249,Brad Pitt and Tom Cruise Fight Scene,"A user tested Seedance 2.0 by generating a fight scene between Brad Pitt and Tom Cruise, with their dialogue revolving around the Epstein files.","generate a fight scene between Brad Pitt and Tom Cruise, with their dialogue during the fight revolving around the Epstein files.",https://x.com/Eng_china5/status/2021949493374259431,2026-02-12T14:08:19.000Z,"{""name"":""China pulse 🇨🇳"",""link"":""https://x.com/Eng_china5""}",[],[],"[{""id"":""698ec02f61882a0004d5d361"",""url"":""https://video.twimg.com/amplify_video/2021949358821060611/vid/avc1/1470x630/Je09orJJKqBSeEpl.mp4?tag=21"",""thumbnail"":""https://pbs.twimg.com/amplify_video_thumb/2021949358821060611/img/v7OIUhM7MDC5jD7k.jpg"",""caption"":null}]"
248,The Leviathan's Throat: Underwater Megastructure Descent,"An extremely detailed, cinematic prompt for Seedance 2.0 describing a diver's terrifying descent through a flooded subterranean megastructure, pursued by a colossal, eyeless leviathan, culminating in the diver firing a harpoon and bursting through the surface into a vast underground ocean.","A flooded subterranean megastructure, ancient stone corridors  half-submerged in black water, bioluminescent algae pulsing  along the walls like a heartbeat. A masked diver in scarred  tactical gear, lit by a flickering wrist-mounted flare, is  pulled downward through collapsing flooded chambers by the  current of a colossal eyeless leviathan moving beneath the  floor grates. The camera plunges after the diver as water  rushes through shattering stone archways, air bubbles and  debris spiraling past the lens. The diver grabs a broken  pillar to stop herself, the current ripping at her body, then  releases and freefalls through a vertical shaft, twisting to  dodge the leviathan's translucent tendrils whipping upward  through the darkness. Quick shaky frames catch her igniting  a harpoon gun mid-fall, the flare illuminating the creature's  massive jaw opening below. In the final movement, the camera  spirals downward around her as she fires the harpoon into the  creature's mouth, the bioluminescence erupts blinding white,  and the camera bursts through the surface of a vast  underground ocean, the diver silhouetted against the glow of  a thousand pulsing organisms on a cathedral-sized cavern  ceiling. 15 seconds..",https://x.com/Dheepanratnam/status/2021901586889428999,2026-02-12T10:57:58.000Z,"{""name"":""Dheepan Ratnam"",""link"":""https://x.com/Dheepanratnam""}",[],[],"[{""id"":""698ec02f61882a0004d5d360"",""url"":""https://video.twimg.com/amplify_video/2021899744919060480/vid/avc1/1280x720/u9RaLyGlKEWlclC8.mp4?tag=21"",""thumbnail"":""https://pbs.twimg.com/amplify_video_thumb/2021899744919060480/img/IkMf2WpO3tSAkwdt.jpg"",""caption"":null}]"
247,Kamala vs Trump Fight with Tom and John Wick Prompt,"A user attempted to generate a fight scene between Kamala Harris and Donald Trump using Seedance 2.0, possibly adapting a prompt originally intended for Tom Cruise and John Wick (or similar action characters).",Kamala vs Trump fight with same Tom and John Whick Prompt.,https://x.com/xcitizenjournal/status/2022036097984090611,2026-02-12T19:52:28.000Z,"{""name"":""X Citizen Journal"",""link"":""https://x.com/xcitizenjournal""}",[],[],"[{""id"":""698ec02f61882a0004d5d35f"",""url"":""https://video.twimg.com/amplify_video/2022036038009729025/vid/avc1/1280x720/aDYyTYDjrGrhhSYY.mp4?tag=21"",""thumbnail"":""https://pbs.twimg.com/amplify_video_thumb/2022036038009729025/img/JfdvdGMnnkYkfrKg.jpg"",""caption"":null}]"
246,360-degree Panoramic Selfie in a Dessert Shop,"A single prompt used with Seedance 2.0 to generate a dynamic video featuring a 360-degree panoramic camera selfie inside a dessert shop, followed by a woman posing in various scenes and outfits.","360-degree panoramic camera selfie. The camera rotates counterclockwise, capturing the dessert shop interior. Then show a woman posing in different scenes, wearing different outfits and using different props.",https://x.com/NACHOS2D_/status/2022003177369776414,2026-02-12T17:41:39.000Z,"{""name"":""nachos2d"",""link"":""https://x.com/NACHOS2D_""}",[],[],"[{""id"":""698ec02f61882a0004d5d35e"",""url"":""https://video.twimg.com/amplify_video/2022003100916011009/vid/avc1/720x1280/pGCjavOQ9oEDNy2Z.mp4?tag=21"",""thumbnail"":""https://pbs.twimg.com/amplify_video_thumb/2022003100916011009/img/EH11p7ctKXR1SoZX.jpg"",""caption"":null}]"
222,VEO 3.1 Leopard on Termite Mound Prompt,"A YAML-formatted prompt for the VEO 3.1 model on LeonardoAi, generating a realistic, eye-level medium shot of a solitary leopard crouching on a termite mound at dawn.","A solitary leopard crouches on a golden savanna termite mound at first light, amber eyes locked on an unseen target; every whisker is razor-sharp against the blurred grass backdrop.  
  Eye-level medium shot, 400 mm telephoto realism, shallow depth of field, natural dawn backlight.  
audio: soft rustle of grass + distant doves
negative: no humans, no vehicles",https://x.com/LudovicCreator/status/2019522300949717208,2026-02-05T21:23:32.000Z,"{""name"":""LudovicCreator"",""link"":""https://x.com/LudovicCreator""}",[],[],"[{""id"":""698da1f35108590004f35d5f"",""url"":""https://video.twimg.com/amplify_video/2019522134377144320/vid/avc1/1920x1080/3HuJ9afzOnguSgeU.mp4?tag=21"",""thumbnail"":""https://pbs.twimg.com/amplify_video_thumb/2019522134377144320/img/pdmUkaTqYW3lQWGV.jpg"",""caption"":null}]"
221,Cute Monkey Relaxing in Pool (Seedance 1.5 Pro),"A detailed prompt used with Seedance 1.5 Pro to generate an animation of a small, fluffy monkey delicately sipping tea while floating in an orange inflatable swim ring in turquoise water, emphasizing realism and tranquil bliss.","""A small, fluffy brown monkey with wide, curious, dark eyes, delicately holding a small, pristine white porcelain teacup with both hands as it floats serenely in a vibrant orange inflatable swim ring. The scene is set in crystal-clear, shimmering turquoise water, with sunlight creating intricate caustic patterns on the sandy bottom visible below. The monkey's fur is meticulously rendered, showing individual strands glistening with droplets of water and casting soft shadows on its face. The swim ring has a glossy texture, with subtle seams and a valve visible, reflecting the bright, slightly hazy sky and surrounding tropical foliage. Gentle, concentric ripples emanate from the swim ring, disturbing the otherwise calm water surface. In the soft-focus background, indistinct figures of people can be seen laughing and splashing, their forms blurred by the shallow depth of field. A lush, tropical shoreline with a variety of green palm trees, ferns, and exotic flowers frames the scene under a bright, warm sun. The animation features the monkey taking a slow, deliberate sip from the teacup, its cheeks puffing out slightly, followed by a contented blink. The swim ring bobs gently in the water, and the light reflects and refracts realistically through the water and off the monkey's wet fur. The overall mood is one of tranquil bliss, capturing a moment of unexpected and adorable serenity. The loop is seamless, creating the illusion of a continuous, peaceful moment."", ""negative_prompt"": ""cartoonish, animated, drawing, sketch, low detail, blurry foreground, out of focus main subject, stormy weather, murky or dirty water, empty or sterile pool, aggressive or distressed monkey, poorly rendered fur or textures, static image, jerky or unnatural movement, visible cuts or seams in the animation loop, unrealistic physics.""",https://x.com/IqraSaifiii/status/2019473389904384121,2026-02-05T18:09:10.000Z,"{""name"":""Iqra Saifi"",""link"":""https://x.com/IqraSaifiii""}",[],[],"[{""id"":""698da1f25108590004f35d5e"",""url"":""https://video.twimg.com/amplify_video/2019472980422868992/vid/avc1/1280x720/CxkonlRed7uVub3X.mp4?tag=21"",""thumbnail"":""https://pbs.twimg.com/amplify_video_thumb/2019472980422868992/img/sVRUOq2TOvObHrLY.jpg"",""caption"":null}]"
219,K-Hip Hop Performance on Neon Rooftop Stage,"A detailed cinematic prompt designed to generate a high-energy K-hip-hop performance video on a neon-lit urban rooftop stage at night, featuring dynamic multi-angle cinematography, expressive character movements, and dramatic lighting effects. This prompt was used to compare Kling AI and ByteDance's Seedance 1.5 Pro.","Animate a K-hip-hop artist delivering a high-energy rap performance on a neon-lit urban rooftop stage at night. The character stands center-frame with confident swagger, rhythmic head nods, and expressive hand gestures synced tightly to fast Korean rap flow. Use dynamic multi-angle cinematography: start with a wide crane shot revealing the city skyline and drifting fog, then cut to a smooth dolly-in medium shot as the rapper spits rapid bars with sharp mouth articulation and intense eye contact. Switch to a low-angle side shot capturing dramatic silhouettes against vibrant LED screens, clothing rippling in the wind. Follow with a tight handheld-close-up moving around the face, emphasizing charisma, subtle smirks, and aggressive delivery. Add a fast orbiting shot circling the rapper during a high-energy verse drop, neon reflections streaking across the lens. Include a quick overhead drone shot showing the rapper pacing with powerful footwork, then transition to a slow-motion front shot highlighting a big lyrical accent with a chest hit and hand flick. Finish with a heroic medium-wide shot as the rapper finishes the final bar, steps forward with confidence, and locks into a bold, unwavering stare into the camera under pulsing K-hip-hop stage lighting. 16:9 ratio, wide cinematic scene, cinematic color",https://x.com/AIARTGALLARY/status/2019415450539684141,2026-02-05T14:18:56.000Z,"{""name"":""AIARTGALLARY"",""link"":""https://x.com/AIARTGALLARY""}",[],[],"[{""id"":""698da1f05108590004f35d5c"",""url"":""https://video.twimg.com/ext_tw_video/2019415363600158720/pu/vid/avc1/1920x1080/uuUmAvnXvd2EaKCP.mp4?tag=19"",""thumbnail"":""https://pbs.twimg.com/ext_tw_video_thumb/2019415363600158720/pu/img/ua-MKOxfelVSqn4j.jpg"",""caption"":null}]"
211,Anime Scene of Lumine from Genshin Impact,"A text-to-video prompt for generating an anime-style action scene featuring the Genshin Impact character Lumine, performing a dynamic sword attack in a shattered temple courtyard.","Anime scene of Lumine from Genshin Impact dashing across a shattered temple courtyard, leaping into a mid-air somersault and delivering a spiral sword slash that sends glowing elemental energy and stone debris flying",https://x.com/Kokoboy886711/status/2021421581558481040,2026-02-11T03:10:35.000Z,"{""name"":""Kokoboy"",""link"":""https://x.com/Kokoboy886711""}",[],[],"[{""id"":""698ee790c058fc00040fb9d3"",""url"":""https://video.twimg.com/amplify_video/2021420939624448003/vid/avc1/1280x720/IS-Ed72scKAdhjvu.mp4?tag=14"",""thumbnail"":""https://pbs.twimg.com/amplify_video_thumb/2021420939624448003/img/apfvHTkBNZRZeAL_.jpg"",""caption"":null}]"
210,Luxury Car Transforming into Optimus Prime Fighting Godzilla in Tokyo,"A description of a CGI video generated by Seedance 2.0, depicting a luxury car transforming into Optimus Prime and battling Godzilla amidst explosions and energy blasts against the backdrop of a rainy Tokyo nightscape. The post also mentions Seedance 2.0's release date and its advanced motion synthesis technology.",a luxury car transforming into Optimus Prime and battling Godzilla amidst explosions and energy blasts against the backdrop of a rainy Tokyo nightscape,https://x.com/HopefulofNFTs/status/2021822131143635160,2026-02-12T05:42:14.000Z,"{""name"":""HopefulofNFTs"",""link"":""https://x.com/HopefulofNFTs""}",[],[],"[{""id"":""698ec03a130262000482f641"",""url"":""https://video.twimg.com/amplify_video/2021822070607532032/vid/avc1/1280x720/Mhpi2Og8juiWLQAt.mp4?tag=21"",""thumbnail"":""https://pbs.twimg.com/amplify_video_thumb/2021822070607532032/img/-wTfYVaeoXJzsPmk.jpg"",""caption"":null}]"
209,Perfume product advertisement generation prompt for Seedance 2.0,"A detailed prompt for generating a perfume product advertisement video using Seedance 2.0, specifying the use of two reference images for script and product appearance, requiring a natural female voiceover in English, careful attention to perfume bottle proportions, integration with natural lighting, and a fast-paced rhythm, while avoiding heavy texture mapping or cutout effects.",根据@图片1的脚本生成@图片2香水产品的广告内容，旁白的声音参考自然的女声用英文读，香水的比例要注意一些，要用自然的光线融入进背景里，不要太重的贴图和抠图感，节奏可以更明快一些。,https://x.com/BFAVicky/status/2020267913316561195,2026-02-07T22:46:19.000Z,"{""name"":""尾鳍Vicky"",""link"":""https://x.com/BFAVicky""}","[""https://pbs.twimg.com/media/HAluy_8WYAANsv_.jpg"",""https://pbs.twimg.com/media/HAluy_6WMAAz9JS.jpg""]","[""https://pbs.twimg.com/media/HAluy_8WYAANsv_.jpg"",""https://pbs.twimg.com/media/HAluy_6WMAAz9JS.jpg""]","[{""id"":""698d6213b249ff000438598e"",""url"":""https://video.twimg.com/amplify_video/2020267730302046208/vid/avc1/1280x720/W6OItcmsMIm0mwdC.mp4?tag=21"",""thumbnail"":""https://pbs.twimg.com/amplify_video_thumb/2020267730302046208/img/8Q03U6m-aCFWteIh.jpg"",""caption"":null}]"
208,Woman confronts man in shadows,"The prompt used to generate three different results in Seedance 2.0, describing a tense confrontation where a woman asks a man in the shadows to come out, accusing him of wrongdoing.","""A woman tensely asks the man in the shadows to come out. Slow push in as she tells him she knows everything he's done and he's going to pay. Deep in the shadows, we see the figure as he responds.""",https://x.com/gavinpurcell/status/2021732810554507352,2026-02-11T23:47:18.000Z,"{""name"":""Gavin Purcell"",""link"":""https://x.com/gavinpurcell""}",[],[],"[{""id"":""698ee773f5eb6d00048e7a23"",""url"":""https://video.twimg.com/amplify_video/2021732724424552450/vid/avc1/1280x720/tXpuOypBKAh0bjtG.mp4?tag=21"",""thumbnail"":""https://pbs.twimg.com/amplify_video_thumb/2021732724424552450/img/y0-M6-NAzcteuEXT.jpg"",""caption"":null},{""id"":""698ee773f5eb6d00048e7a24"",""url"":""https://video.twimg.com/amplify_video/2021732724432941057/vid/avc1/1280x720/uarwFxZh_QH02CKK.mp4?tag=21"",""thumbnail"":""https://pbs.twimg.com/amplify_video_thumb/2021732724432941057/img/TwyplDdNaorF7NOn.jpg"",""caption"":null},{""id"":""698ee773f5eb6d00048e7a25"",""url"":""https://video.twimg.com/amplify_video/2021732724420349952/vid/avc1/1280x720/A1-8GeFrasfY4hIi.mp4?tag=21"",""thumbnail"":""https://pbs.twimg.com/amplify_video_thumb/2021732724420349952/img/FNkXrpa3Tj9yHMTa.jpg"",""caption"":null}]"
207,Thanos Apologizes to Spider-Man Prompt,"A text command used to generate a 15-second video scene in Seedance 2.0, depicting Thanos apologizing before being assaulted by a group led by Spider-Man. This showcases the ability of the AI to create complex, narrative-driven scenes from a simple text prompt.",forcing Thanos to apologize before a Spider-Man-led group assault,https://x.com/xai_42/status/2021637349247951131,2026-02-11T17:27:58.000Z,"{""name"":""xAi✨"",""link"":""https://x.com/xai_42""}",[],[],"[{""id"":""698d7440abd280000417af1e"",""url"":""https://video.twimg.com/amplify_video/2021637276485201920/vid/avc1/1304x734/pgP8_8h-VBxPDaAY.mp4?tag=21"",""thumbnail"":""https://pbs.twimg.com/amplify_video_thumb/2021637276485201920/img/GCPERLUn0qdoxyy3.jpg"",""caption"":null}]"
206,Multimodal Video Generation Instruction,"The instruction used in Seedance 2.0 to generate a video based on a detailed text description provided in a reference image, due to character limits in the text input.",Generate a video based on the text description in the reference image.,https://x.com/iamluokai/status/2021405178667336020,2026-02-11T02:05:25.000Z,"{""name"":""luokai"",""link"":""https://x.com/iamluokai""}",[],[],"[{""id"":""698ee750f5eb6d00048e7a17"",""url"":""https://video.twimg.com/amplify_video/2021404884256673792/vid/avc1/720x1280/AEZQZgkdTFtCqvf1.mp4?tag=21"",""thumbnail"":""https://pbs.twimg.com/amplify_video_thumb/2021404884256673792/img/WztnjEhCNFBhJJ_g.jpg"",""caption"":null}]"
205,Lumpen Hobo Woman with Chains Prompt,"The user shares a prompt used while testing Seedance 2.0, a generative tool they believe will change the world of news. The prompt describes a female version of a 'Lumpen Hobo' character, featuring an old, battered cat and attention-grabbing chains.","Lumpen, Hobo, version mujer, gato viejo cascoteado, con cadenas para llamar la atención con cadenas",https://x.com/Lo_Mauro/status/2021637023329923462,2026-02-11T17:26:41.000Z,"{""name"":""Mauro L マウロ"",""link"":""https://x.com/Lo_Mauro""}",[],[],"[{""id"":""698ee7c0f5eb6d00048e7a60"",""url"":""https://video.twimg.com/amplify_video/2021604773447766016/vid/avc1/1920x1080/DUN82J3OO0dpfO_6.mp4?tag=21"",""thumbnail"":""https://pbs.twimg.com/media/HA4vcaDXwAEmsYg.jpg"",""caption"":null}]"
201,Seedance 2.0 Prompt Structure for Cinematic Video Generation,"This entry provides several structured examples of 'magic prompts' for Seedance 2.0, emphasizing the use of multimodal references (images, videos, audio) for high-quality, cinematic, and realistic video output, suitable for Reels, ads, and trailers.","Référence @ Image1 pour l’apparence ; copie EXACTEMENT la caméra @ Video1 ; sync @ Audio1. [Narration]. Cinématique, fluide, réaliste.

🎶 Danse beat-sync

Fille @ Image1 danse comme @ Video1, zoom Hitchcock, musique @ Audio1. Lumière dramatique, grain film.

🎬 Action ciné

Homme @ Image2 combat dans un ascenseur, orbite caméra @ Video2, étend 10s avec climax.

📱 Pub produit (UGC)

Produit @ Image3, travelling fluide @ Video3, musique upbeat @ Audio2. Style smartphone naturel.

🏃 One-shot cinématique

De @ Image1 à @ Image5, tracking continu d’un coureur montant vers un toit. Réaliste, dynamique.",https://x.com/fabienr34/status/2021718906549817705,2026-02-11T22:52:03.000Z,"{""name"":""Fabien SEO ✳️"",""link"":""https://x.com/fabienr34""}","[""https://pbs.twimg.com/media/HA6Wk2FbsAMkrf8.jpg""]","[""https://pbs.twimg.com/media/HA6Wk2FbsAMkrf8.jpg""]",[]
199,One Piece Inspired Video Prompt: Loki Saves Hostages,"A detailed, narrative prompt inspired by One Piece chapter 1174, describing a dramatic scene where child hostages are about to fall into the sea, only to be saved by Loki, who transforms into a giant black dragon. The scene culminates with Loki, Gear 5 Luffy, and Ragnir (in squirrel form) preparing for battle against MMA monsters.","人質の子供たちは歩くのを止められず、着実に港の端と、船の破壊によって海の雲に開いた穴へと近づいていく。
ソマーズは「死んでも構わない、後でまた別の巨人族の子供たちを攫えばいい」と言う。  リプリーと子供たちの家族たちは必死に止めようとするが、止められないと悟り、子供たちを抱きしめる――そして全員が落ちる。  だが……！！！
ロキが現れ、彼らを救う。
彼は巨大な黒い龍に変身し、空から全員を掴み取る（この章ではロキの悪魔の実の名前は明かされていない）。  章の最後は、龍形態のロキ、ギア5のルフィ、そしてリス形態のラグニールがロキの頭の上に乗り、
MMAモンスターたちへ攻撃を仕掛ける準備が整った姿で締めくくられる。",https://x.com/cheryblackcloud/status/2021632514427859109,2026-02-11T17:08:46.000Z,"{""name"":""Cherry Blackcloud"",""link"":""https://x.com/cheryblackcloud""}",[],[],"[{""id"":""698ee7bcf5eb6d00048e7a5d"",""url"":""https://video.twimg.com/amplify_video/2021631662975856642/vid/avc1/1470x630/VlDmWsLuRbXQtK2j.mp4?tag=21"",""thumbnail"":""https://pbs.twimg.com/amplify_video_thumb/2021631662975856642/img/KPn8bPrFBgryaxp3.jpg"",""caption"":null}]"
196,Dongbei Sweet Girl Livestream Video Prompt,"A detailed, multi-scene prompt for Seedance 2.0 to generate a 15-second vertical video (9:16) featuring a 'Northeast Sweet Girl' performing a slow-roll MC routine in a high-end, cyberpunk-style livestream studio, complete with specific character descriptions, scene breakdowns, actions, atmosphere, and visual effects.","【风格】抖音/快手竖屏(TikTok Portrait 9:16)，高端网红直播间(High-end Livestream Studio)，赛博朋克霓虹光，4K画质，东北喊麦慢摇风(Dongbei MC Slow Roll)，节奏感极强。
【时长】15秒
【BGM设定】《夜巴黎》DJ慢摇版。
【角色】
1. 主角：东北甜妹（Northeast Sweet Girl），长相极度甜美可爱（双马尾/大眼睛），但穿搭是“甜酷风”（粉色毛绒外套+紧身吊带），戴着巨大的水钻耳机，手持专业电容麦。
2. 配角：两名黑衣小弟（Backups），戴着墨镜，面无表情，站在甜妹身后左右两侧，像保镖一样酷。

[00:00-00:05] 镜头1：甜妹起范儿(The Intro)。
画面：灯光聚焦在甜妹脸上。她对着镜头甜甜地笑了一下，然后瞬间眼神变得犀利（进入喊麦状态）。
动作：她随着“动次打次”的重低音节奏，单手压着耳机，身体开始有韵律地左右慢摇（Swaying）。
背景：身后两个黑衣小弟神同步地开始点头、晃肩膀，动作整齐划一，压迫感十足。
【氛围】高端、迷离、纸醉金迷。

[00:05-00:10] 镜头2：夜巴黎高潮(The Climax)。
画面：直播间背景的大屏幕上打出绚丽的霓虹字“夜巴黎(Night Paris)”和埃菲尔铁塔的激光投影。
动作：甜妹双手握麦，表情陶醉且自信，身体大幅度跟着节奏摇摆。身后的两个小弟配合着做“摇手花”的动作，气氛拉满。
【视觉细节】空气中飘散着金色的彩带和香槟色的光斑，灯光随着节奏疯狂闪烁。

[00:10-00:15] 镜头3：排面拉满(The Finale)。
画面：镜头稍微拉远，展示整个豪华直播间。
动作：甜妹对着镜头比了一个极其帅气的“开枪”手势（Wink）。身后的两个小弟同时从怀里掏出墨镜戴正，然后双手抱胸，酷到没朋友。
【特效】满屏的虚拟礼物特效（跑车、游艇）在甜妹周围炸开，画面定格在三人最酷的Pose上。",https://x.com/johnAGI168/status/2021489421338448045,2026-02-11T07:40:10.000Z,"{""name"":""John"",""link"":""https://x.com/johnAGI168""}",[],[],"[{""id"":""698ee7acf5eb6d00048e7a4d"",""url"":""https://video.twimg.com/amplify_video/2021488898019647488/vid/avc1/720x1280/m9lAI8BnMVweCA7p.mp4?tag=21"",""thumbnail"":""https://pbs.twimg.com/amplify_video_thumb/2021488898019647488/img/Bv58nbFLq-YtVqnG.jpg"",""caption"":null}]"
195,Indian Tollywood Action Blockbuster Scene,"A prompt for generating a high-energy, exaggerated action sequence in the style of an Indian Tollywood blockbuster, featuring anti-gravity physics, slow-motion ramps, and a protagonist who effortlessly sends dozens of goons and even a jeep flying with minimal effort.","【风格】
印度泰卢固语动作大片(Tollywood Action Blockbuster)，极致夸张的物理特效(Anti-gravity Physics)，慢动作升格与快慢镜切换(Ramp-mo)，尘土飞扬，史诗感BGM氛围，无血腥，重点展示冲击力。

【时长】15秒

【场景】
一个尘土飞扬的废弃采石场或建筑工地，阳光强烈，风很大。

【角色】
主角（Hero）：留着标志性胡须，戴着墨镜，穿着牛仔夹克，走路带风，神情极度自信霸气。
对手（Goons）：几十个穿着杂乱衣服的打手，主要作用是被打飞。

【分镜详解】
[00:00-00:05] 镜头1：神之登场与杂兵起飞(The Hero Entry)
画面：极度慢动作（Super Slow-mo）。主角慢悠悠地走来，身后是狂风卷起的漫天黄沙。
动作：他随意地抬手一挥（看起来没怎么用力）。
特效奇观：仅仅是掌风，就让冲在最前面的五个打手像断了线的风筝一样，违反物理定律地向后高高飞起（至少飞出15米高），在空中慢动作旋转。

[00:05-00:10] 镜头2：牛顿定律失效(Physics Defied)
画面：快慢镜切换。主角瞬间加速冲入人群。
动作：主角一记回旋踢。被踢中的目标瞬间撞倒身后的十个人，形成多米诺骨牌效应。
特效奇观：巨大的冲击波让地面炸开一圈尘土。所有的打手在接触到主角拳脚的瞬间，都伴随着大量的白色粉尘（代替血液）夸张地向四周弹射飞出，撞碎周围的木箱和道具。

[00:10-00:15] 镜头3：终极神力(The Ultimate Power Move)
画面：主角摘下墨镜，对着镜头邪魅一笑（Blinking Moment）。
动作：一辆吉普车向他冲来。他不躲不闪，正面抬脚一踹。
特效奇观：吉普车在接触他脚尖的瞬间，像玩具车一样被垂直踢飞到空中翻滚，零件四散。主角在漫天掉落的汽车零件和飞舞的打手背景中，淡定地重新戴上墨镜，整理发型。",https://x.com/johnAGI168/status/2021472044295070168,2026-02-11T06:31:07.000Z,"{""name"":""John"",""link"":""https://x.com/johnAGI168""}",[],[],"[{""id"":""698ee7b3f5eb6d00048e7a53"",""url"":""https://video.twimg.com/amplify_video/2021471833107607552/vid/avc1/1280x720/Xi4CAwKYSat1TvFb.mp4?tag=21"",""thumbnail"":""https://pbs.twimg.com/amplify_video_thumb/2021471833107607552/img/o6mQFuwGq2uD2lWs.jpg"",""caption"":null}]"
194,Horror Short Film Prompt: The Glitch in the Mirror,"A detailed, multi-shot prompt for a 15-second pseudo-documentary/horror short film about a young woman brushing her teeth, where her reflection in the mirror exhibits independent, unsettling behavior, creating a suspenseful 'glitch' effect.","【风格】伪纪录片（Vlog Style），超写实主义，固定机位实拍感，自然光，带有一点点悬疑惊悚色彩。 
【时长】15秒 
【主角（记得传参考图）】一个性感的年轻人美女，在自家卫生间洗漱台前准备洗漱睡觉。 
[00:00-00:06] 镜头1：日常铺垫（Normalcy）。 场景：普通的卫生间大镜子前。 动作：主角正在对着镜子刷牙，满嘴泡沫。她一边刷牙一边对着镜子做各种搞怪的鬼脸（挤眉弄眼）。 关键细节：此时镜子里的倒影完全正常，动作同步。 
[00:06-00:11] 镜头2：BUG出现（The Glitch）。 动作：主角刷完牙，低头吐掉泡沫，然后转身准备离开卫生间。 高能时刻（核心爆点）：就在主角真身已经转身离开镜子画面范围的时候，镜子里的那个“倒影”竟然**没有动**！那个“倒影”依然保持着刷牙的姿势，甚至还坏笑着冲着镜头挑了一下眉毛，停留了整整2秒钟，才突然惊慌失措地“闪屏”追上本体的动作消失。 导演备注：要做出极其真实的“网络延迟”感，倒影有独立意识的感觉。 
[00:11-00:15] 镜头3：惊悚回马枪（The Punchline）。 动作：已经走到门口的主角似乎感觉到了不对劲，猛地回头看向镜子。 结果：镜子此时已经完全恢复正常，空空荡荡，只照出对面的墙壁。主角一脸茫然且后怕，对着房间里环视了一下，露出惊悚的表情。画面在主角的懵逼脸中定格（恐怖片效果）。",https://x.com/msjiaozhu/status/2021777584913363052,2026-02-12T02:45:13.000Z,"{""name"":""MapleShaw"",""link"":""https://x.com/msjiaozhu""}",[],[],"[{""id"":""698ec036130262000482f637"",""url"":""https://video.twimg.com/amplify_video/2021777486888284160/vid/avc1/1112x834/fNme-S0d-q5_XRx_.mp4?tag=21"",""thumbnail"":""https://pbs.twimg.com/amplify_video_thumb/2021777486888284160/img/e7W0p68tCjcUuZXq.jpg"",""caption"":null}]"
193,Xianxia Animated Film Battle Script: Han Li vs. Wang Lin,"A detailed, four-scene script prompt for a 15-second, high-energy duel in the style of a Chinese Xianxia (immortal hero) animated film. The prompt features a battle between the characters Han Li (with golden flying swords) and Wang Lin (with a massive cyan phantom hand and a black sphere of destruction), emphasizing ultra-fine 3D CG rendering and a strong gold/cyan color contrast.","中国仙侠动画电影风格，超精细3D CG渲染，15秒高燃对决镜头，金青双色调强烈对比。0-3秒：大远景，混沌虚空中两道流光从画面两侧极速对冲——左侧金光中隐约可见一名身着青灰色道袍的中年修士，面容沉静如水，手持一柄
  绿小剑，正是韩立；右侧青黑色煞气中一名白发黑袍的清瘦男子负手而立，眼眸深邃如古井，周身萦绕灭世之气，正是王林，两人遥遥对视，虚空因双方气场碰撞而龟裂，伴随低沉的雷鸣。4-8秒：韩立掐诀催动青竹蜂云剑，七十
  二柄飞剑化为漫天剑雨如金色暴风般席卷而去；王林右手一指，身后凝聚出一只遮天蔽日的青色巨手虚影，巨手迎着剑雨一掌拍下，剑气与掌力碰撞的瞬间爆发出金青双色的能量洪流，冲击波向四面扩散撕裂虚空，伴随金属碰撞
  与空间破碎声。9-12秒：定格慢放，韩立身后浮现金色万佛虚影，双目金光大盛，万剑归宗凝聚为一道百丈金色剑光直劈而下；王林双眸中闪过一抹疯狂，口中低吼""天地若不容我，我便逆了这天！""，右手高举，一颗旋转的黑色
  球在掌心凝聚，散发出扭曲空间的毁灭气息，两股终极之力正面撞击，时间仿佛静止。13-15秒：能量大爆炸，画面白光吞噬一切后缓缓消散，烟尘中两个身影背对背伫立在碎裂的虚空中，衣袍残破，各自喘息，韩立淡淡开口""阁
  的逆天之术，韩某佩服""，王林嘴角浮现一丝笑意，音效收束为虚空碎片坠落的清脆声与渐弱风声。",https://x.com/songguoxiansen/status/2021591223505662201,2026-02-11T14:24:41.000Z,"{""name"":""松果先森"",""link"":""https://x.com/songguoxiansen""}",[],[],"[{""id"":""698d7432abd280000417af1a"",""url"":""https://video.twimg.com/amplify_video/2021590883737731074/vid/avc1/1280x720/xF0DLOgejELzq_Cq.mp4?tag=21"",""thumbnail"":""https://pbs.twimg.com/amplify_video_thumb/2021590883737731074/img/8IgaOINR7LeVsEIN.jpg"",""caption"":null}]"
191,Gothic Cathedral Battle: Warrior vs. Black Dragon,"A detailed, multi-shot prompt for Seedance 2.0 (and Kling 3.0 comparison) describing a 15-second, fast-paced battle sequence in a ruined Gothic cathedral. The prompt specifies the setting, characters (female warrior and black-armored warrior), action choreography across five distinct time segments, camera movements (shaking, close-ups), and dramatic effects (dragon fire, collapsing pillars).","用图片中的三个角色和场景制作一场战斗【场景设定】 哥特式大教堂废墟，石柱倾颓，暮光透过破碎彩窗，尘埃飘浮。 第0-3秒： 女战士持矛警戒前行，镜头跟随其背影推进。突然，黑龙从阴影中猛扑，利爪撕裂地面石板，碎石爆溅。女战士翻滚闪避，长矛划出弧光。镜头剧烈震颤，龙吼震荡教堂。 第4-6秒： 黑甲战士冲入，盾牌猛击龙首侧面，金属撞击骨骼的沉闷轰鸣。龙头被撞向一侧，利齿甩出唾液飞沫。快速切至女战士，她借势跃起，矛尖直刺龙颈鳞片缝隙，火花迸溅。镜头跟随矛尖冲击瞬间。 第7-9秒： 黑龙暴怒甩尾横扫，尾刃斩断石柱。柱体轰然倒塌，砸向两名战士。黑甲战士举盾硬扛，盾面凹陷，双脚在地面犁出深痕。女战士低身滑行穿过碎石雨，长矛在地面摩擦出火星。龙翼展开遮蔽光线，教堂陷入阴影。 第10-12秒： 女战士猛刺龙腹，矛身深陷。黑龙痛苦仰首咆哮,颈部膨胀,喉咙涌动红光。黑甲战士察觉危险，冲刺抱摔女战士向后翻滚。下一瞬,龙炎喷涌而出,火柱吞没两人刚才位置,石板融化成岩浆。镜头在热浪中扭曲变形。 第13-15秒： 两名战士同时发动终结。黑甲战士从侧翼盾击龙颈关节，女战士正面全力投掷长矛，矛身旋转穿透龙喉。黑龙身体僵直，重重砸落地面，震起漫天灰尘。镜头拉远定格：两名战士喘息伫立，巨龙横尸教堂中央，破碎彩窗透入的暮光照亮战场废墟。快速转黑。 ￼ 【风格说明】 • 快节奏剪辑，无慢动作 • 撞击时镜头剧烈晃动，灰尘爆裂 • 近距离特写捕捉武器与鳞甲碰撞瞬间 • 全程保持昏暗哥特氛围，火光与暮光交织 • 音效：金属碰撞、龙吼、石柱崩塌、火焰呼啸 【镜头运动】 跟随推进 → 震颤特写 → 横摇扫射 → 热浪扭曲 → 拉远定格",https://x.com/john87445528/status/2021391303259431011,2026-02-11T01:10:16.000Z,"{""name"":""John"",""link"":""https://x.com/john87445528""}",[],[],"[{""id"":""698ee7a1f5eb6d00048e7a47"",""url"":""https://video.twimg.com/amplify_video/2021390357498413056/vid/avc1/1920x1080/D6UlJB1R9zezvGCP.mp4?tag=21"",""thumbnail"":""https://pbs.twimg.com/amplify_video_thumb/2021390357498413056/img/Rfrb6duxOF60J01w.jpg"",""caption"":null}]"
190,Sun Wukong vs. Son Goku: Cross-Style Dimensional Battle,"A highly complex, 15-second prompt for Seedance 2.0 (or Kling) detailing a cross-dimensional battle between the classical Chinese mythological Sun Wukong (Monkey King) and the Japanese anime character Son Goku (Dragon Ball). The prompt specifies contrasting art styles (cel-shaded vs. Chinese realism), a multi-shot sequence, dialogue, and the dramatic collision of their ultimate moves (Kamehameha vs. Ruyi Jingu Bang) leading to a merged new world.","15秒跨画风对决镜头，左侧日漫赛璐璐风格与右侧中国神话写实风格剧烈对比。0-3秒：大远景，画面正中央一道次元裂缝从天而降将画面一分为二——左侧是龙珠式的赤色岩土荒原，金发超级赛亚人状态的孙悟空单手叉腰站立，橙色战斗服紧绷肌肉线条，周身环绕金色的超级赛亚人闪电气焰；右侧是云雾缭绕的花果山，身穿锁子黄金甲、头戴凤翅紫金冠、手持如意金箍棒的古典孙悟空伫立山巅，身后祥云缭绕，两人隔裂缝对视，裂缝边缘因画风冲突而闪不稳定，伴随低沉的时空扭曲声。4-8秒：两人同时喊话——日漫悟空""你这家伙，长得跟我很像啊！""声线是少年热血动漫音，古典悟空""大胆妖猴，竟敢冒俺老孙名号！""声线是浑厚戏曲腔。两人同时冲出裂缝交错，日漫悟空一记龟派气功轰出粉蓝色能量波，古典悟空挥舞金箍棒使出一记横扫千军，能量波与金箍棒碰撞的瞬间产生画风撕裂效果——两股力量交织处画面像素化闪烁、色块崩塌重组，伴随龟派气功的""Ka-me-ha-me-HA""怒吼声与金箍棒破空的呼啸。9-12秒：定格慢放，日漫悟空开启自在极意功，全身银灰气息缭绕眼神变为冷静的银灰色，动作如闪电般闪现绕到古典悟空身后；古典悟空火眼金睛骤然亮起金红光芒，身形化作残影法天象地——身躯暴涨至百丈大小，手中金箍同步变大如擎天之柱，一棒当头砸下。13-15秒：银灰气息的极速拳影与擎天金箍棒在画面中央正面碰撞，冲击波撕裂了次元裂缝，龙珠荒原与花果山同时被能量洪流吞没，画面白光过后烟尘散去，两个背对背的身影矗立在融合后的新世界——山川与荒原交织的奇异地形，日漫悟空挠头笑说""好厉害的力量，下次再打过""，古典悟空轻捋猴须点头""待俺老孙也换个地方耍耍""，音效收束为两人同时大笑的爽朗笑声与渐弱风声。",https://x.com/songguoxiansen/status/2021508348433301926,2026-02-11T08:55:22.000Z,"{""name"":""松果先森"",""link"":""https://x.com/songguoxiansen""}",[],[],"[{""id"":""698ee79bc058fc00040fb9d6"",""url"":""https://video.twimg.com/amplify_video/2021507974414671873/vid/avc1/1280x720/NFHHTfMtoYDWq049.mp4?tag=21"",""thumbnail"":""https://pbs.twimg.com/amplify_video_thumb/2021507974414671873/img/e0X71YaFSGpM6l4Z.jpg"",""caption"":null}]"
189,Live-Action Anime Adaptation: Water vs. Thunder Breathing Duel,"A highly detailed, 15-second prompt for generating a live-action adaptation of an anime-style duel, featuring 'Water Breathing' (blue water dragon) versus 'Thunder Breathing' (golden lightning). The prompt specifies the style (Hollywood live-action, dark samurai, 4K, fast cuts), scene setting (misty forest under moonlight), and three distinct, action-packed shots detailing character actions, special effects, and the final collision of powers.","真人漫改·呼吸法决战（15秒·超燃特效版）
【核心看点】：水之呼吸（蓝色水龙） VS 雷之呼吸（金色闪电），真人极速对决。

【风格】：好莱坞真人漫改电影质感，暗黑武士风，4K超清，极速快剪，粒子光效炸裂，无血腥。
【时长】：15秒
【场景】：月光下的迷雾森林，地面泥泞，落叶纷飞。

[00:00-00:05] 镜头1：水调歌头·起式（蓄力感）
画面：一名身穿绿黑格子羽织（外套）的少年武士，在月光下压低重心，双手握刀。
动作：他深吸一口气，周围的空气瞬间凝固。随着他拔刀出鞘，一条巨大的、由高压水流凝聚而成的蓝色水龙凭空出现，环绕着他的身体和刀刃高速旋转，发出流水的轰鸣声。
特效细节：水流具有真实的水花飞溅感，照亮了黑暗的森林。

[00:05-00:10] 镜头2：雷霆一闪·突进（极速感）
画面：对面的对手，一名披着黄色三角纹羽织的金发剑客，身体压得极低，做出了居合斩（拔刀术）的姿势。
动作：地面突然炸裂，他整个人瞬间化作一道刺眼的金色雷电残影，以肉眼无法捕捉的速度在树林间呈“之”字形极速折射突进。
特效细节：经过的地方，空气中残留着金色的电弧和被烧焦的落叶。

[00:10-00:15] 镜头3：水雷交轰·绝响（大招对撞）
画面：极速对冲。少年武士挥舞着巨大的蓝色水龙迎面斩下，金发剑客化身雷电迎面撞上。
动作：两把刀在画面中心猛烈碰撞。
特效奇观：蓝色的水龙与金色的雷电瞬间炸开，形成一个巨大的水雷能量风暴向四周扩散。周围的大树被能量波拦腰震断，泥水和光芒遮蔽了镜头。画面在极致炫目的蓝黄白光中结束。",https://x.com/johnAGI168/status/2021610292979876208,2026-02-11T15:40:28.000Z,"{""name"":""John"",""link"":""https://x.com/johnAGI168""}",[],[],"[{""id"":""698ee794f5eb6d00048e7a32"",""url"":""https://video.twimg.com/amplify_video/2021609784789880832/vid/avc1/1280x720/qpPUPa0rWbOOQqSU.mp4?tag=21"",""thumbnail"":""https://pbs.twimg.com/amplify_video_thumb/2021609784789880832/img/XoOOhs3hE2pm2oqB.jpg"",""caption"":null}]"
188,Fantasy Romance Short Drama Script: 'Good Luck Descends',"A detailed, multi-shot prompt structured as a short drama script for Seedance 2.0, utilizing the 'All-Reference' feature for character consistency. The script outlines a fantasy romance story where a stressed office worker (male lead) is visited by a tall, glowing 'Goddess of Luck' (female lead), transforming his mundane office into a fantastical scene of auroras and cloud seas.","提示词类型：短剧分镜脚本/视频生成

画面比例：9:16 (竖屏)

画面风格：都市奇幻，由实转虚，高清晰度，影视级布光，粒子特效，治愈系。

【角色设定】

男主：身穿深蓝色西装，表情原本焦虑，身高普通，代表现实世界的“打工人”。

女主：身穿白色T恤短裤，身材极高，扎着麻花辫，全身散发着柔和的白色光晕，代表高维度的“幸运女神”。

【剧情分镜与对白】

镜头1：中景。

画面内容：男主站在灰暗的办公室里，手里拿着一堆报表，眉头紧锁，看起来压力很大。周围空气也是灰蒙蒙的。

字幕/对白：“这项目太难了，谁能来救救我...”

镜头2：特写转全景。

画面内容：一束暖光突然打在男主旁边。镜头上拉，展示女主超高的身姿。她凭空出现，仿佛是从漫画里走出来的，带着灿烂的笑容。

字幕/对白：“听说有人在许愿？”

镜头3：双人中景，身高差互动。

画面内容：男主惊讶地抬头（必须体现这种仰视的呆萌感）。女主微微弯腰，手指轻轻一点男主手中的文件。

视觉特效：指尖触碰处，金色的魔法粒子炸开。

镜头4：场景变换（奇幻时刻）。

画面内容：随着金色粒子扩散，原本沉闷的办公室背景瞬间消失，变成了绚丽的极光和云海。男主的西装变得崭新笔挺，表情从焦虑变成了惊喜。

字幕/对白：“以后，你的运气我包了。”

镜头5：近景，对视。

画面内容：两人在云海背景中对视。女主俏皮地眨眼，男主害羞地挠头。

氛围：画面充满了粉色和金色的气泡，极度唯美。

镜头6：定格结尾。

画面内容：两人并肩站立的背影，面前是璀璨的未来都市夜景。

字幕特效：大字显示《好运降临》。",https://x.com/johnAGI168/status/2021575161917448307,2026-02-11T13:20:52.000Z,"{""name"":""John"",""link"":""https://x.com/johnAGI168""}",[],[],"[{""id"":""698ee797f5eb6d00048e7a33"",""url"":""https://video.twimg.com/amplify_video/2021574970292199426/vid/avc1/720x1280/k0IUtg1_wbr6hsDg.mp4?tag=21"",""thumbnail"":""https://pbs.twimg.com/amplify_video_thumb/2021574970292199426/img/qQxy1DXwSopmp4J_.jpg"",""caption"":null}]"
187,Cinematic Wuxia Duel in a Bamboo Forest,"A detailed, multi-shot prompt for Seedance 2.0 designed to generate a 15-second cinematic video of a classic Wuxia (martial arts) duel. The prompt specifies style, duration, character descriptions (a swordswoman in fiery red and a scholar in white with modern glasses), scene setting, and six distinct camera shots with precise actions, visual effects (sparks, slow motion), and emotional beats.","【风格】经典武侠电影-【竹林余墨】，超高速摄影（High-speed Cinematography），真人实拍与CG结合，强烈的视觉冲击，节奏较快，用“冷色调”来增强竹林的深邃感。【时长】15秒 【角色】 身着烈焰红裙的剑客，动作轻盈如燕，剑气凌厉。白衣素雪的斯文儒生，戴着现代框架眼镜，但手中双刃稳如磐石。【场景】在寂静的翠色竹林深处，一场跨越时空的对决正在上演。这不是一场你死我活的厮杀，而是一场关于速度与分寸的较量。【00:00 - 00:01】镜头1：特写 (Close-up)，【动作】两把寒光闪烁的长剑在竹林背景下猛烈碰撞，火星溅出，金属质感极强。剑刃交锋, 慢动作, 金属光泽。【00:01 - 00:03】镜头2：中景 (Medium Shot)，【动作】红衣女子快速旋转闪避，白衣男子挥剑追击。背景是密集的翠绿竹林，落叶纷飞。武侠动作, 飘逸, 速度感, 汉服。【00:03 - 00:05】镜头3：低角度仰拍 (Low Angle)，【动作】红衣女子向后滑行，贴地躲过致命一击。地面尘土飞扬，镜头跟随移动。滑行, 惊险躲避, 动态构图。【00:05 - 00:08】镜头4，中远景 (Mid-Long Shot)，【动作】两人在竹林空地站定，白衣男子以双剑锁住红衣女子的攻势，剑尖直指喉咙。僵持, 压迫感, 对峙。【00:08 - 00:11】镜头5，极特写 (ECU)镜头，【动作】对准两人的上半身，长剑横在女子颈部。女子眼神坚定，男子神情冷静（戴眼镜）。眼神交流, 紧张氛围, 细节刻画。【00:11 - 00:14】镜头6，全景到特写 (Wide to CU)，【动作】两人错身而过，背对站立。镜头切换至特写，一缕被斩断的发丝在空中缓缓飘落。意境, 断发, 优雅收尾, 慢动作。",https://x.com/sunny6_c/status/2021495905640178079,2026-02-11T08:05:56.000Z,"{""name"":""月亮大虾C.ly"",""link"":""https://x.com/sunny6_c""}",[],[],"[{""id"":""698ee793f5eb6d00048e7a31"",""url"":""https://video.twimg.com/amplify_video/2021495563360010244/vid/avc1/1916x1440/ucKONqa1fpfZfGz9.mp4?tag=21"",""thumbnail"":""https://pbs.twimg.com/amplify_video_thumb/2021495563360010244/img/J-DjEco8ey0dM6UP.jpg"",""caption"":null}]"
186,Political Satire Short Film: The 'Nothing' Hero's Ride,"A detailed, multi-scene prompt for Seedance 2.0, structured as a short film script with dialogue and camera instructions, depicting a satirical narrative. A confident figure on horseback rides through a wealthy neighborhood, expecting a warm welcome, only to be completely ignored by a crowd rushing past him to a Chinese steamed bun shop, leading to a moment of self-mockery and a defiant ending.","场景1：骑马狂奔 + 热情人群迎面而来（0:00-0:08，8秒）
• 地点：温哥华豪宅区主弯曲道路（宽阔柏油路，两侧大型独立豪宅、常绿松树覆盖薄雪）
• 主体：身穿深色西装的骑马者策马全速奔驰，白马四蹄腾空、鬃毛飞扬
• 环境：轻雪飘落，豪宅建筑掠过，远处北岸山脉与海洋轮廓
• 人群：前方突然出现一大群热情支持者（多元族裔年轻人），挥舞黄色龙旗 + “Nothing”标牌，高喊欢呼，朝骑马者方向涌来
• 镜头：正面中速跟拍 → 切换到骑马者视角（POV），人群越来越近
• 氛围：高潮延续，骑马者满脸自信笑容，准备收缰（手已抬向缰绳，姿态放松，嘴角上扬）
场景2：反转——人群直接穿过，无视骑马者（0:08-0:14，6秒）
• 地点：同一道路，转角处出现一家中式包子铺（招牌“庆风包子铺”，温暖灯光，外摆区域有简易塑料桌椅，蒸汽升腾）
• 主体：骑马者正准备招手致意，结果人群对他视若无睹，直接从他两侧/身旁狂奔穿过，冲向包子铺门口排队/涌入
• 动作：骑马者笑容僵住，手停在半空，表情从期待转为错愕/凌乱（风吹乱头发，西装下摆晃动）
• 细节：人群高喊“包子！包子！”，黄色龙旗乱晃，“Nothing”标牌被挤到一边；白马被迫小步停顿或侧身避让
• 镜头：快速横摇/广角，展现人群如潮水般绕过骑马者（马匹在画面中央被“穿过”），骑马者孤零零留在中间
• 氛围：荒诞反转，尴尬凌乱，黑色幽默高潮
场景3：包子铺外吃包子对话（0:14-0:20，6秒）
• 地点：庆风包子铺外摆区域（塑料桌椅，热气腾腾的蒸笼，背景豪宅区道路）
• 主体：两个普通年轻人（穿羽绒服）坐在排队座位上，大口吃包子
• 动作：一人咬一口包子，满足闭眼“哎，真香。”（镜头特写包子咬开热气/汁水）
• 对话：

第一个人（边吃边望向道路）：他是谁啊？
第二个人（若有所思，嚼着包子，望着远处）：Nothing。
• 镜头：中景双人镜头 → 轻微推近脸部表情（满足+淡定），背景隐约可见骑马者远去的背影
• 氛围：接地气、反差萌，点题“nothing”

场景4：骑马者自嘲潇洒，继续远去（0:20-0:30，10秒）
• 地点：豪宅区宽阔延伸道路（笔直向前，豪宅群渐远）
• 主体：骑马者骑在马上，表情从凌乱转为自信一笑
• 动作：右手伸入西装胸兜，掏出一个包装三明治，狠狠咬一口（汁水/面包屑飞溅），然后潇洒甩头一笑，用缰绳轻抽白马，继续向前奔跑
• 环境：豪宅建筑群在背景逐渐缩小，道路两侧常绿树林与支持者（现在已停下）只能远望挥手，远处温哥华式山海天际线（雪雾朦胧）
• 细节：白马尾巴摆动，轻雪路面留下马蹄印，三明治咬痕清晰，骑马者嘴角带笑，自信满满
• 镜头：从近景（咬三明治特写） → 缓慢拉远成极远景，低角度拍摄，强化“无所谓”的孤高英雄感；最后淡出
• 氛围：自嘲却潇洒，英雄不羁，象征性结束（“Nothing”也能继续前行）",https://x.com/john87445528/status/2021706240272069021,2026-02-11T22:01:43.000Z,"{""name"":""John"",""link"":""https://x.com/john87445528""}",[],[],"[{""id"":""698ee79ef5eb6d00048e7a46"",""url"":""https://video.twimg.com/amplify_video/2021705960675241984/vid/avc1/1920x1080/ufWD2prtOUgUwDZt.mp4?tag=21"",""thumbnail"":""https://pbs.twimg.com/amplify_video_thumb/2021705960675241984/img/_c2WiqehLPtLyc7z.jpg"",""caption"":null}]"
185,Equestrian Charge in Vancouver Luxury District,"A detailed, multi-scene prompt for a video depicting a figure in a dark suit riding a white horse through a high-end Vancouver neighborhood in winter, followed by supporters waving flags. The prompt specifies locations, actions, camera work (low angle, close-up tracking), and atmosphere.","场景1：豪宅大门前策马狂奔（0:00-0:05，5秒）
• 地点：温哥华西区顶级豪宅正门前（大型庄园式别墅，石材/木结构大门，宽阔车道入口，常绿树篱环绕）
• 主体：身穿深色西装的人物策马从豪宅大门疾驰而出
• 马匹动作：白马四蹄腾空，鬃毛飞扬，以快步或小跑姿态猛冲而出
• 环境：冬季，轻雪被马蹄溅起飞扬，豪宅建筑清晰可见（大落地窗、木石结合、多层露台），远处北岸山脉或海洋轮廓隐现，常绿松树覆盖薄雪
• 人群：两侧支持者闪避让路同时挥舞黄色龙旗（蓝色龙图案+日之丸元素）欢呼，举“Nothing”白色标牌
• 镜头：正面拍摄，白马直冲镜头，动感强烈（轻微低角度强化冲击力）
• 氛围：凌厉出场，势不可挡，高端私密社区的震撼登场

场景2：群众追赶特写（0:05-0:09，4秒）
• 地点：豪宅区林荫私家弯曲道路旁
• 主体：支持者群体追着马匹奔跑（年轻人为主，穿冬季羽绒服/大衣）
• 动作：边跑边高举双手、呐喊、挥拳，试图跟上马速，有些人差点跌倒但仍兴奋追逐
• 标识：黄色龙旗 + “Nothing”白色标牌被人举着奔跑（标牌晃动）
• 背景：豪宅外墙与常绿松树快速掠过，轻雪雾气或树影模糊晃动，远处山峦掠过
• 镜头：跟拍特写，镜头轻微晃动营造紧迫感与速度（手持式或快速推拉）
• 氛围：追逐狂热，急促激动，社区居民的狂热响应
场景3：豪宅侧面飞驰横穿（0:09-0:15，6秒）
• 地点：豪宅侧面景观车道或草坪延伸区域（侧面可见大露台、泳池边或花园，常绿树篱）
• 主体：人物骑白马以疾驰状态横穿画面
• 马匹动作：全速奔跑，四蹄离地瞬间清晰可见，马尾如旗帜飘扬，雪花被溅起
• 环境：豪宅侧面快速掠过（木石墙面、多层窗户模糊化），左侧相邻豪宅与常绿森林，背景山海天际线掠过
• 人群：后方支持者举“Nothing”标牌 + 黄色龙旗追赶但逐渐落后，有些人停下挥手高喊
• 镜头：侧面高速跟拍，运动模糊强化速度感（马匹横扫画面，背景虚化）
• 氛围：风驰电掣，无人可挡，奢华社区中的英雄疾驰",https://x.com/john87445528/status/2021545550772924579,2026-02-11T11:23:12.000Z,"{""name"":""John"",""link"":""https://x.com/john87445528""}",[],[],"[{""id"":""698ee7b1f5eb6d00048e7a52"",""url"":""https://video.twimg.com/amplify_video/2021544640902561792/vid/avc1/1920x1080/QXlr4twE5mXBU7Xq.mp4?tag=21"",""thumbnail"":""https://pbs.twimg.com/amplify_video_thumb/2021544640902561792/img/nBPYL6RG-hWRnno_.jpg"",""caption"":null}]"
183,Harry Potter Final Battle Scene,"A prompt for a time-travel scene featuring a young female reporter live reporting from the epic final battle of Harry Potter, focusing on the duel between Harry and Voldemort with colliding spells and magical energy.","Time-travel scene, a young female reporter holding a handheld camera, live reporting from the epic final battle of Harry Potter, Hogwarts under siege, Harry Potter and Voldemort fiercely dueling with magic, spells colliding in mid-air, sparks and magical energy flying",https://x.com/fy360593/status/2021480692899582073,2026-02-11T07:05:29.000Z,"{""name"":""DanFei"",""link"":""https://x.com/fy360593""}",[],[],"[{""id"":""698ee786c058fc00040fb9c8"",""url"":""https://video.twimg.com/amplify_video/2021473797648547844/vid/avc1/1280x720/W2wxlMnagAh0gFZ4.mp4?tag=21"",""thumbnail"":""https://pbs.twimg.com/amplify_video_thumb/2021473797648547844/img/GVbvDXS9r5BLhlSH.jpg"",""caption"":null}]"
182,Sci-Fi Transformation Scene: Ancient Goddess to Cyberpunk Warrior,"A detailed, multi-shot prompt for Seedance 2.0, outlining a cinematic transformation sequence. It transitions a serene, ancient salt lake goddess into a neon-lit cyberpunk warrior, specifying film settings, core concepts, and six distinct camera shots and actions.","【影片设定】电影级质感，IMAX画幅，ARRI Alexa 65mm，高对比度，赛博朋克美学，8K分辨率。

【核心概念】时空折叠。从古老纯净的盐湖神女，瞬间觉醒为未来都市的霓虹战士。

镜头1：全景，缓慢推镜头。 画面极静。少女身穿红白民族盛装，戴银饰，伫立在如镜面的白色盐湖。阳光圣洁，背景雪山连绵，风吹衣角，神性满满。

镜头2：超特写（ECU），匹配剪辑。 镜头急速推进至少女眼睛。瞳孔瞬间放大，瞳孔中映射出倒退的数字流和蓝色数据光效。

镜头3：跳切，故障艺术干扰。 画面瞬间被强烈的霓虹光撕裂。白色的盐湖背景瞬间变成雨夜中闪烁的赛博城市全息广告牌。

镜头4：中景，低角度仰拍。 视觉重击。她依然站在画面中央，但民族长袍已变成高科技反光机能服。原本的银质头饰变成了金属流光耳机。

镜头5：特写，光影流转。 雨水落在她脸上，反射着粉紫色的霓虹灯光。她对着镜头冷冷一笑，伸手戴上护目镜，气场全开。

镜头6：大远景，定格。 她站在摩天大楼顶端俯瞰整个钢铁森林，身后是巨大的全息投影鲸鱼游过。字幕：“觉醒·未来”。

时长：10秒 | 风格：好莱坞顶级商业片 | 视觉冲击：极强",https://x.com/johnAGI168/status/2021577731826213121,2026-02-11T13:31:05.000Z,"{""name"":""John"",""link"":""https://x.com/johnAGI168""}",[],[],"[{""id"":""698ee790c058fc00040fb9d4"",""url"":""https://video.twimg.com/amplify_video/2021577419434450944/vid/avc1/1470x630/_QLO_cd33ajid7LL.mp4?tag=21"",""thumbnail"":""https://pbs.twimg.com/amplify_video_thumb/2021577419434450944/img/tBpf68G0reC7SuOe.jpg"",""caption"":null}]"
181,New Amsterdam Simulator,"A prompt used with Seedance 2.0 to generate a video simulating New Amsterdam (current day New York City) as it appeared in 1670, aiming for a slightly stylized, game-like look.",New Amsterdam (current day New York City) Simulator,https://x.com/levelsio/status/2021587482349895747,2026-02-11T14:09:49.000Z,"{""name"":""@levelsio"",""link"":""https://x.com/levelsio""}",[],[],"[{""id"":""698d7408ca371f0004dac61e"",""url"":""https://video.twimg.com/amplify_video/2017057646117818368/vid/avc1/1446x1080/2FcZCFoXcbOluZf5.mp4?tag=21"",""thumbnail"":""https://pbs.twimg.com/amplify_video_thumb/2017057646117818368/img/OPUuWkP3qzoBYZYd.jpg"",""caption"":null}]"
180,Dragon Ball Super Moro Arc Anime,"A prompt used to generate a full anime episode vibe, specifically referencing the Dragon Ball Super Moro arc, using Seedance 2.0.",Dragon Ball Super manga → animated Moro arc magic.,https://x.com/DataInsightsIN/status/2021506359850881182,2026-02-11T08:47:28.000Z,"{""name"":""Data Insights India"",""link"":""https://x.com/DataInsightsIN""}",[],[],"[{""id"":""698ee750f5eb6d00048e7a16"",""url"":""https://video.twimg.com/ext_tw_video/2021506309020106752/pu/vid/avc1/640x360/gFIc9fEdjik1I03d.mp4?tag=19"",""thumbnail"":""https://pbs.twimg.com/ext_tw_video_thumb/2021506309020106752/pu/img/apbwGqYdXV8tUc2Y.jpg"",""caption"":null}]"
179,Magical Transformation Scene,"A detailed, multi-shot prompt describing a scene where a woman kneels on a bridge, her eye glows with magical energy, followed by a rapid zoom-out as she launches into the air.","The woman kneels down slowly onto the wooden bridge. Camera zooms in tightly to an extreme close-up of her left eye, which begins glowing intensely with bright magical energy. Camera switch. Camera rapidly zooms out as she launches powerfully upward into the air, her body",https://x.com/CoffeeVectors/status/2021463701421699374,2026-02-11T05:57:58.000Z,"{""name"":""CoffeeVectors"",""link"":""https://x.com/CoffeeVectors""}","[""https://pbs.twimg.com/media/HA2uhSGaUAASH-t.jpg""]",[],"[{""id"":""698d741fca371f0004dac629"",""url"":""https://video.twimg.com/amplify_video/2021397409461329920/vid/avc1/1280x720/J-5Zcd1MNCCI3j-K.mp4?tag=21"",""thumbnail"":""https://pbs.twimg.com/amplify_video_thumb/2021397409461329920/img/5E9w_U_QnjYwaYmD.jpg"",""caption"":null}]"
178,Will Smith Fighting a Spaghetti Monster in an 80s Action Movie Style,"An example prompt structure used to generate a cinematic video scene featuring Will Smith fighting a spaghetti monster. The prompt specifies an epic 80s action movie genre, an industrial factory setting, and includes directives for dramatic camera work, lighting, and film texture.","Will smith fighting a spaghetti monster, Epic 80s action movie scene , industrial factory setting, intense fight choreography, dramatic camera cuts, cinematic lighting, slow motion moments, practical effects, film grain texture, high tension",https://x.com/sudoSoftAI/status/2021679124511678523,2026-02-11T20:13:58.000Z,"{""name"":""S0FT"",""link"":""https://x.com/sudoSoftAI""}","[""https://pbs.twimg.com/media/HA5yb5kbsAASxIT.jpg""]",[],"[{""id"":""698d7422ca371f0004dac62a"",""url"":""https://video.twimg.com/amplify_video/2021406472593145856/vid/avc1/1280x720/8NzAutaQgxhfSGEW.mp4?tag=21"",""thumbnail"":""https://pbs.twimg.com/amplify_video_thumb/2021406472593145856/img/kl0EgHYE0zS3aVXc.jpg"",""caption"":null}]"
175,Argument and Departure Scene Prompt,"A prompt describing a dramatic scene where a man and woman argue about leaving the planet, culminating in the woman slapping the man and storming off towards a distant rocket. This prompt was used for video generation.","the man and woman agrue about going off-planet, the man says something insulting, she slaps him and storms off, he turns towards the rocket in the distace",https://x.com/gavinpurcell/status/2021396920284086660,2026-02-11T01:32:36.000Z,"{""name"":""Gavin Purcell"",""link"":""https://x.com/gavinpurcell""}","[""https://pbs.twimg.com/media/HA1xwVraAAgtoHq.jpg"",""https://pbs.twimg.com/media/HA1xxeRaAAIeWqx.jpg""]",[],"[{""id"":""698d7424ca371f0004dac62b"",""url"":""https://video.twimg.com/amplify_video/2021396617904148480/vid/avc1/1280x720/oF8szHxQgta7kSOT.mp4?tag=21"",""thumbnail"":""https://pbs.twimg.com/amplify_video_thumb/2021396617904148480/img/a6rEmu04yimQcZKV.jpg"",""caption"":null}]"
173,Brad Pitt and Tom Cruise Fighting a Robot,A prompt for generating a video where Brad Pitt and Tom Cruise team up to fight a common robotic enemy.,"Bratt Pitt and Tom Cruise put their differences aside to fight their common enemy, some robot or whatever",https://x.com/RuairiRobinson/status/2021495548256436304,2026-02-11T08:04:30.000Z,"{""name"":""Ruairi Robinson"",""link"":""https://x.com/RuairiRobinson""}",[],[],"[{""id"":""698ee780c058fc00040fb9c3"",""url"":""https://video.twimg.com/amplify_video/2021495292953284609/vid/avc1/1470x630/iw0g3QCX47isHNWr.mp4?tag=21"",""thumbnail"":""https://pbs.twimg.com/amplify_video_thumb/2021495292953284609/img/8f3uPVc2ZAC9Mxp8.jpg"",""caption"":null}]"
170,Action Sequence of Fighter Pilots in Airborne Combat,"A detailed prompt for generating an intense action sequence video featuring top-tier fighter pilots engaged in modern airborne combat. The scene includes multiple dynamic shots, focusing on ultra-fast aerial maneuvers, close-ups of the pilots' reactions, and their hands operating the controls.","Action sequence of top-tier fighter pilot doing airborne combat in modern fighter jets. Multiple shots of ultra-fast and intense aerial combat, switching to close-up profile shots of the pilots' reactions, their hands doing gear/switch changes, and",https://x.com/XCaliber/status/2021733224838574311,2026-02-11T23:48:57.000Z,"{""name"":""𝕏Caliber"",""link"":""https://x.com/XCaliber""}",[],[],"[{""id"":""698ee77df5eb6d00048e7a2f"",""url"":""https://video.twimg.com/amplify_video/2021732921095467010/vid/avc1/1920x1080/y79Kx51HBLDrqo8O.mp4?tag=21"",""thumbnail"":""https://pbs.twimg.com/amplify_video_thumb/2021732921095467010/img/DkfZVx--YrC0hMe0.jpg"",""caption"":null}]"
168,South Indian Movie Scene Prompt,"A prompt that generated a movie scene resembling a South Indian film but featuring aliens, created using a single prompt in Seedance 2.0.",a movie scene from a south indian movie with aliens in it,https://x.com/_arohan_/status/2021480314254786608,2026-02-11T07:03:58.000Z,"{""name"":""rohan anil"",""link"":""https://x.com/_arohan_""}",[],[],"[{""id"":""698ee78fc058fc00040fb9d2"",""url"":""https://video.twimg.com/amplify_video/2021479241813196804/vid/avc1/1112x834/nXaZovRKswiW4MGz.mp4?tag=21"",""thumbnail"":""https://pbs.twimg.com/amplify_video_thumb/2021479241813196804/img/OLbRXZWmZCwUsHHk.jpg"",""caption"":null}]"
167,The Flash Director's Prompt,"A highly detailed, multi-part 'Director’s Prompt' used with Seedance 2.0 via ChatCut, describing a complex, dynamic, and cinematic sequence featuring The Flash accelerating and creating a time portal.","Opening Shot:
Extreme close-up on The Flash’s boots touching wet asphalt at night. Raindrops freeze midair as time slows. Golden lightning begins to crawl over his suit, crackling softly.
Camera: Low-angle, slow push-in.
As he leans forward, the world stretches and distorts. On the beat, he launches. The camera snaps into pursuit as he explodes forward in a blinding burst of red and gold lightning, tearing through the city streets. Buildings smear into light trails, traffic lights become streaks of color, thunder rolling underneath the sound design.

DIRECTOR’S PROMPT — PART 2

The Flash accelerates beyond the city, racing across highways, deserts, and oceans in seconds. The curvature of the Earth becomes visible as clouds rip apart beneath him.
Camera: Dynamic tracking shot with heavy motion blur, lightning arcing outward like veins of energy.
Time fractures — day and night collapse into one continuous run. As he reaches maximum velocity, the lightning intensifies into near-white brilliance. He vanishes in a final thunderous flash, leaving only scorched air, fading electricity, and silence.

DIRECTOR’S PROMPT — PART 3

A low, resonant hum builds. The air ahead fractures like glass. A circular portal forms — ancient, unstable — glowing with swirling light and dust, as if time itself is being torn open.",https://x.com/Rufus87078959/status/2021687818188439745,2026-02-11T20:48:31.000Z,"{""name"":""Rufus"",""link"":""https://x.com/Rufus87078959""}",[],[],"[{""id"":""698d7410ca371f0004dac624"",""url"":""https://video.twimg.com/ext_tw_video/2021687496200138752/pu/vid/avc1/960x720/EAb_E77RHRy_n8XN.mp4?tag=19"",""thumbnail"":""https://pbs.twimg.com/ext_tw_video_thumb/2021687496200138752/pu/img/5dvJPMJNeKbkhWXw.jpg"",""caption"":null}]"
165,High Octane Car Chase Prompt,"A simple, high-impact prompt for generating a car chase scene in Seedance 2.0 via the ChatCut app, focusing on action elements.","Car chase, drifting, high octane, F1, collision, explosion.",https://x.com/chatcutapp/status/2021588236565369309,2026-02-11T14:12:49.000Z,"{""name"":""ChatCut"",""link"":""https://x.com/chatcutapp""}",[],[],"[{""id"":""698ee77af5eb6d00048e7a2c"",""url"":""https://video.twimg.com/amplify_video/2021587647597363200/vid/avc1/1920x1080/psW56B1dbj4f6-KY.mp4?tag=21"",""thumbnail"":""https://pbs.twimg.com/amplify_video_thumb/2021587647597363200/img/rDODXEnwg9KKrjp4.jpg"",""caption"":null}]"
164,Cat Spinning and Singing Gorillaz,A surreal and humorous prompt for Seedance 2.0 featuring a cat spinning and singing a version of the Gorillaz song 'Feel Good Inc.' on a floating island.,"""A cat spinning and signing oiiaoiia version of feel good inc on a floating island.""",https://x.com/spinningsensei/status/2021602487195562068,2026-02-11T15:09:27.000Z,"{""name"":""goku"",""link"":""https://x.com/spinningsensei""}",[],[],"[{""id"":""698ee75cf5eb6d00048e7a1f"",""url"":""https://video.twimg.com/amplify_video/2021602397047726080/vid/avc1/720x1280/9ZZlbc9906lBUx7F.mp4?tag=21"",""thumbnail"":""https://pbs.twimg.com/amplify_video_thumb/2021602397047726080/img/MMVUEMOsxvjLjqXc.jpg"",""caption"":null}]"
163,Luffy and Goku Fight on the Sunny,A prompt used in Seedance 2.0 to generate an epic fight scene between the anime characters Luffy and Goku taking place on the Thousand Sunny ship.,Luffy and Goku having an epic fight scene on the sunny.,https://x.com/markgadala/status/2021611931480609139,2026-02-11T15:46:58.000Z,"{""name"":""Mark Gadala-Maria"",""link"":""https://x.com/markgadala""}",[],[],"[{""id"":""698ee751f5eb6d00048e7a18"",""url"":""https://video.twimg.com/amplify_video/2021611717751390208/vid/avc1/1280x720/4-3nH0CtfCHZMfuR.mp4?tag=21"",""thumbnail"":""https://pbs.twimg.com/amplify_video_thumb/2021611717751390208/img/GPvQ-J9m3e9r4dbi.jpg"",""caption"":null}]"
161,Handheld Running Shot with Gold Coins,"A prompt for Seedance 2.0 to generate a handheld running shot of a character with an overflowing bag of gold coins, jumping into water, and having the camera follow the character underwater.","Handheld running shot with an overflowing bag of gold coins, jumping into water, and having the camera follow him underwater.",https://x.com/CoffeeVectors/status/2021713445855355226,2026-02-11T22:30:21.000Z,"{""name"":""CoffeeVectors"",""link"":""https://x.com/CoffeeVectors""}",[],[],"[{""id"":""698eb4fcfcf38c0004af0e3c"",""url"":""https://video.twimg.com/amplify_video/2021713377790230529/vid/avc1/1280x720/dQUgk9w7xhISjq8K.mp4?tag=21"",""thumbnail"":""https://pbs.twimg.com/amplify_video_thumb/2021713377790230529/img/np-x0VyEmG98ntV3.jpg"",""caption"":null}]"
160,Chaos erupts in a Maasai village,An image-to-video test prompt for Seedance 2.0 describing a colossal armored baboon charging through a burning Maasai village and attacking a warrior.,"A colossal armored baboon charges through a burning Maasai village, it picks up and throws a maasai warrior into a burning hut, Maasai warriors are running away in fear amid a storm of fire and debris.",https://x.com/MrDavids1/status/2021686153913463257,2026-02-11T20:41:54.000Z,"{""name"":""Travis Davids"",""link"":""https://x.com/MrDavids1""}",[],[],"[{""id"":""698ee76dc058fc00040fb9c2"",""url"":""https://video.twimg.com/amplify_video/2021685650165055488/vid/avc1/1280x720/1jxBx6MVkyLJgFhi.mp4?tag=21"",""thumbnail"":""https://pbs.twimg.com/amplify_video_thumb/2021685650165055488/img/n_eXNLGsJGmjxVpB.jpg"",""caption"":null}]"
158,SWAT Hostage Negotiation Scene,"A highly detailed, multi-shot cinematic script prompt for Seedance 2.0, specifying camera angles, dialogue, character actions, and technical style (high-shutter speed, handheld shake) for a SWAT hostage situation.","[Shot 1: Frontal Menacing Shot] A medium shot of a SWAT officer in full tactical gear, gas mask, and helmet. He is pointing his assault rifle directly at the camera lens (breaking the fourth wall). He is shouting with visible intensity: ""LET THE HOSTAGE GO! DROP THE WEAPON NOW!"" [Shot 2: The Threat] Cut to a medium shot of the killer in a dirty tank top, holding a woman in a chokehold. He has a pistol pressed to her head. He is sweating and manic, screaming at the off-screen officer: ""STAY BACK! I'LL KILL HER! I SWEAR I'LL DO IT!"" [Shot 3: Over-the-Shoulder Resolution] The camera is positioned directly behind the SWAT officer's right shoulder. We see the back of his helmet and his rifle in the foreground. In the distance (mid-ground), the killer is still visible holding the girl. The killer screams one last time: ""I'M GONNA DO IT!"" after The officer's rifle kicks back with a single sho and hit head enemy. The killer falls instantly. The girl is left standing, shocked but safe. Technical Style: High-shutter speed action, realistic muzzle flashes, handheld camera shake, 24fps, English dialogue.",https://x.com/shikoba_86/status/2021509569831170072,2026-02-11T09:00:13.000Z,"{""name"":""Marco \""Shikoba\"""",""link"":""https://x.com/shikoba_86""}",[],[],"[{""id"":""698ee74bf5eb6d00048e7a12"",""url"":""https://video.twimg.com/amplify_video/2021509298778701824/vid/avc1/1280x720/tWfOdGKjZxbvZTL8.mp4?tag=21"",""thumbnail"":""https://pbs.twimg.com/amplify_video_thumb/2021509298778701824/img/nD6yOxS7pH7CIsHH.jpg"",""caption"":null}]"
157,Ronin vs. Mechanical Beast Cinematic Prompt,"A highly detailed, cinematic prompt for Seedance Pro 2.0 describing a masked ronin fighting a colossal mechanical beast in a dense industrial refinery during a thunderstorm, focusing on dynamic camera work and action sequences.","A dense industrial refinery during a thunderstorm, metal catwalks and pipes forming a maze above a sea of fire and steam. The masked ronin, lit by flashing warning lights, confronts a colossal mechanical beast with hydraulic limbs and a furnace burning in its chest. The camera barrels after the ronin as he sprints along swaying catwalks, the structure groaning and buckling under the monster’s weight. Sparks and steam constantly obscure the frame as the beast’s limbs smash through railings and tanks, causing explosions that hurl the camera off-axis. Quick, shaky close-ups capture the ronin sliding under swinging metal arms and using chains and cables to slingshot himself upward. In the final movement, the camera chases him in a dizzying upward spiral as he climbs the creature’s back, then cuts to a wide but still trembling shot as he plunges his sword into the furnace chest, sending a pillar of flame skyward that silhouettes his figure against the stormy sky.",https://x.com/Dheepanratnam/status/2021412464202502433,2026-02-11T02:34:22.000Z,"{""name"":""Dheepan Ratnam"",""link"":""https://x.com/Dheepanratnam""}",[],[],"[{""id"":""698ee765c058fc00040fb9ba"",""url"":""https://video.twimg.com/amplify_video/2021412186065948672/vid/avc1/1280x720/l4H-xpgm3uO_rRRV.mp4?tag=21"",""thumbnail"":""https://pbs.twimg.com/amplify_video_thumb/2021412186065948672/img/ZvMsREoe153Kn9ox.jpg"",""caption"":null}]"
156,Naruto coding intensely and throwing a laptop,"A detailed text-to-video prompt for Seedance 2.0 depicting Naruto coding in the Hokage's office, becoming frustrated, and eventually hurling his laptop out the window.","Naruto coding intensely on a laptop in the Hokage’s office, growing more and more frustrated, then yelling in rage and hurling it out the window.",https://x.com/junwatu/status/2021474578460180663,2026-02-11T06:41:11.000Z,"{""name"":""DΞV"",""link"":""https://x.com/junwatu""}",[],[],"[{""id"":""698ee769c058fc00040fb9be"",""url"":""https://video.twimg.com/amplify_video/2021472717686616064/vid/avc1/1280x720/fWGg2S-X6VGW9gWl.mp4?tag=21"",""thumbnail"":""https://pbs.twimg.com/amplify_video_thumb/2021472717686616064/img/zsOxSOA7lCx_9LI3.jpg"",""caption"":null}]"
154,Magical Transformation into a Flying Bird,"A test prompt for Seedance 2.0 designed to generate a dynamic, continuous shot sequence. The sequence involves a magical transformation of a subject into a bird, followed by a seamless transition into a flying shot, showcasing the model's ability to handle complex motion and transitions.",A dynamic continuous shot of a magical transformation into a bird and transitioning into a flying shot.,https://x.com/CoffeeVectors/status/2021436278760407497,2026-02-11T04:08:59.000Z,"{""name"":""CoffeeVectors"",""link"":""https://x.com/CoffeeVectors""}",[],[],"[{""id"":""698ee77bf5eb6d00048e7a2d"",""url"":""https://video.twimg.com/amplify_video/2021436208539148288/vid/avc1/1280x720/wO645gcZO-0D1qVe.mp4?tag=21"",""thumbnail"":""https://pbs.twimg.com/amplify_video_thumb/2021436208539148288/img/aDyCxwH2ueQbPJLd.jpg"",""caption"":null}]"
153,Harry Potter vs Voldemort Fight Scene,"A prompt instruction used to generate an action-packed fight scene between Harry Potter and Voldemort, also serving as a mechanism to request early access to Seedance 2.0 within ChatCut.","Generate an action-packed fight scene, between Harry Potter and Voldemort.",https://x.com/chatcutapp/status/2021540132390920592,2026-02-11T11:01:40.000Z,"{""name"":""ChatCut"",""link"":""https://x.com/chatcutapp""}",[],[],"[{""id"":""698ee778f5eb6d00048e7a2a"",""url"":""https://video.twimg.com/amplify_video/2021539609923178496/vid/avc1/1920x1080/AaNU6-p19PDRgn_X.mp4?tag=21"",""thumbnail"":""https://pbs.twimg.com/amplify_video_thumb/2021539609923178496/img/hcWDIvQQq1mIu7Jd.jpg"",""caption"":null}]"
152,Kraken attacks a pirate ship,A hyper-realistic cinematic movie scene prompt for Seedance 2 describing a massive kraken attacking a pirate ship and the captain slicing it with his sword.,"A massive kraken attacks a pirate ship, the captain slices it with his sword.  hyper realistic cinematic movie scene",https://x.com/markgadala/status/2021615497670737953,2026-02-11T16:01:09.000Z,"{""name"":""Mark Gadala-Maria"",""link"":""https://x.com/markgadala""}",[],[],"[{""id"":""698ee76df5eb6d00048e7a20"",""url"":""https://video.twimg.com/amplify_video/2021615385175572480/vid/avc1/1280x720/PbcttTYEUejmmkXH.mp4?tag=21"",""thumbnail"":""https://pbs.twimg.com/amplify_video_thumb/2021615385175572480/img/DbuE-MrKEytgweN_.jpg"",""caption"":null}]"
151,Maltese Dog Winter Olympics Highlight Reel,"A prompt used to generate a coherent, cinematic, and near-perfect video using Seedance 2.0, featuring a Maltese dog competing in various Winter Olympics sports.","Maltese dog competing in a variety of sports at the Winter Olympics, highlight reel",https://x.com/petergostev/status/2021393416865841325,2026-02-11T01:18:40.000Z,"{""name"":""Peter Gostev"",""link"":""https://x.com/petergostev""}",[],[],"[{""id"":""698ee777f5eb6d00048e7a29"",""url"":""https://video.twimg.com/amplify_video/2021393255754010624/vid/avc1/1920x1250/3_vGYQ6Hq8lDrbUc.mp4?tag=21"",""thumbnail"":""https://pbs.twimg.com/amplify_video_thumb/2021393255754010624/img/NqyArDyucCVBhwVe.jpg"",""caption"":null}]"
149,Luffy Coding on Thousand Sunny,"A prompt for Seedance 2.0 depicting the anime character Luffy intensely coding on a MacBook aboard the Thousand Sunny ship, becoming enraged, and throwing the laptop overboard.","luffy coding on a macbook on the Thousand Sunny, RAGING, then throwing it overboard.",https://x.com/birdabo/status/2021514359151947951,2026-02-11T09:19:15.000Z,"{""name"":""sui dev ☄️"",""link"":""https://x.com/birdabo""}",[],[],"[{""id"":""698d740cca371f0004dac621"",""url"":""https://video.twimg.com/amplify_video/2021349487088992256/vid/avc1/1280x720/FhxiDXTEnnrNB5Kf.mp4?tag=21"",""thumbnail"":""https://pbs.twimg.com/amplify_video_thumb/2021349487088992256/img/UuOz0Sck8clBzeLH.jpg"",""caption"":null}]"
148,Bitcoin Destroys the Federal Reserve Anime,"A highly thematic prompt for Seedance 2.0 to create an anime sequence where a massive, glowing Bitcoin symbol (like a Spirit Bomb) is formed and used to destroy the Federal Reserve, ushering in a new financial age.","With both hands raised, floating ₿ panels converge into one massive glowing bitcoin symbol above him like a spirit bomb. the ground beneath cracking with orange light. full anime power-up moment. He then blasts the federal reserve and destroys the existing financial system with bitcoin, replacing it and ushering in a new golden age of orange abundance.",https://x.com/mirthtime/status/2021595661997609201,2026-02-11T14:42:19.000Z,"{""name"":""⚡️Mirthtime ⚡️"",""link"":""https://x.com/mirthtime""}",[],[],"[{""id"":""698ee761c058fc00040fb9b6"",""url"":""https://video.twimg.com/amplify_video/2021595277527003136/vid/avc1/1280x720/jChejCfUXyPAdwmT.mp4?tag=21"",""thumbnail"":""https://pbs.twimg.com/amplify_video_thumb/2021595277527003136/img/Rei11YdPWWQGH31H.jpg"",""caption"":null}]"
147,Annoyed Woman in Hotel Room Scene,"A cinematic prompt describing a live-action sequence where a woman in a bathing suit enters a room, closes the drapes, tracks her movement, and ends with a close-up of her expressing annoyance and dialogue about Italians.","Live-action cinematic sequence. Another young woman, wearing a luxurious black two-piece bathing suit, enters the scene from the left (inside the house) and closes the drapes as they float in the gentle breeze. The woman walks, as the camera tracks her from behind, as she goes inside the room, where a suitcase is open on the bed. The woman is annoyed. We cut to a medium close-up of her. She mumbles to herself: ""Fucking Italians... I hate this place!""",https://x.com/maxescu/status/2021499209749233943,2026-02-11T08:19:03.000Z,"{""name"":""Alex Patrascu"",""link"":""https://x.com/maxescu""}",[],[],"[{""id"":""698ee74cf5eb6d00048e7a13"",""url"":""https://video.twimg.com/amplify_video/2021498687604539392/vid/avc1/1706x1920/OS3dFge9QZKMKFjL.mp4?tag=21"",""thumbnail"":""https://pbs.twimg.com/amplify_video_thumb/2021498687604539392/img/73mG7XV3d1SikVVF.jpg"",""caption"":null}]"
146,Anime Video: Funny Chinese Officer Sequence,"A prompt used with Seedance 2.0's image-to-video feature to generate a short anime sequence featuring a funny Chinese Officer, based on an initial image.",Use Seedance 2.0 to generate an anime video: funny sequence with Chinese Officer,https://x.com/airina_xyz/status/2021561114757345315,2026-02-11T12:25:03.000Z,"{""name"":""AIrina (Virtual Media Net)"",""link"":""https://x.com/airina_xyz""}",[],[],"[{""id"":""698ee755c058fc00040fb9b1"",""url"":""https://video.twimg.com/amplify_video/2021560990781861889/vid/avc1/1934x1080/rPbiRjtEzdBQ3aRQ.mp4?tag=21"",""thumbnail"":""https://pbs.twimg.com/amplify_video_thumb/2021560990781861889/img/vLyPBe-S-MaLG6Lt.jpg"",""caption"":null}]"
145,Rugby Match: Humans vs. Gorillas,"A highly detailed, hyper-realistic prompt for a sports broadcast scene featuring a rugby match between human players and massive silverback gorillas, specifying visual details, lighting, and camera style.","Hyper-realistic live-action sports broadcast footage of a rugby match between human professional players and massive silverback gorillas. The humans are wearing colorful rugby jerseys and cleats. The gorillas are natural, large, and furry. A huge gorilla is running with the ball, charging through a defensive line of human players trying to tackle it. Stadium floodlights, green grass, hyper-detailed textures of fur and human skin. Sweat, dirt, high shutter speed, 4k.",https://x.com/Wujek_AI/status/2021506500150096018,2026-02-11T08:48:02.000Z,"{""name"":""Wujek AI"",""link"":""https://x.com/Wujek_AI""}",[],[],"[{""id"":""698ee74ef5eb6d00048e7a14"",""url"":""https://video.twimg.com/amplify_video/2021506128262123521/vid/avc1/1080x1920/86ljICtsrvJmlADL.mp4?tag=21"",""thumbnail"":""https://pbs.twimg.com/amplify_video_thumb/2021506128262123521/img/-gLvgrKQQ19-ktrR.jpg"",""caption"":null}]"
143,High-End Cinematic Food Reel,"A detailed image-to-video prompt for Seedance 2.0 to create a high-end cinematic food reel based on a reference image, specifying ultra-close macro shots, dynamic micro-cuts, professional lighting, and rich texture definition.","""Create a high-end cinematic food reel video based on the provided reference image, preserving the exact dish, ingredients, plating, textures, and colors. Use ultra-close macro shots with fast, dynamic micro-cuts at 50 frames per second for smooth premium slow motion, including tight push-ins, subtle lateral slides, shallow depth of field, precise focus pulls, and sensory details like steam, glossy sauce, crispy textures, or gentle drizzles if relevant. Lighting should be professional studio food photography with soft highlights, controlled shadows, rich texture definition, and natural warm color grading with high dynamic range. No text overlays""",https://x.com/Saundersnp/status/2021493583224730052,2026-02-11T07:56:42.000Z,"{""name"":""Saunders.N.P"",""link"":""https://x.com/Saundersnp""}",[],[],"[{""id"":""698ee761c058fc00040fb9b7"",""url"":""https://video.twimg.com/amplify_video/2021491818064736256/vid/avc1/1280x720/n02zQIUEV7OuR3D-.mp4?tag=21"",""thumbnail"":""https://pbs.twimg.com/amplify_video_thumb/2021491818064736256/img/5NqvnaS49-c1nT_n.jpg"",""caption"":null}]"
142,Arcane Style Monster Chase,"A prompt for Seedance 2.0 to generate a running scene video in the style of the Arcane animated series, featuring a giant, building-sized monster chasing the subject.","generate a video about  a running scene, behind is a giant monster big as a building with 100 floor is coming close, using Arcane style.",https://x.com/dipperdao/status/2021689147485040917,2026-02-11T20:53:48.000Z,"{""name"":""Dipper"",""link"":""https://x.com/dipperdao""}",[],[],"[{""id"":""698ee75af5eb6d00048e7a1d"",""url"":""https://video.twimg.com/amplify_video/2021688999899996160/vid/avc1/1280x720/CgLuK2Gy2AopPBIn.mp4?tag=14"",""thumbnail"":""https://pbs.twimg.com/amplify_video_thumb/2021688999899996160/img/BbLJdLmZW8GNdpGh.jpg"",""caption"":null}]"
141,Classic Animation Adventure Scene,"A detailed prompt for Seedance 2.0 to create a classic Disney-style animation sequence involving a friendly white wolf and a young woman playing in the snow, leading to a discovery in an ice cavern.","""classic animation in the style of Disney, a friendly white wolf is playing with a beautiful blonde cute young woman in the snow, different cuts. Suddenly they fall into an ice cavern and find a skeleton with a map in the hand""",https://x.com/FragZero/status/2021568010452869227,2026-02-11T12:52:27.000Z,"{""name"":""FragZero"",""link"":""https://x.com/FragZero""}",[],[],"[{""id"":""698ee752c058fc00040fb9af"",""url"":""https://video.twimg.com/amplify_video/2021567837353992192/vid/avc1/1280x720/47UNhbiEdLqOnkCn.mp4?tag=14"",""thumbnail"":""https://pbs.twimg.com/amplify_video_thumb/2021567837353992192/img/5GalnHcMjPnXA2eW.jpg"",""caption"":null}]"
140,Boxers Sparring Cinematic Prompt,"A detailed cinematic prompt for generating a 10-second video of two boxers practice sparring in a gritty gym, emphasizing handheld camera movement, visceral realism, and stable identity.","Handheld shot circling two boxers practice sparring in a gritty gym, purposefully missing each other with their swings. Sweat droplets, sharp impacts, breathing intensity. Shallow depth of field, practical lighting, visceral realism, stable identity. Duration: 10s. Aspect ratio: 16:9. Photoreal cinematic. Single shot unless specified. Avoid text, captions, watermarks, logos. Stress camera movement: smooth parallax, consistent objects, stable faces; no text",https://x.com/AIVideoDotCom/status/2021708002286501951,2026-02-11T22:08:43.000Z,"{""name"":""AIVideoDotCom"",""link"":""https://x.com/AIVideoDotCom""}",[],[],"[{""id"":""698ee76bc058fc00040fb9bf"",""url"":""https://video.twimg.com/amplify_video/2021704429481975808/vid/avc1/1280x720/iZhVDTMQDQn-PUjf.mp4?tag=21"",""thumbnail"":""https://pbs.twimg.com/amplify_video_thumb/2021704429481975808/img/UTUZHGLAknFnqSXW.jpg"",""caption"":null},{""id"":""698ee76bc058fc00040fb9c0"",""url"":""https://video.twimg.com/amplify_video/2021704429481914368/vid/avc1/1920x1088/6WKUneoq5iUPUpig.mp4?tag=21"",""thumbnail"":""https://pbs.twimg.com/amplify_video_thumb/2021704429481914368/img/PDq3hKqv7O48mEez.jpg"",""caption"":null}]"
139,Fashion Montage with Glasses Focus,"A simple prompt used with Seedance 2.0's image-to-video feature to create a quick fashion montage, specifically focusing on the glasses worn in the provided input image.",create a quick fashion montage and focus on the glasses,https://x.com/pfanis/status/2021402352251699638,2026-02-11T01:54:11.000Z,"{""name"":""Fanis"",""link"":""https://x.com/pfanis""}",[],[],"[{""id"":""698ee758f5eb6d00048e7a1c"",""url"":""https://video.twimg.com/amplify_video/2021401845676306432/vid/avc1/960x960/JIfn9bIY--wcbJqi.mp4?tag=21"",""thumbnail"":""https://pbs.twimg.com/amplify_video_thumb/2021401845676306432/img/Hs2XDO0U8VrU3CXd.jpg"",""caption"":null}]"
138,Multi-Character Cabin Seating Prompt,"A complex prompt for Seedance 2.0 that uses multiple reference images and specific instructions for character placement, dialogue, language, and camera work in a continuous shot of a cabin interior.","The numbers in【@图片1】represents row numbers. The numbers are for references only and should be removed in the video. All references must maintain 100% of its art style and character traits. 

Characters of differing art styles walk takes their seats in their respective seats in the cabin. 
【@图片2】sits on the left seat in row 1 as she says happily, ""My seat is 1A."" 
【@图片3】sits on the right seat in row 2 as she says sadly in Japanese, ""My seat is 2C."" 【
@图片4】sits on the right seat in row 3 as she says fearfully in mandarin, ""My seat is 3B."" 
【@图片5】sits on the left seat in row 4 as she says angerly in Spanish, ""My seat is 4D."" 
【@图片6】sits on the left seat in row 5 as she says digusted in cantonese, ""My seat is 5A."" 
【@图片7】sits on the right seat in row 6 as she franticly yells in korean, ""My seat is 6D."" 

Stationary camera. One continuous shot as characters walk in and takes their seats one after another.",https://x.com/PocketScreenAI/status/2021642407964803237,2026-02-11T17:48:05.000Z,"{""name"":""Jason W - AI"",""link"":""https://x.com/PocketScreenAI""}",[],[],"[{""id"":""698ee768c058fc00040fb9bd"",""url"":""https://video.twimg.com/amplify_video/2021640859599745028/vid/avc1/1280x720/9Rjj4yD9sJcSi10z.mp4?tag=21"",""thumbnail"":""https://pbs.twimg.com/amplify_video_thumb/2021640859599745028/img/k-bYJWq0NMw0yJ5v.jpg"",""caption"":null}]"
136,Nature Documentary: Otter Flying an Airplane,"The very first prompt used by the user to test ByteDance's SeeDance 2.0 model, resulting in a humorous nature documentary concept.","""A nature documentary about an otter flying an airplane""",https://x.com/emollick/status/2021409874832392508,2026-02-11T02:24:04.000Z,"{""name"":""Ethan Mollick"",""link"":""https://x.com/emollick""}",[],[],"[{""id"":""698ee756c058fc00040fb9b2"",""url"":""https://video.twimg.com/amplify_video/2021409778233376771/vid/avc1/1280x720/KjTwFkf5iQ7n0Gbm.mp4?tag=21"",""thumbnail"":""https://pbs.twimg.com/amplify_video_thumb/2021409778233376771/img/gOi-KaY9wLUJoTcI.jpg"",""caption"":null}]"
134,Cyberpunk Tokyo Kung Fu Chase,"An extremely detailed, cinematic prompt for Seedance 2.0, originally intended for text-to-video but used for image-to-video, describing a high-speed night chase in cyberpunk Tokyo featuring a character named Cherry Blackcloud performing kung fu and slicing a drone with a katana.","She does the most amazing kung fu. She yells with a Macedonian accent: ""This is See dance 2.0, using only a first frame."" Cinematic night chase in cyberpunk Tokyo rain: matte-black Nissan GT-R Nismo screams down wet neon street at 200 km/h, tires spraying water, headlights cutting through heavy rain. Cherry Blackcloud (20, Macedonian features, jet-black high ponytail whipping, sharp fringe, cybernetic ice-cyan right eye glowing) drives aggressively—fully zipped black McQueen leather jacket on bare skin, short black leather skirt with silver zipper visible, bare legs, chunky black platform boots on pedals, katana strapped to passenger seat. Camera starts wide tracking shot beside the GT-R, then quick push-in through rain-streaked windshield to tight close-up on Cherry’s intense face (left eye dark brown burning, right eye glowing cyan). She glances at rear-view mirror—pursuing drones closing in with red lasers.Cherry (thick Macedonian accent, low & commanding, over engine roar): “They think they can box me in.”She downshifts hard, GT-R fishtails, then launches into a perfect 180° drift—tires screeching, water exploding in arcs. Katana handle glints in cyan dashboard glow. She reaches over, grabs katana mid-drift, opens driver door while sliding sideways, leans out into rain, and slashes a precise arc—katana blade glowing cyan, slicing the lead drone in half in a shower of sparks and molten metal.Cherry (smirking, voice cutting through wind & rain): “Not today.”She snaps the door shut, floors the accelerator—GT-R rockets forward, neon reflections streaking across wet black paint. Camera pulls back fast to wide shot: car vanishing into rainy night, drones exploding behind in orange fireballs. Final frame: Cherry’s cyber-eye flares once as she disappears around a corner. Fade to black. Style & Technical Notes for Seedance 2.0 Photorealistic Hollywood action blockbuster style, ARRI Alexa cinematic look, teal-orange color grade, realistic heavy rain with water droplets and wet reflections on black car and leather, high dynamic range, 60fps, dramatic anamorphic lens flares from neon and explosions, subtle film grain, no artifacts, intense practical stunt choreography, dynamic camera work (tracking, push-in, 180° drift reveal, fast pull-back).",https://x.com/cheryblackcloud/status/2021458861908164800,2026-02-11T05:38:44.000Z,"{""name"":""Cherry Blackcloud"",""link"":""https://x.com/cheryblackcloud""}",[],[],"[{""id"":""698ee75fc058fc00040fb9b5"",""url"":""https://video.twimg.com/amplify_video/2021457104389963776/vid/avc1/720x1280/IEX_vUJeWMRehtyu.mp4?tag=21"",""thumbnail"":""https://pbs.twimg.com/amplify_video_thumb/2021457104389963776/img/rJk0Go7ob0Btzdmr.jpg"",""caption"":null}]"
133,Surreal Ronin Action Scene,"A highly detailed, cinematic prompt for Seedance 2.0 describing a complex action sequence: a masked ronin fighting a colossal winged beast on floating rock islands during a thunderstorm, with specific camera movements and a dramatic finale.","A surreal battlefield in the sky: floating rock islands drifting through a thunderstorm, clouds swirling below like an ocean. The masked ronin dashes across the drifting platforms, pursued by a colossal winged beast whose chest is a swirling vortex of storm clouds and lightning. The camera hurtles from island to island, struggling to keep up as rocks tilt, spin, and crumble away beneath them. Every wingbeat sends shockwaves through the air, shaking the frame and blowing debris and rain straight into the viewer’s face. Rapid handheld cuts capture the ronin leaping impossible gaps, sword carving arcs of light that briefly cut through the darkness. The finale shows the camera diving behind him as he jumps off the last crumbling rock, riding a bolt of lightning directly into the monster’s chest vortex with a final, all-or-nothing slash that explodes the storm from within and clears the sky in a blinding flash.

720p
16:9
15 seconds",https://x.com/Dheepanratnam/status/2021689626092589532,2026-02-11T20:55:42.000Z,"{""name"":""Dheepan Ratnam"",""link"":""https://x.com/Dheepanratnam""}",[],[],"[{""id"":""698ee75cf5eb6d00048e7a1e"",""url"":""https://video.twimg.com/amplify_video/2021379386016980992/vid/avc1/1280x720/XTzydWBr9v3NtL4y.mp4?tag=21"",""thumbnail"":""https://pbs.twimg.com/amplify_video_thumb/2021379386016980992/img/skJ5-Jgj84d1aBfX.jpg"",""caption"":null}]"
132,Cinematic Aerial Shot of Wingsuit Pilot in Alpine Valley,"A detailed, multi-paragraph prompt used to generate a cinematic aerial video sequence using Seedance Pro 2.0, describing a wingsuit pilot diving from a snow-covered mountain peak through an alpine valley.","A cinematic video sequence opening with a serene wide aerial shot of a pristine snow-covered mountain peak at dawn, the summit piercing through a sea of clouds with alpenglow painting the ice formations pink and gold. The camera transitions to follow a wingsuit pilot who leaps from the peak, immediately entering a steep vertical dive through wispy clouds. The tracking shot positions just behind and above the pilot as they accelerate downward, the camera shaking subtly from air turbulence, frost particles streaming past. The pilot pulls into a proximity flight, skimming within meters of sheer cliff faces and jagged ice formations, the camera banking and rolling to match every precise movement. Shadows and light play across the wingsuit's surface as the pilot threads through a narrow ice chimney, walls rushing past in a blur of blue and white. Speed intensifies as they enter a massive glacial valley, weaving between enormous ice pillars and frozen waterfalls, mist and powder snow kicked up in spiraling trails. The pilot executes a dramatic barrel roll around a freestanding ice spire before pulling the parachute at the last possible moment. The camera follows upward through the deceleration, then pulls wide to reveal a breathtaking hidden alpine lake surrounded by untouched snow fields, perfectly still and mirror-like, reflecting the morning sky.",https://x.com/Dheepanratnam/status/2021540019668738238,2026-02-11T11:01:13.000Z,"{""name"":""Dheepan Ratnam"",""link"":""https://x.com/Dheepanratnam""}",[],[],"[{""id"":""698ee779f5eb6d00048e7a2b"",""url"":""https://video.twimg.com/amplify_video/2021538794613141505/vid/avc1/1280x720/MS0tAjsi5YwiFlMR.mp4?tag=21"",""thumbnail"":""https://pbs.twimg.com/amplify_video_thumb/2021538794613141505/img/Skl6qz8Rg-bGgyvv.jpg"",""caption"":null}]"
131,MrBeast YouTube Viral Scene Prompt,"A detailed, multi-section prompt for Seedance 2.0 to generate a high-energy, hyper-saturated 4K video in the style of a MrBeast YouTube viral challenge, including specific scene descriptions and action timings.","[STYLE] MrBeast YouTube Viral, Hyper-Energy, High Saturation, 4K Wide-Angle.
[SCENE] Massive colorful warehouse arena with giant game props.
[ACTION]
00-05s: Close-up of YouTuber in a hoodie screaming with excitement. Cryo-smoke blasts behind him.
05-10s: Camera tracks fast as the crew sprints towards a giant glass vault filled with millions of gold tokens.
10-15s: Slow-motion dive into the token pit. Massive confetti explosion fills the air. Pure chaotic joy.",https://x.com/johnAGI168/status/2021478327525974151,2026-02-11T06:56:05.000Z,"{""name"":""John"",""link"":""https://x.com/johnAGI168""}",[],[],"[{""id"":""698ee767c058fc00040fb9bc"",""url"":""https://video.twimg.com/amplify_video/2021478211494830080/vid/avc1/1280x720/Lw07sGg6TXWE4eK8.mp4?tag=21"",""thumbnail"":""https://pbs.twimg.com/amplify_video_thumb/2021478211494830080/img/xBqPIjgHk8RUItH2.jpg"",""caption"":null}]"
130,Jujutsu Kaisen Fight Club,A prompt for Seedance 2.0 to generate a live-action style video where Tyler Durden explains the rules of Fight Club to characters from the anime Jujutsu Kaisen.,tyler durden explains fight club rules to jujutsu kaisen characters. live action style.,https://x.com/aimikoda/status/2021412326172393760,2026-02-11T02:33:49.000Z,"{""name"":""Aimi Kōda"",""link"":""https://x.com/aimikoda""}",[],[],"[{""id"":""698ee763c058fc00040fb9b9"",""url"":""https://video.twimg.com/amplify_video/2021411710859608068/vid/avc1/1280x720/CMCJZHPzOvRNQh-_.mp4?tag=21"",""thumbnail"":""https://pbs.twimg.com/amplify_video_thumb/2021411710859608068/img/S5mlvhKLBdfWDUTT.jpg"",""caption"":null}]"
129,Dragon Ball show for kids in the style of Paw Patrol,"A creative crossover prompt for Seedance 2.0 generating a less violent, kid-friendly version of Dragon Ball Z in the style of Paw Patrol.",Dragon Ball show for kids in the style of Paw Patrol,https://x.com/LostJudgmentRGG/status/2021486188671205773,2026-02-11T07:27:19.000Z,"{""name"":""the funny™ #REMOVEKAGAWA"",""link"":""https://x.com/LostJudgmentRGG""}",[],[],"[{""id"":""698ee770f5eb6d00048e7a22"",""url"":""https://video.twimg.com/ext_tw_video/2021486061483110400/pu/vid/avc1/640x360/5W-vv4KGOtXGo1ag.mp4?tag=12"",""thumbnail"":""https://pbs.twimg.com/ext_tw_video_thumb/2021486061483110400/pu/img/sFIbRz0pHJh8b4m9.jpg"",""caption"":null}]"
128,Cinematic horror scene with creature attack,"A highly detailed cinematic prompt for Seedance 2.0, specifying camera movement (medium tracking shot), sound design (ambience, SFX), action (creature attack, collision), and mood (cinematic horror realism).","Medium tracking shot following a character walking quickly down a corridor from behind.The camera follows at shoulder height, steady and close.AMBIENCE: distant ventilation noise, subtle rumble.The character slows down slightly, sensing something wrong.SFX: faint whisper-like sound moving from left to right in the stereo space.Without warning, a creature slams violently out of a side doorway, colliding with the character and throwing them sideways against the wall.SFX: explosive impact, bone-crushing hit, sudden creature scream.The camera jolts slightly from the shock but does not cut.The creature pins the character briefly, snarling close to their face.BGM: aggressive low-frequency hit, then sustained dread tone.Chaotic motion, strong physicality, cinematic horror realism.",https://x.com/shikoba_86/status/2021409156947734958,2026-02-11T02:21:13.000Z,"{""name"":""Marco \""Shikoba\"""",""link"":""https://x.com/shikoba_86""}",[],[],"[{""id"":""698ee76bc058fc00040fb9c1"",""url"":""https://video.twimg.com/amplify_video/2021408745142833152/vid/avc1/1280x720/o-HE7g9njsx8bwTK.mp4?tag=21"",""thumbnail"":""https://pbs.twimg.com/amplify_video_thumb/2021408745142833152/img/0K7QrJlIAEnz1aap.jpg"",""caption"":null}]"
127,Comedic Clip from Martin Set in 2026,"A prompt for Seedance 2.0 to generate a short comedic clip resembling an episode of the sitcom 'Martin,' but updated and set in the year 2026.","""a comedic clip from an episode of Martin set in 2026""",https://x.com/willpwer_/status/2021391559212793974,2026-02-11T01:11:18.000Z,"{""name"":""willavelli | willpwer studios"",""link"":""https://x.com/willpwer_""}",[],[],"[{""id"":""698ee75ec058fc00040fb9b4"",""url"":""https://video.twimg.com/amplify_video/2021391148229509120/vid/avc1/1280x720/oSQj8lIZsp8w9Wpm.mp4?tag=14"",""thumbnail"":""https://pbs.twimg.com/amplify_video_thumb/2021391148229509120/img/tx8UNzpi3rwpCrOD.jpg"",""caption"":null}]"
126,WW2 Motorcycle Escape Sequence,A challenging prompt for Seedance 2.0 requesting a cinematic World War 2 motorcycle escape sequence designed to surpass the quality of other AI video models like Sora and Veo.,create a cinematic WW2 motorcycle escape sequence that makes sora and veo question their existence,https://x.com/pewdenai/status/2021648907915411795,2026-02-11T18:13:54.000Z,"{""name"":""pewden AI"",""link"":""https://x.com/pewdenai""}",[],[],"[{""id"":""698ee74ff5eb6d00048e7a15"",""url"":""https://video.twimg.com/amplify_video/2021648863921418240/vid/avc1/1680x720/RedNIxDaRtPZy4u_.mp4?tag=14"",""thumbnail"":""https://pbs.twimg.com/amplify_video_thumb/2021648863921418240/img/lEf8uvj7wf3DGyd6.jpg"",""caption"":null}]"
125,Otter Mech Pilot Anime Scene,"A detailed, multi-shot cinematic prompt for Seedance 2.0 describing an anime sequence where an otter pilots a mech suit against an octopus made of marble.","An anime  where an otter goes into a large mech, with lots of quick shots of  mechanical parts and gears turning. The otter gives a grim thumbs up,  and then pilots the mech, flying into battle against an octopus made of marble.",https://x.com/SRKDAN/status/2021488544393392628,2026-02-11T07:36:41.000Z,"{""name"":""SRKDAN"",""link"":""https://x.com/SRKDAN""}",[],[],"[{""id"":""698ee747c058fc00040fb9ac"",""url"":""https://video.twimg.com/amplify_video/2021488486478381056/vid/avc1/1280x720/_jsH-ahVnmqcKcC3.mp4?tag=21"",""thumbnail"":""https://pbs.twimg.com/amplify_video_thumb/2021488486478381056/img/ResWOqxr5qJf2Xqt.jpg"",""caption"":null}]"
123,Cinematic Rally Car Scene,A short prompt for generating a cinematic action scene featuring an old model rally car driving in snowy weather in Europe during the early 2000s.,"A cinematic race scene. In eu, in the early 2000s, snowy weather, cinematic action, an old model rally car.",https://x.com/WolfRiccardo/status/2021296674539188612,2026-02-10T18:54:15.000Z,"{""name"":""Riccardo Wolf"",""link"":""https://x.com/WolfRiccardo""}",[],[],"[{""id"":""698d4b1bb458d30004b28ca3"",""url"":""https://video.twimg.com/amplify_video/2021296467517030400/vid/avc1/1162x654/goWnqU-mJgW35cCT.mp4?tag=21"",""thumbnail"":""https://pbs.twimg.com/amplify_video_thumb/2021296467517030400/img/RU2B7i0Kky9o8Kbo.jpg"",""caption"":null}]"
122,Peacock Spirit Character Design Prompt,"A detailed character design prompt for a male peacock spirit, specifying long bob hair, retaining existing character design, costume, and decoration details, rendered in the style of a high-quality Japanese full-color anime film with dramatic, cinematic lighting and frequent cuts, likely intended for a video generation model like Seedance.",１男性（A）、雄孔雀の精霊、長めのボブヘア、キャラクターデザインを保持、衣装と装飾品のデザインを保持、高品質、日本のフルカラーアニメ映画、ライティングをドラマチックに演出、シネマティック、カット数多め,https://x.com/Iwajun211/status/2021389348097360289,2026-02-11T01:02:30.000Z,"{""name"":""iwajun"",""link"":""https://x.com/Iwajun211""}",[],[],"[{""id"":""698ee7baf5eb6d00048e7a5b"",""url"":""https://video.twimg.com/amplify_video/2021388722693193728/vid/avc1/1280x720/LOHW0KWKz7uwUoly.mp4?tag=21"",""thumbnail"":""https://pbs.twimg.com/amplify_video_thumb/2021388722693193728/img/AP43irQFbzzq2Z4U.jpg"",""caption"":null}]"
121,Director-Level Camera Movement Prompt,"This tweet highlights the fourth feature of Seedance 2.0: director-level camera work, allowing users to request specific camera movements (push, pull, pan, tilt) and automatic shot division logic. The provided example prompt generates a continuous tracking shot following a runner through a building to a rooftop view.",@图片1@图片2@图片3，一镜到底的追踪镜头，从街头跟随跑步者上楼梯、穿过走廊、进入屋顶，最终俯瞰城市。,https://x.com/XuekaiGao/status/2021067623404834818,2026-02-10T03:44:05.000Z,"{""name"":""xuekaiGao"",""link"":""https://x.com/XuekaiGao""}","[""https://pbs.twimg.com/media/HAxFsy0aAAUxY67.jpg"",""https://pbs.twimg.com/media/HAxFwt0aoAAO12Z.jpg"",""https://pbs.twimg.com/media/HAxF86GbsAAnqmD.jpg""]","[""https://pbs.twimg.com/media/HAxFsy0aAAUxY67.jpg"",""https://pbs.twimg.com/media/HAxFwt0aoAAO12Z.jpg"",""https://pbs.twimg.com/media/HAxF86GbsAAnqmD.jpg""]","[{""id"":""698d4b194f43b70004da4e96"",""url"":""https://video.twimg.com/amplify_video/2021066938974339075/vid/avc1/1280x720/ykkFtJ4afgZslpkl.mp4?tag=14"",""thumbnail"":""https://pbs.twimg.com/amplify_video_thumb/2021066938974339075/img/P4XviR3qHF3_g_3h.jpg"",""caption"":null}]"
120,Refined Portrait Generation Prompt,"A detailed prompt fragment for generating a highly refined portrait of a woman in a private bathroom setting, emphasizing intense afternoon sunlight, a relaxed posture, and elegance, based on a user-provided portrait.","Based on <User Portrait>, an exquisitely refined woman positioned at a private bathroom vanity, bathed in intense afternoon sunlight. Her posture is relaxed and languid, yet retains an unmistakable sense of elegance",https://x.com/Reclyo/status/2021111181285654678,2026-02-10T06:37:10.000Z,"{""name"":""Reclyo | 記憶の現像"",""link"":""https://x.com/Reclyo""}","[""https://pbs.twimg.com/media/HAxt3UMaAAAggZ9.jpg""]",[],"[{""id"":""698d4b174f43b70004da4e95"",""url"":""https://video.twimg.com/amplify_video/2021110495466618880/vid/avc1/1280x720/fFVVbwkScPblUX3t.mp4?tag=21"",""thumbnail"":""https://pbs.twimg.com/amplify_video_thumb/2021110495466618880/img/zns_7ln9ZiSi9IbZ.jpg"",""caption"":null}]"
119,Photorealistic Concert Scene Generation,"A detailed prompt for Seedance 2.0 to generate a photorealistic video of a sold-out concert at Madison Square Garden, focusing on the emotional climax of the lead singer.","Photorealistic shot of a sold-out concert at Madison Square Garden. The lead singer drops to her knees at the edge of the stage, hitting the final note of the ballad with tears streaming down her face, with mic hold in her hands (no standing mic), as 20,000 fans hold up their phone flashlights and the entire arena falls into a breathless silence before erupting into applause.",https://x.com/lynneatyoumind/status/2021192432122200116,2026-02-10T12:00:02.000Z,"{""name"":""Lynne Lau"",""link"":""https://x.com/lynneatyoumind""}",[],[],"[{""id"":""698d4b134f43b70004da4e94"",""url"":""https://video.twimg.com/amplify_video/2021169273746657280/vid/avc1/834x1112/6rNpNMpyrLAbpI1J.mp4?tag=21"",""thumbnail"":""https://pbs.twimg.com/amplify_video_thumb/2021169273746657280/img/NGk4vltXghPxZ46J.jpg"",""caption"":null}]"
118,Neo-Chinese Wuxia Ink Style Combat: Black Ink Warrior vs. Red Assassin,"A highly detailed prompt for generating a 15-second, fast-paced Wuxia combat scene in a Neo-Chinese ink painting style. The video uses fluid ink particle effects, high-speed cinematography, and a stark black, white, and red color palette. The climax involves the characters breaking the 'fourth wall' from the ink painting into the real world.",【风格】新国风武侠（Neo-Chinese Wuxia），水墨流体粒子特效（Ink Fluid Simulation），超高速摄影（High-speed Cinematography），真人实拍与CG结合，黑白红三色视觉冲击，节奏极快。 【时长】15秒 【角色】 黑衣墨客（Black Ink Warrior）：动作刚猛，每一击都如泼墨山水般沉重。 红衣刺客（Red Assassin）：动作轻灵诡异，如朱砂点漆般锐利。 【场景】一个纯白的虚无空间，地面铺满宣纸。 [00:00-00:05] 镜头1：静极思动（The Awakening）。 极静到极动。画面最初是一幅静止的黑白水墨画，两个墨点对峙。突然，古琴声炸裂。 【动作】两个墨点瞬间化为真人的残影冲向对方。黑衣人一记重拳轰出，空气中瞬间炸开一团浓重的黑色墨汁（代替烟尘），墨汁在空中凝固成刚劲的书法笔触。红衣人侧身闪避，手中匕首划出一道鲜艳的朱砂红线。 [00:05-00:10] 镜头2：狂草对决（Ink Combat Choreography）。 超高速快剪（Rapid Cuts）。两人展开令人眼花缭乱的近身格斗（武术指导级动作）。 【视觉奇观】每一次肢体碰撞（拳脚相加），都不是肉体的声音，而是墨汁飞溅的爆炸声。黑衣人的扫堂腿带起一片黑色的墨浪海啸；红衣人的腾空连环踢在空中留下红色的残影轨迹。地面上的宣纸被他们的步伐撕裂，墨迹晕染。 [00:10-00:15] 镜头3：破壁一击（Breaking the Dimension）。 慢动作升格。两人同时使出绝招对撞。黑色的墨龙拳与红色的朱雀刃在空中死死抵住。 【高能时刻】巨大的能量让整个二维的水墨世界崩塌。镜头猛地拉远，发现他们竟然打破了“次元壁”，从一幅挂在墙上被撕裂的水墨画中“跌落”到了现实世界的木地板上，周围环绕着尚未散去的墨韵和纸屑，两人保持着最后的格斗姿态定格喘息。,https://x.com/johnAGI168/status/2021121739455934644,2026-02-10T07:19:07.000Z,"{""name"":""John"",""link"":""https://x.com/johnAGI168""}",[],[],"[{""id"":""698d4b124f43b70004da4e93"",""url"":""https://video.twimg.com/amplify_video/2021121513445863424/vid/avc1/2560x1440/jiuZiyP3T4ieJYW-.mp4?tag=21"",""thumbnail"":""https://pbs.twimg.com/amplify_video_thumb/2021121513445863424/img/DTVaAHvgqZ2RlNq7.jpg"",""caption"":null}]"
117,Girlfriend POV Vlog: Taipei Sunset Date,"A prompt for generating a 15-second vertical POV vlog video, simulating the perspective of a boyfriend being filmed by his Taiwanese girlfriend. The style is handheld, with a film grain filter, set during the golden hour sunset by the Tamsui River in Taipei, featuring specific dialogue and actions typical of a cute, slightly complaining Taiwanese accent.","【风格】极致第一人称女友视角(Ultimate Girlfriend POV)，手持自拍VLOG，竖屏(9:16)，胶片感滤镜(Film Grain)，自然光(夕阳黄金时刻)，镜头有自然的晃动和调整。
【时长】15秒
【主角】台湾女生，长发微卷，穿着温柔的针织开衫，妆容清透，说话语气软糯、带点撒娇和抱怨的口音(台湾腔)。
【场景】台北淡水河岸边，背景是金色的夕阳、波光粼粼的河面和远处的情人桥。

[00:00-00:05] 镜头1：赶路与抱怨(The Rushed Intro)。
画面：镜头晃动得比较厉害，因为她在快走。她一边走一边回头看镜头（看你），眉头微皱，假装生气。
动作：一只手举着手机，另一只手还要压住被风吹乱的头发。
【台词/口型】（软糯抱怨音）：“欸你走快一点啦！太阳快要下山了捏！都是你拖拖拉拉的，等一下拍不到好看的照片我要生气喔！”

[00:00-00:10] 镜头2：绝美景色分享(Sharing the View)。
画面：她停下脚步，把镜头从自己脸上移开，转向河对岸绝美的金色夕阳（Golden Hour）。
动作：镜头展示了2秒景色，然后马上又转回对准她的脸。她的脸被夕阳照得金灿灿的，露出超级开心的笑容，眼睛眯成一条缝。
【台词/口型】（惊叹音）：“哇～你快看！有没有超美！这个光线真的绝了，随便拍都好看！”

[00:10-00:15] 镜头3：互动与结尾(The Interaction)。
画面：她手里突然多了一支淡水特有的超高霜淇淋。
动作：她先把霜淇淋举到镜头前（喂你），然后自己快速舔了一口，鼻尖不小心沾到一点冰淇淋。她对着镜头傻笑。
【台词/口型】（调皮音）：“呐，第一口先给你吃。快点，要融化了啦！嘻嘻，今天的约会算你及格！”",https://x.com/johnAGI168/status/2021252179923787806,2026-02-10T15:57:27.000Z,"{""name"":""John"",""link"":""https://x.com/johnAGI168""}",[],[],"[{""id"":""698d4b104f43b70004da4e91"",""url"":""https://video.twimg.com/amplify_video/2021251646379130883/vid/avc1/720x1280/UADORU3uZM3LD6yV.mp4?tag=21"",""thumbnail"":""https://pbs.twimg.com/amplify_video_thumb/2021251646379130883/img/1vxeS_qwSINYbDn0.jpg"",""caption"":null}]"
116,Elemental Clash Action Scene: Magma General vs. Fire Youth,"A prompt for generating a 15-second modern fantasy action film trailer with Hollywood blockbuster special effects. It details a high-contrast, slow-motion battle between two elemental characters—a Magma General and a Fire Youth—in the ruins of an ancient fortress, culminating in a massive elemental explosion.",【风格】现代玄幻动作片，好莱坞大片特效，高对比度冷暖光，4K超清，慢动作升格。 【时长】15秒 【场景】崩塌的古代要塞废墟，浓烟滚滚。 【角色】 红衣大将（Magma General）：身穿红色军大衣，戴着棒球帽，表情冷酷，整条右臂化为流动的暗红岩浆。 火焰少年（Fire Youth）：赤裸上身，戴着牛仔帽，肌肉线条流畅，右拳缠绕着旋转的橙色烈焰。 [00:00-00:05] 镜头1：熔岩具象化（The Magma Fist）。 特写。红衣大将冷漠地抬起右手。他的整条手臂瞬间元素化，变成了粘稠、沉重、滴落着高亮熔岩的**实体岩浆巨拳**。 【物理细节】滚烫的岩浆滴落在地面，发出“滋滋”声，石头被瞬间融化成红色的液体。黑烟升腾。 [00:05-00:10] 镜头2：烈焰充能（The Fire Spiral）。 特写/侧拍。火焰少年嘴角上扬，眼神不屈。他猛地握紧右拳，一股狂暴的**橙色螺旋火焰**瞬间从手臂喷发而出，照亮了他满是汗水的侧脸。 【物理细节】因为高温，他周围的空气发生剧烈扭曲（Heat Haze），原本飘舞的衣角被热浪定格。 [00:10-00:15] 镜头3：宿命对轰（Elemental Clash）。 全景/冲击波。两人同时冲向对方挥出重拳。沉重的暗红岩浆拳与轻盈狂暴的烈火拳在画面中心猛烈对撞。 【安全特效】没有血腥，只有纯粹的**元素爆炸**。岩浆吞噬了部分火焰，炸出一个巨大的环形冲击波（Shockwave），将地面的碎石和灰尘瞬间震飞，画面在刺眼的红橙色白光中结束。,https://x.com/johnAGI168/status/2021118040583094648,2026-02-10T07:04:26.000Z,"{""name"":""John"",""link"":""https://x.com/johnAGI168""}",[],[],"[{""id"":""698d4b0e4f43b70004da4e90"",""url"":""https://video.twimg.com/amplify_video/2021117875012956160/vid/avc1/2560x1440/Lx1kOouwPcI7CORM.mp4?tag=21"",""thumbnail"":""https://pbs.twimg.com/amplify_video_thumb/2021117875012956160/img/P9q5_oterPkTiw-L.jpg"",""caption"":null}]"
115,Wuxia Fantasy Epic: Sword Saint vs. Blade Demon,"A prompt for generating a 15-second Chinese Wuxia fantasy film with cinematic special effects. It depicts an epic battle between a white-robed Sword Saint and a black-armored Blade Demon on a shattered ancient sword platform above the clouds, featuring the ultimate clash of ten thousand swords against a single, devastating slash.","【风格】东方玄幻武侠（Wuxia Fantasy），电影级特效大片，史诗感，慢动作与快剪结合，粒子光效炸裂，4K超清。
【时长】15秒
【角色】剑圣（白衣飘飘，仙风道骨）VS 刀魔（黑甲重铠，霸气外露）。
【场景】云海之巅的破碎古剑台，残阳如血。

[00:00-00:05] 镜头1：剑意·万剑归宗（The Sword Storm）。
剑圣悬浮半空，双手掐诀。他身后的一柄古剑瞬间分化出成千上万把散发着幽蓝光芒的能量光剑。
【特效】无数光剑在空中汇聚成一条巨大的发光巨龙（Vortex of Light Swords），遮天蔽日，带着刺耳的破空声向刀魔倾泻而下。

[00:05-00:10] 镜头2：刀意·一刀斩（The Domineering Slash）。
面对漫天剑雨，刀魔纹丝不动，双手握住一把厚重的赤红巨刀高举过头顶。
【特效】地面在他脚下龟裂破碎，岩浆涌出。巨刀瞬间凝聚出恐怖的赤红火焰刀芒，周围空间都因高温而扭曲。他怒吼一声，极其简单粗暴地挥出这毁天灭地的一刀。

[00:10-00:15] 镜头3：极致碰撞（The Final Clash）。
一道横贯天地的半月形赤红刀气撞上迎面而来的蓝色剑雨长河。
【特效】红蓝两种能量瞬间对撞爆炸，产生巨大的环形冲击波，将周围的云海和山峰瞬间震碎。画面在能量爆发的极亮白光中结束。",https://x.com/johnAGI168/status/2021217600122884274,2026-02-10T13:40:02.000Z,"{""name"":""John"",""link"":""https://x.com/johnAGI168""}",[],[],"[{""id"":""698d4b0d4f43b70004da4e8f"",""url"":""https://video.twimg.com/amplify_video/2021217150170472448/vid/avc1/1280x720/XY1Mq-YsORSQtGrZ.mp4?tag=21"",""thumbnail"":""https://pbs.twimg.com/amplify_video_thumb/2021217150170472448/img/SR45dxdSjRfByLwr.jpg"",""caption"":null}]"
114,Viral Sketch Comedy Video Prompt: The Car Wash Twist,"A detailed prompt for generating a short, vertical, sketch comedy video in the style of Douyin (TikTok). It features an exaggerated boss and an honest employee, culminating in a double plot twist involving a luxury car and a car wash job. The prompt includes specific scene breakdowns, character descriptions, actions, and dialogue/lip-sync instructions.","【风格】抖音搞笑段子（Viral Sketch Comedy），竖屏（Portrait），生活化运镜，演员表情夸张，音效卡点清晰。
【时长】15秒
【角色】
老板（穿西装，夹公文包，一脸优越感）。
员工小王（穿休闲装，一脸老实憨厚）。
【道具】一辆顶级豪车（法拉利/劳斯莱斯），水桶和抹布。

[00:00-00:05] 镜头1：嘲讽（The Mockery）。
场景：公司楼下。小王正靠在一辆崭新的千万级豪车旁抽烟（或喝水）。
动作：老板路过，停下来拍拍小王的肩膀，一脸说教。
【对白/口型】老板：“小王啊，别光看车发呆。好好跟着我干，下辈子……你兴许能摸一下这车轱辘。”

[00:05-00:10] 镜头2：第一次反转（The Shock）。
动作：小王尴尬地笑了笑，突然从兜里掏出一把车钥匙。
音效：“哔哔！”（车锁解锁声）。豪车的车灯闪烁，后备箱缓缓自动弹开。
表情：老板的下巴都要惊掉了（特写），公文包差点掉地上。老板瞬间换上一副讨好的表情，准备握手。
【对白/口型】老板（结巴）：“哎哟！王……王总？原来您是体验生活啊！”

[00:10-00:15] 镜头3：第二次反转（The Punchline）。
动作：小王淡定地从后备箱里拿出了……**一个水桶和一条脏抹布**。
表情：小王一脸无奈，老板的笑容僵在脸上，瞬间石化。
【对白/口型】小王：“老板您让让，车主马上来了，我刚接的洗车单，还得赶下一场呢。”
（画面定格在老板尴尬的脸上，配上搞笑音效“Wasted”或“嘎嘎嘎”）。",https://x.com/johnAGI168/status/2021197689937965562,2026-02-10T12:20:55.000Z,"{""name"":""John"",""link"":""https://x.com/johnAGI168""}",[],[],"[{""id"":""698d4b0b4f43b70004da4e8e"",""url"":""https://video.twimg.com/amplify_video/2021196823692783616/vid/avc1/720x1280/lFnRtccix1nyF9_H.mp4?tag=21"",""thumbnail"":""https://pbs.twimg.com/amplify_video_thumb/2021196823692783616/img/nK3T0wdErsSZvea_.jpg"",""caption"":null}]"
113,Cyberpunk Female Warrior Transformation Scene,"A detailed, multi-shot prompt for Seedance 2.0, describing a 12-second vertical video (9:16) with a futuristic, cyberpunk style. It features a young female protagonist transforming from a disguised figure in a dark garage to a battle-ready warrior on a rainy city rooftop.","【风格】未来科技感（Futuristic Tech），赛博朋克（Cyberpunk），竖屏（Portrait 9:16），电影级特效，慢动作升格，高冷帅气。
【时长】12秒
【主角】一位眼神坚毅的年轻女性。
【场景】昏暗的地下车库 -> 霓虹闪烁的未来都市天台。

[00:00-00:04] 镜头1：伪装者（The Disguise）。
场景：昏暗、充满了烟雾的地下车库。
主角：穿着普通的黑色连帽卫衣（Hoodie），戴着兜帽和黑口罩，只露出一双冷静的眼睛。她正低头看着手腕上的普通手表。
动作：随着BGM的倒计时音效，她猛地抬起头，眼神瞬间变得锐利，抬起手腕做了一个“启动”的按压动作。
【氛围】压抑、神秘、蓄势待发。

[00:04-00:06] 镜头2：纳米重组（The Transformation）。
高能特效转场。
动作：一道蓝色的全息扫描光圈（Holographic Scan Ring）从她的脚底快速升起，扫过全身。
特效：原本的卫衣在光圈中分解成无数蓝色的数字方块和机械碎片。她的身体仿佛被一层液态金属迅速覆盖。
【关键点】强调科技感和机械结构的咬合过程，而不是脱衣服。

[00:06-00:12] 镜头3：战斗天使（The Battle Mode）。
场景：瞬间切换到暴雨中的未来都市天台，背景是巨大的紫色全息广告牌。
主角：全身覆盖着一套流线型的白色未来战甲（Full-body Sci-fi Armor），盔甲上流淌着发光的蓝色能量槽。她没有戴面具，长发在雨中飞舞。
动作：她单膝跪地缓冲（像终结者降临），然后帅气地缓缓站起，手中瞬间具象化出一把发光的能量光剑，对着镜头挥出一道残影，定格在战斗姿态。
【表情】冷酷、自信、无所畏惧。",https://x.com/johnAGI168/status/2021202576163643679,2026-02-10T12:40:20.000Z,"{""name"":""John"",""link"":""https://x.com/johnAGI168""}",[],[],"[{""id"":""698ee792c058fc00040fb9d5"",""url"":""https://video.twimg.com/amplify_video/2021202421050114053/vid/avc1/720x1280/hCC44m14k0oPGMP5.mp4?tag=21"",""thumbnail"":""https://pbs.twimg.com/amplify_video_thumb/2021202421050114053/img/igVihC82UQyl7WES.jpg"",""caption"":null}]"
112,Seedance 2.0 Test: Butterfly Fairy Story,"A user shares a simple prompt used to test Seedance 2.0's understanding of environment, character, and tone, resulting in a short narrative about a butterfly transforming into a fairy who is startled by an approaching presence and returns to the wall.","一个神器的故事,蝴蝶从画面中飞出来,变成一个漂亮的蝴蝶仙子,环顾四周,忽然好像有人来了,蝴蝶仙子又回到墙上~~",https://x.com/xiaoerzhan/status/2021564173642313750,2026-02-11T12:37:12.000Z,"{""name"":""小耳👂Jane｜Xiaoer"",""link"":""https://x.com/xiaoerzhan""}",[],[],"[{""id"":""698ee799f5eb6d00048e7a44"",""url"":""https://video.twimg.com/amplify_video/2021561430554918912/vid/avc1/1112x834/D9z-s5SYT_1yFHlK.mp4?tag=21"",""thumbnail"":""https://pbs.twimg.com/amplify_video_thumb/2021561430554918912/img/8KU_2-spKT2woIXm.jpg"",""caption"":null}]"
111,Action Movie Scene Prompt with Cinematic Style,"A detailed prompt for generating a high-octane action scene featuring a male protagonist running and shooting in a battlefield, emphasizing a cinematic aesthetic (Orange and Teal grading, film grain, dynamic camera work) and realistic action details.",图片1的男士作为主角，身手矫健，在枪林弹雨的战场中一边奔跑一边进行激烈的战术射击。 画面视觉风格： 1. 电影质感：强烈的橙蓝对比色调（Orange and Teal），高对比度，画面具有胶片颗粒感。 2. 动态细节：枪口喷射出明显的火光，子弹击中周围物体产生飞溅的碎石和火星，背景中有爆炸产生的烟雾和冲击波。 3. 运镜方式：采用手持摄影机（Handheld Camera）风格的跟随镜头，镜头随着人物剧烈晃动，偶尔快速推拉（Zoom），营造极度紧张和混乱的临场感。 人物表现： 主角眼神坚毅，动作充满力量感和速度感，完美复刻好莱坞动作巨星的风范。,https://x.com/john87445528/status/2021077986020045203,2026-02-10T04:25:16.000Z,"{""name"":""John"",""link"":""https://x.com/john87445528""}",[],[],"[{""id"":""698d4b064f43b70004da4e8a"",""url"":""https://video.twimg.com/amplify_video/2021077927824433153/vid/avc1/1668x2224/H7kwLI6Habpz0Gtz.mp4?tag=21"",""thumbnail"":""https://pbs.twimg.com/amplify_video_thumb/2021077927824433153/img/NynordarWd6DT7lY.jpg"",""caption"":null}]"
109,Complex Character Action and Lighting Prompt (Disaster Scenario),"A complex, multi-step prompt describing a character (Tim) performing a sequence of facial movements (nodding, turning head, opening/closing mouth) followed by low-intensity colored light flashes on his face. The tweet suggests this level of detailed, sequential instruction might be problematic for Seedance 2.0.",帮我生成Tim面对镜头的视频，随后依次执行点头、左右转头、张嘴、缓慢闭眼再睁眼的动作，完成上述动作后，镜头外使用低强度的红黄蓝绿青蓝紫光照射Tim的面部，使面部依次轻微闪烁上述颜色。,https://x.com/chenshaoju/status/2021210184060699060,2026-02-10T13:10:34.000Z,"{""name"":""陈少举 （🦣 @chenshaoju@acg.mn ）"",""link"":""https://x.com/chenshaoju""}","[""https://pbs.twimg.com/media/HAtIxlSaoAAbN3Q.jpg""]",[],[]
108,1980s Training Montage VHS Style Prompt,"A highly specific prompt for generating a 15-second video titled 'Never Too Late' in the style of an 1980s training montage, complete with grainy VHS look, specific aspect ratio, tape warble, tracking lines, and arena rock audio characteristics.","title: ""Never Too Late"" duration: 15s style: era: 1980s training montage look: grainy VHS, stretched 9:16, tape warble, tracking lines, overscan crop audio: guitar-riff–driven arena rock, crowd-chant energy, hard snare hits color: slightly washed, warm highlights, crushed blacks",https://x.com/AIWarper/status/2021352980205928572,2026-02-10T22:38:00.000Z,"{""name"":""A.I.Warper"",""link"":""https://x.com/AIWarper""}",[],[],"[{""id"":""698d4b024f43b70004da4e88"",""url"":""https://video.twimg.com/amplify_video/2021352798861074433/vid/avc1/720x1280/WfYI9Nw-SFKS-KpC.mp4?tag=21"",""thumbnail"":""https://pbs.twimg.com/amplify_video_thumb/2021352798861074433/img/_b_zQ6siyy3grbLf.jpg"",""caption"":null}]"
107,Gorilla Fight Scene Prompt,"A prompt for a cinematic, handheld fight scene where a gorilla fights 100 men, featuring close-ups of punches and a dramatic moment where the gorilla throws the men away.","The gorilla is fighting 100 men, cut to punch close ups, cut to jerky handheld camera of the gorilla being piled up with men then the gorilla stands up and throw everyone away. Cinematic handheld fight scene.",https://x.com/mrabujoe/status/2021289756106072250,2026-02-10T18:26:46.000Z,"{""name"":""Mr. Abu Joe"",""link"":""https://x.com/mrabujoe""}",[],[],"[{""id"":""698ee786c058fc00040fb9c9"",""url"":""https://video.twimg.com/amplify_video/2021289699491422209/vid/avc1/1280x720/vyucROHOmBfjdlOO.mp4?tag=21"",""thumbnail"":""https://pbs.twimg.com/amplify_video_thumb/2021289699491422209/img/3iUtvgXfXJM1-V7f.jpg"",""caption"":null}]"
104,Hyperrealistic Action Photography Prompt,"A detailed prompt for generating a hyperrealistic image or video frame depicting a dramatic wildlife confrontation between a Siberian tiger and a Grizzly bear in a misty forest setting during golden hour, emphasizing cinematic composition and action.","Hyperrealistic action photography, vertical 9:16 aspect ratio. A massive Siberian tiger mid-air, lunging with claws extended at a towering Grizzly bear. The confrontation occurs in a misty, ancient pine forest during golden hour, with dramatic sun rays cutting through the trees.",https://x.com/dang_machina/status/2021017009438458193,2026-02-10T00:22:58.000Z,"{""name"":""Robadang ✏️ AI Artist"",""link"":""https://x.com/dang_machina""}","[""https://pbs.twimg.com/media/HAwV-49a4AAZWO-.jpg"",""https://pbs.twimg.com/media/HAwV-48aQAAp052.jpg"",""https://pbs.twimg.com/media/HAwV-48aAAIk-AV.jpg""]",[],[]
103,Interrogation Room Scene Prompt,A detailed prompt describing a wide shot of an interrogation room scene featuring government agents and a disheveled man named 'Barnaby' who is overacting wildly.,"Wide shot of a cheap government interrogation room TV set. Three government agents in suits sit across from ""Barnaby,"" a disheveled man in a hospital gown smoking a cigarette. Barnaby is overacting wildly, standing on his chair, gyrating his hips to demonstrate how the",https://x.com/plasm0/status/2021348721775214616,2026-02-10T22:21:04.000Z,"{""name"":""ρŁ𝐀𝔰Ｍʘ"",""link"":""https://x.com/plasm0""}",[],[],"[{""id"":""698d4afdb458d30004b28ca1"",""url"":""https://video.twimg.com/amplify_video/2019214011842060288/vid/avc1/1920x1080/1I1txakcKS8LUX12.mp4?tag=21"",""thumbnail"":""https://pbs.twimg.com/amplify_video_thumb/2019214011842060288/img/GlzCToI3urWuhVAh.jpg"",""caption"":null}]"
102,Multi-Shot Cinematic Kitchen Comedy Prompt,"A detailed, multi-shot cinematic prompt for a kitchen comedy featuring mythical creatures, specifying visual style, tone, acting, and technical camera settings (180° shutter, 24 fps). The prompt is truncated.","A multi-shot cinematic kitchen comedy about a family of mythical creatures. Integrated sound. Photorealistic, raw, cavernous tone, expressive micro-acting. No on-screen text. Photorealistic shooting. 180° shutter, 24 fps. Shot 1: Close-up of the little goblin girl at",https://x.com/youraipulse/status/2021312349714735305,2026-02-10T19:56:32.000Z,"{""name"":""AI Pulse"",""link"":""https://x.com/youraipulse""}",[],[],"[{""id"":""698d4afbb458d30004b28ca0"",""url"":""https://video.twimg.com/amplify_video/2021311326866358272/vid/avc1/1280x720/AC86oHsoeOU-PXag.mp4?tag=21"",""thumbnail"":""https://pbs.twimg.com/amplify_video_thumb/2021311326866358272/img/DM8Mtfpvie4Vr1H6.jpg"",""caption"":null}]"
100,Motion Graphics Ad Design Prompt,"A prompt for Seedance 2.0 to design a motion-graphics style advertisement based on an input image, focusing on camera angles, interaction animations, and a glossy 'glass UI' design language, ending with a logo.","Design a motion-graphics style ad based on this image, using multiple camera angles—e.g., close-ups that highlight the glass reflections, various tap/click interaction animations, and a focus on this glossy “glass UI” design language. End with the logo: LEPADPHONE.",https://x.com/lepadphone/status/2021221688130797954,2026-02-10T13:56:17.000Z,"{""name"":""padphone"",""link"":""https://x.com/lepadphone""}","[""https://pbs.twimg.com/media/HAzSH3FaAAcXI6f.jpg""]","[""https://pbs.twimg.com/media/HAzSH3FaAAcXI6f.jpg""]",[]
99,Martial Arts Tournament Scene with Image Inputs,A user shares a video generated by Seedance 2.0 using a single prompt and image inputs to create a martial arts tournament fight scene between two figures.,“Figure 1 vs Figure 2 in a world martial arts tournament.”,https://x.com/Preda2005/status/2021248510696337463,2026-02-10T15:42:52.000Z,"{""name"":""Marcio Lima 利真 マルシオ 💎"",""link"":""https://x.com/Preda2005""}",[],[],"[{""id"":""698d4af7b458d30004b28c9e"",""url"":""https://video.twimg.com/amplify_video/2021248192587890692/vid/avc1/1280x720/CRoEoRGGXXLYnPUs.mp4?tag=21"",""thumbnail"":""https://pbs.twimg.com/amplify_video_thumb/2021248192587890692/img/4MZexEbBfvVe3TjG.jpg"",""caption"":null}]"
98,Cinematic Romantic Epic Film Trailer,"A prompt used for a first run on Seedance 2.0, combining an image reference (Nano Banana Pro Image) with a text prompt for a cinematic romantic epic film trailer.","cinematic romantic epic film trailer, fast professional cuts. booming sci-fi romance love scene",https://x.com/BrentLynch/status/2021296277208826089,2026-02-10T18:52:41.000Z,"{""name"":""Brent Lynch"",""link"":""https://x.com/BrentLynch""}",[],[],"[{""id"":""698ee776f5eb6d00048e7a28"",""url"":""https://video.twimg.com/amplify_video/2021296000909049857/vid/avc1/1280x720/L3OjvhR1eMKKD9A8.mp4?tag=21"",""thumbnail"":""https://pbs.twimg.com/amplify_video_thumb/2021296000909049857/img/ryqbqujZqcn-q4Cl.jpg"",""caption"":null}]"
96,Cinematic High-Speed Motorcycle Chase Scene,The first test of Seedance 2.0 generating a cinematic action film scene involving a high-speed motorcycle chase through a city.,high-speed motorcycle chase scene through the city. cinematic action film,https://x.com/blizaine/status/2021295079043023257,2026-02-10T18:47:55.000Z,"{""name"":""Blaine Brown"",""link"":""https://x.com/blizaine""}",[],[],"[{""id"":""698d4af4b458d30004b28c9b"",""url"":""https://video.twimg.com/amplify_video/2021294913292562432/vid/avc1/1280x720/BrYqUTHx2YTK0NI7.mp4?tag=21"",""thumbnail"":""https://pbs.twimg.com/amplify_video_thumb/2021294913292562432/img/Qllw_qMVZNyG4zJE.jpg"",""caption"":null}]"
94,Pastel Pink-Blue Dyson Swarm,"A detailed prompt for generating a video featuring a pastel pink-blue Dyson swarm at an artificial sunset, including floating palm-tree biomes and retro holographic billboards, emphasizing an ironic Type II leisure aesthetic.","pastel pink-blue Dyson swarm at artificial sunset, floating palm-tree biomes and retro holographic billboards, ironic Type II leisure aesthetic",https://x.com/Alin_Reaper05/status/2021097421447557368,2026-02-10T05:42:30.000Z,"{""name"":""Alin"",""link"":""https://x.com/Alin_Reaper05""}",[],[],"[{""id"":""698d4aef4f43b70004da4e84"",""url"":""https://video.twimg.com/amplify_video/2021097114995150848/vid/avc1/1280x720/S1H-C27iS0yFaH0E.mp4?tag=21"",""thumbnail"":""https://pbs.twimg.com/amplify_video_thumb/2021097114995150848/img/Z4ZSCy9kzO6Y1Ch2.jpg"",""caption"":null}]"
93,Pirate Tavern Entrance with Flamethrower,"A prompt for Seedance 2.0 describing a character walking into a Pirate Tavern, setting down a Flamethrower, and raising an ale mug.","""She walks into a Pirate Tavern, puts down her Flamethrower and raises an ale mug""",https://x.com/TheoMediaAI/status/2021302634661941422,2026-02-10T19:17:56.000Z,"{""name"":""Theoretically Media"",""link"":""https://x.com/TheoMediaAI""}",[],[],"[{""id"":""698d4aef4f43b70004da4e83"",""url"":""https://video.twimg.com/amplify_video/2021301780068564994/vid/avc1/1470x630/oBOPQi6b4Rlp5AIO.mp4?tag=21"",""thumbnail"":""https://pbs.twimg.com/amplify_video_thumb/2021301780068564994/img/8kSZCkVEtsCpf-W2.jpg"",""caption"":null}]"
92,Melancholic Subject on Spinning Playground Wheel,"A highly detailed, two-part prompt for Seedance 2.0 focusing on a close-up of a subject (adult and kid) sitting on a rapidly spinning playground wheel at night. The prompt specifies cinematic, moody lighting, a realistic style, and emphasizes the dizzying spinning illusion of the background while the subject maintains a serious, melancholic expression and natural human motion.","Adult and kid each pic: I want a close up of the face and upper torso, sitting on a spinning playground wheel at night. do not change her fit. Only face and shoulders visible in frame. The entire background rotates rapidly in circles creating a dizzying spinning illusion - blurry nightime playground with streaking lights and trees and structures under dark sky. Slight motion blur on background to emphasize high speed. Subject keeps a serious, melancholic expression, staring directly at the camera without moving such. cinematic, moody lighting, realistic style. Big emphasis on the background all spinning horizontally

video: The entire background rotates rapidly in circles creating a dizzying spinning illusion  blurry nighttime playground with streaking lights, trees, and structures under dark sky. Slight motion blur on background to emphasize high speed. Hair whipping outward from rapid spinning, reacting strongly to the motion as if from contrifugal force. Subject keeps a serious, melancholic expression, staring directly at the camera without moving much. Cinematic, moody lighting, realistic style. Big emphasis on the background all spinning horizontally

natural human motion, subtle chest rise and fall from breathing, natural irregular blinking, soft micro head movements, relaxed posture adjustments, hair naturally flowing with movement, organic unscripted motion, lifelike presence.",https://x.com/mizq06/status/2021225480922534087,2026-02-10T14:11:21.000Z,"{""name"":""Miz"",""link"":""https://x.com/mizq06""}",[],[],"[{""id"":""698d4aee4f43b70004da4e82"",""url"":""https://video.twimg.com/amplify_video/2021224373970141184/vid/avc1/1924x1076/aI7L4fg9GeaXpjUf.mp4?tag=21"",""thumbnail"":""https://pbs.twimg.com/amplify_video_thumb/2021224373970141184/img/aSElKPbMWXmsQOcy.jpg"",""caption"":null}]"
91,Actor Drinking and Giving Review,"A prompt for Seedance 2.0 describing an actor delivering dialogue, opening a bottle, taking a satisfied sip, and then delivering a final line comparing the drink to 'Prime'.","The actor says ""you never tried anything as good!"". Then opens the bottle, takes a sip with his eyes closed, and after that breathes out with satisfaction. In the end he says ""Prime? naaah, this is a champion's drink!""",https://x.com/StavZilber/status/2021240012499550522,2026-02-10T15:09:06.000Z,"{""name"":""Stav Zilbershtein"",""link"":""https://x.com/StavZilber""}",[],[],"[{""id"":""698d4aed4f43b70004da4e81"",""url"":""https://video.twimg.com/amplify_video/2021239609372573696/vid/avc1/720x1280/E8tfFH_G2MPM748t.mp4?tag=21"",""thumbnail"":""https://pbs.twimg.com/amplify_video_thumb/2021239609372573696/img/LyJVwvA3yUupZMyd.jpg"",""caption"":null}]"
90,Godzilla Attacking Jakarta Prompt,A prompt for Seedance 2.0 to generate a video depicting Godzilla attacking the Monas tower in Jakarta while the Indonesian military attempts to fight it off.,generate a video about a godzilla attacking monas in jakarta while indonesian military tried their best to attack it.,https://x.com/neveryourbaee/status/2021561566559420478,2026-02-11T12:26:50.000Z,"{""name"":""Not Yours"",""link"":""https://x.com/neveryourbaee""}",[],[],"[{""id"":""698ee765c058fc00040fb9bb"",""url"":""https://video.twimg.com/amplify_video/2021560796581601280/vid/avc1/1280x720/oExmZrAOFb9zcTJb.mp4?tag=21"",""thumbnail"":""https://pbs.twimg.com/amplify_video_thumb/2021560796581601280/img/THJ6n7PKIxcysUSS.jpg"",""caption"":null}]"
89,Mortal Kombat with World Leaders,"A creative prompt for Seedance 2.0 requesting gameplay footage in the style of Mortal Kombat, but featuring famous world leaders as the characters.","""Mortal Kombat gameplay footage but the characters are famous world leaders""",https://x.com/thedorbrothers/status/2021203121024926171,2026-02-10T12:42:30.000Z,"{""name"":""The Dor Brothers"",""link"":""https://x.com/thedorbrothers""}",[],[],"[{""id"":""698d4aeb4f43b70004da4e7f"",""url"":""https://video.twimg.com/ext_tw_video/2021203096962039808/pu/vid/avc1/1280x720/zuAEjFWCqJHd1Gtj.mp4?tag=19"",""thumbnail"":""https://pbs.twimg.com/ext_tw_video_thumb/2021203096962039808/pu/img/fKDCvSVv5vFCSdoD.jpg"",""caption"":null}]"
88,Wukong vs. Captain America Epic Battle,"A detailed, multi-scene prompt for Seedance 2.0 generating an epic battle between Wukong (The Destined One) and Captain America, featuring dynamic action, weapon collision, shockwaves, slow motion, character transformations, and a final aerial shot.","Dynamic action shot. Captain America charges forward and throws his vibranium shield. The Destined One leaps into the air, transforms the Ruyi Jingu Bang into a massive pillar and swings it down. The shield and staff collide mid-air, creating a shockwave that shatters the stone tiles beneath them. Slow motion, sparks and debris everywhere.Close-up alternating between both fighters. The Destined One activates his 72 transformations, splitting into three clones surrounding Captain America. Cap smirks, braces his shield, and charges into all three at once. Massive explosion of golden energy and blue vibranium light. Camera pulls back to an epic aerial shot of the battlefield engulfed in light.",https://x.com/lynneatyoumind/status/2021204632119521768,2026-02-10T12:48:31.000Z,"{""name"":""Lynne Lau"",""link"":""https://x.com/lynneatyoumind""}",[],[],"[{""id"":""698d4ae94f43b70004da4e7e"",""url"":""https://video.twimg.com/amplify_video/2021171443766345728/vid/avc1/834x1112/H0IbqnfgC0SUCyd4.mp4?tag=21"",""thumbnail"":""https://pbs.twimg.com/amplify_video_thumb/2021171443766345728/img/P1nxhDIxAu9kyTeT.jpg"",""caption"":null}]"
85,Western Billionaire Heir Drama Cinematic,"A prompt designed for generating a 15-second vertical video (9:16 aspect ratio) suitable for platforms like TikTok or Reels, depicting a Western billionaire heir drama with high saturation and sharp contrast.","15s vertical 9:16 Western TikTok/Reels billionaire heir drama, high saturation, sharp contrast,",https://x.com/underwoodxie96/status/2020775905224962425,2026-02-09T08:24:54.000Z,"{""name"":""underwood"",""link"":""https://x.com/underwoodxie96""}",[],[],"[{""id"":""698d415af075c000047cd2b5"",""url"":""https://video.twimg.com/amplify_video/2020775431956537344/vid/avc1/704x1280/wHnRjIQGCJUL6ZmN.mp4?tag=21"",""thumbnail"":""https://pbs.twimg.com/amplify_video_thumb/2020775431956537344/img/WXNQt5EHppW__wm5.jpg"",""caption"":null}]"
84,Fluent-style App Ad Generation Prompt,"A demonstration of Seedance 2.0 generating a clean, 15-second Fluent-style app ad with smooth glass animations using one random image and a quick prompt, taking only about 2 minutes.",clean 15s Fluent-style app ad with smooth glass animations,https://x.com/laur3nzb/status/2020837174522864020,2026-02-09T12:28:22.000Z,"{""name"":""laurenz"",""link"":""https://x.com/laur3nzb""}",[],[],"[{""id"":""698d4159f075c000047cd2b4"",""url"":""https://video.twimg.com/amplify_video/2020837116071096320/vid/avc1/640x360/i4uQ-emMAHVrlnzf.mp4?tag=21"",""thumbnail"":""https://pbs.twimg.com/amplify_video_thumb/2020837116071096320/img/3Ed9O5xs0z9wvGcf.jpg"",""caption"":null}]"
82,High Society Drama: Real Heiress Revenge Prompt,"A text-to-video prompt for Seedance 2.0 to generate a 15-second short drama about high society feuds, featuring a 'real vs. fake heiress' trope. The scene is a luxurious banquet where the fake heiress attempts a manipulative trick, only to be exposed by the real heiress with a DNA test and dramatically reclaiming her position as the 'Queen.'",【风格】豪门恩怨（High Society），真假千金梗，极致反转，撕绿茶爽文，高定礼服，美艳御姐风。 【时长】15秒 【角色】真千金（烈焰红唇，黑天鹅晚礼服，气场两米八）VS 假千金（小白花装扮，楚楚可怜，眼泪汪汪）。 [00:00-00:05] 镜头1：绿茶演技（The Trap）。 奢华宴会厅。假千金故意摔碎一个古董花瓶，跌坐在碎片中，捂着手背哭得梨花带雨。周围宾客指指点点。 【动作】假千金指着真千金，眼神却在偷笑。 【对白口型指导】“姐姐，我知道你讨厌我抢了你的位置，但这个是奶奶的遗物啊！” [00:05-00:10] 镜头2：证据打脸（The Slapback）。 真千金冷笑一声，完全不慌。她从手包里慢条斯理地掏出一份文件（DNA鉴定书），直接甩在假千金脸上。纸张散落，特写镜头给到鉴定结果（红色大字：无血缘关系）。 【动作】真千金居高临下，眼神蔑视。 【对白口型指导】“演够了吗？野种。” [00:10-00:15] 镜头3：女王加冕（The Coronation）。 全场宾客倒吸一口凉气（震惊脸）。真千金无视地上的假千金，径直走向主位的宝座，一把扯下假千金头上的皇冠戴在自己头上。 【动作】她整理裙摆坐下，霸气侧漏。假千金面如死灰，被保安拖走。 【对白口型指导】“这是我家，滚。”,https://x.com/johnAGI168/status/2020691248927875173,2026-02-09T02:48:31.000Z,"{""name"":""John"",""link"":""https://x.com/johnAGI168""}",[],[],"[{""id"":""698d4156f075c000047cd2b2"",""url"":""https://video.twimg.com/amplify_video/2020691058628149248/vid/avc1/1440x2560/YF1H-KOEAM7Qpr0B.mp4?tag=21"",""thumbnail"":""https://pbs.twimg.com/amplify_video_thumb/2020691058628149248/img/qt5fKQqlM677rSY8.jpg"",""caption"":null}]"
81,Epic Sci-Fi Scene Prompt: Robot on Mountain Peak,"A detailed prompt for generating an epic sci-fi scene using a wide-angle cinematic lens. The scene features a solitary robot standing on a high mountain peak on Earth, facing the distant sky. The environment is described as desolate and magnificent, surrounded by strong winds and clouds.",史诗级科幻场景，超广角电影镜头。 场景：在地球的高山之巅，一个孤独的机器人【@图片1】站在山峰顶端，面向远方的天空，姿态稳定而安静。山顶被狂风与云雾包围，环境荒凉而壮阔。,https://x.com/dashdot1205/status/2021123537088414032,2026-02-10T07:26:16.000Z,"{""name"":""dashdot"",""link"":""https://x.com/dashdot1205""}",[],[],"[{""id"":""698d4b114f43b70004da4e92"",""url"":""https://video.twimg.com/amplify_video/2021122873411477504/vid/avc1/960x960/MGRzl_MRCWbKRsfO.mp4?tag=21"",""thumbnail"":""https://pbs.twimg.com/amplify_video_thumb/2021122873411477504/img/gPmiP8tCEVjFfpis.jpg"",""caption"":null}]"
80,Mini-Drama: Rainy Night Breakup and Reunion Prompt,"A text-to-video prompt for Seedance 2.0 to generate a 15-second mini-drama featuring high-contrast visuals and rapid cuts. The scene is a beautiful, heart-wrenching breakup in the rain between a passionate CEO male lead and a stubborn, fragile female lead, culminating in a dramatic reveal (a ring or report) and a passionate embrace.",【风格】国产热门短剧风（Mini-Drama Style），极致快剪节奏，高颜值滤镜，情绪爆发，雨夜唯美虐心。 【时长】15秒 【角色】深情霸总男主（黑风衣，湿发，眼眶通红）VS 倔强破碎感女主（白裙，满脸泪痕）。 [00:00-00:05] 镜头1：冲突快切组合（Rapid Cuts）。 暴雨街头。女主决绝转身要走（背影）。男主冲上来一把拉住她的手腕（特写）。女主猛然回头，眼神是爱恨交织的痛苦。 【对白口型指导】女主哭喊：“放手！我们结束了！” [00:05-00:10] 镜头2：真相爆发（Intense Close-ups）。 男主死不放手，雨水在两人脸上横流。男主急切地从怀里掏出一枚戒指（或一份报告），举到她眼前，手指颤抖。 【对白口型指导】男主嘶吼：“你看清楚！我从来没有骗过你！” [00:10-00:15] 镜头3：情感决堤（Climax）。 女主看清手中之物的瞬间，瞳孔地震（极近特写），捂住嘴巴，防线崩溃。下一秒，男主猛地将她拉入怀中死死抱住，仿佛要揉进骨子里。镜头快速旋转环绕拍摄相拥的两人。 【对白口型指导】女主埋头痛哭（无声/呜咽）。,https://x.com/johnAGI168/status/2020687040853975223,2026-02-09T02:31:47.000Z,"{""name"":""John"",""link"":""https://x.com/johnAGI168""}",[],[],"[{""id"":""698d4154f075c000047cd2b0"",""url"":""https://video.twimg.com/amplify_video/2020686788080103424/vid/avc1/2560x1440/yz_rSZMEpGCEwyPR.mp4?tag=21"",""thumbnail"":""https://pbs.twimg.com/amplify_video_thumb/2020686788080103424/img/D8yN8WwL0Slj-g4p.jpg"",""caption"":null}]"
79,Viral Short Drama: Heartbreak and Rain Prompt,"A text-to-video prompt for Seedance 2.0 to generate a 15-second vertical short drama in the style of a viral Chinese melodrama. The scene is a rainy night street where the male protagonist desperately chases the female protagonist, 'Yanzi,' as she leaves in a luxury car, culminating in his iconic, despairing cry and collapse on the wet asphalt.",【风格】国产爆款短剧（Viral Short Drama），竖屏构图（9:16 Portrait Ratio），极致虐心（Melodramatic），雨夜街头，高对比度霓虹光影，手持摄影晃动感。 【时长】15秒 【角色】卑微男主（浑身湿透，头发凌乱，欲哭无泪）VS 决绝女主“燕子”（妆容精致，冷漠脸）。 [00:00-00:05] 镜头1：决绝登车（The Departure）。 暴雨夜的繁华街头。一辆黑色劳斯莱斯（或迈克尔巴赫）停在路边，后座车门打开。女主冷漠地甩开男主拉扯的手，头也不回地坐进豪车后排。男主扒着车窗哭喊，被保镖无情拉开。车门重重关上。 【男主状态】满脸泪水与雨水交织，眼神绝望。 [00:05-00:10] 镜头2：撕心裂肺的追逐（The Chase & The Meme Line）。 豪车起步加速驶离。男主不顾一切地在后面狂奔追赶，踉踉跄跄，鞋子都跑掉一只。镜头紧跟男主脸部特写，疯狂晃动。他一边跑一边冲着远去的车尾灯嘶吼。 【核心台词口型指导】男主崩溃大喊：“燕子！燕子！你不要走！你走了我可怎么办啊！”（表情极其痛苦扭曲）。 [00:10-00:15] 镜头3：绝望跪地（The Despair）。 豪车的尾灯消失在街角尽头。男主体力不支，重重地跪倒在湿漉漉的柏油马路上，对着空荡荡的街道捶胸顿足，嚎啕大哭。镜头慢慢拉高俯拍，显得他无比渺小和凄凉。雨水不断打在他身上。,https://x.com/johnAGI168/status/2020696605855302062,2026-02-09T03:09:48.000Z,"{""name"":""John"",""link"":""https://x.com/johnAGI168""}",[],[],"[{""id"":""698d4152f075c000047cd2af"",""url"":""https://video.twimg.com/amplify_video/2020696236215386112/vid/avc1/1440x2560/47XcJxStmgtlrl9a.mp4?tag=21"",""thumbnail"":""https://pbs.twimg.com/amplify_video_thumb/2020696236215386112/img/JRjz_xybNEo2TAKC.jpg"",""caption"":null}]"
78,Viral CEO Drama: The Dragon King Reveal Prompt,"A text-to-video prompt for Seedance 2.0 to generate a 15-second vertical short drama in the style of a viral Chinese 'Godly CEO' revenge story. The scene involves a groom being humiliated by his future mother-in-law at a wedding, only for him to reveal his true identity as the 'Dragon King' (a powerful, hidden billionaire) in a dramatic, high-contrast sequence.",【风格】国产神豪爽剧（Viral CEO Drama），竖屏构图（Portrait Mode），高饱和度滤镜，极致的面部特写，情绪大开大合。 【时长】15秒 【角色】被羞辱的新郎（穿着廉价西装，眼神隐忍不发）VS 刻薄丈母娘（满身珠宝，一脸嫌弃）。 [00:00-00:05] 镜头1：极致羞辱（Humiliation）。 豪华婚礼现场。丈母娘当着众人的面，将一纸“退婚书”狠狠摔在男主胸口，周围宾客哄堂大笑。 【动作】丈母娘手指戳着男主的额头。 【对白口型指导】“没车没房还想娶我女儿？拿着这一百块滚出去！” [00:05-00:10] 镜头2：风云突变（The Turn）。 男主突然冷笑一声，撕碎退婚书。此时，巨大的螺旋桨声（音效感）盖过全场，狂风吹乱了丈母娘的发型。 【动作】男主整理了一下衣领，气场瞬间变得霸气侧漏。 【对白口型指导】“这婚，可是你们要退的。” [00:10-00:15] 镜头3：神豪降临（The Reveal）。 大门被撞开，两排黑衣保镖冲进来，单膝跪地铺上红地毯。一位老管家颤抖着捧着一件黄袍（或至尊黑卡）跑到男主面前深深鞠躬。丈母娘吓得瘫坐在地上，瞳孔地震。 【对白口型指导】老管家喊：“恭迎龙王（少爷）归位！家族资产已解冻！”,https://x.com/johnAGI168/status/2020688711172620665,2026-02-09T02:38:25.000Z,"{""name"":""John"",""link"":""https://x.com/johnAGI168""}",[],[],"[{""id"":""698d4152f075c000047cd2ae"",""url"":""https://video.twimg.com/amplify_video/2020688192194703361/vid/avc1/720x1280/uxyyiekapny_qFdH.mp4?tag=21"",""thumbnail"":""https://pbs.twimg.com/amplify_video_thumb/2020688192194703361/img/UDLduG0w3IxHXS2P.jpg"",""caption"":null}]"
77,Van Gogh Post-Impressionism Abstract Animation Prompt,"A text-to-video prompt for Seedance 2.0 to generate a 15-second abstract animation in the style of Van Gogh's Post-Impressionism. It emphasizes heavy impasto texture, swirling brushstrokes, high-saturation blue and yellow contrast, depicting a dynamic world where the sky and landscape are constantly flowing and 'breathing' with the movement of the thick oil paint.",【风格】梵高后印象派油画（Van Gogh Post-Impressionism），厚重颜料肌理（Heavy Impasto），标志性漩涡笔触，梦幻感，高饱和度蓝黄对比。 【时长】15秒动画 [视觉内容] 这是一个完全由厚重油彩构成的动态世界。 天空：深蓝色的夜空中，巨大的黄色星体和弯月被一圈圈辐射状的短笔触包围，星云像湍急的河流一样在空中疯狂地打着漩涡（Swirling motion）。 前景：左侧是一棵巨大的、如黑色火焰般燃烧扭曲的柏树，直冲云霄。 背景：山谷中沉睡的小镇，房屋窗口透出温暖的、也是一圈圈涂抹出来的黄色灯光。整个画面随着笔触的走向在缓慢流动、呼吸。,https://x.com/johnAGI168/status/2020778466405159207,2026-02-09T08:35:05.000Z,"{""name"":""John"",""link"":""https://x.com/johnAGI168""}",[],[],"[{""id"":""698d4150f075c000047cd2ad"",""url"":""https://video.twimg.com/amplify_video/2020778307655258112/vid/avc1/1280x720/jB6EsR_E80sa6Gdn.mp4?tag=21"",""thumbnail"":""https://pbs.twimg.com/amplify_video_thumb/2020778307655258112/img/ZtUPVrNpJ5nvGAqi.jpg"",""caption"":null}]"
76,Martial Arts Fight Scene Generation Prompt,"A prompt instructing the AI to generate a fluid fight scene between a female martial artist and several bandits, based on provided start and end frames of a tavern fight. It requires the use of storyboarding and different perspective switches to achieve a rhythmic and cinematic feel.",这是一段酒馆武打戏的开头和结尾的画面，请基于这两个场景，生成一段流畅的侠客女子与几个强盗打斗的画面，需要运用到分镜和不同视角切换，让整个画面更有节奏感和电影感,https://x.com/zuoye520/status/2020682941400309856,2026-02-09T02:15:30.000Z,"{""name"":""66岁的老王"",""link"":""https://x.com/zuoye520""}","[""https://pbs.twimg.com/media/HAroVbsaYAA1I_A.jpg"",""https://pbs.twimg.com/media/HAroVlmbQAAmK3V.jpg""]","[""https://pbs.twimg.com/media/HAroVbsaYAA1I_A.jpg"",""https://pbs.twimg.com/media/HAroVlmbQAAmK3V.jpg""]","[{""id"":""698d4150f075c000047cd2ac"",""url"":""https://video.twimg.com/amplify_video/2020682049783472128/vid/avc1/720x720/7KIAltQLP0sDCoEp.mp4?tag=14"",""thumbnail"":""https://pbs.twimg.com/amplify_video_thumb/2020682049783472128/img/FZlOgt5CqB5RxT1k.jpg"",""caption"":null}]"
75,Eastern Classical Immortal Heroine Video Prompt,"A detailed text-to-video prompt for Seedance 2.0, generating a 15-second video in the style of Eastern classical Xianxia (immortal hero) aesthetics. The prompt specifies cinematic quality, fluid cloth simulation, glowing particle effects, and focuses on a beautiful fairy performing a dance on a floating island above the clouds, emphasizing the movement of her white silk ribbons and sleeves.",【风格】东方古典仙侠美学，唯美主义，电影级质感，流体布料模拟，发光粒子特效，梦幻光影。 【时长】15秒 【主角】绝美仙女，身着多层素白霓裳羽衣，超长飘带。 [00:00-00:05] 镜头1：史诗感大远景（Epic Wide Shot）。 地点是云海之上的悬空仙岛古台。仙女伫立，背后是万丈霞光（丁达尔效应）。重点在于她身上无数条长长的丝绸飘带在风中极其柔顺地舞动，如水波纹般铺满画面，展现极致的布料飘逸感。 [00:05-00:10] 镜头2：慢动作中景（Slow-motion Medium Shot）。 仙女开始跳古典“惊鸿舞”。她腾空而起（反重力轻功感），旋转甩出宽大的水袖。镜头聚焦于丝绸袖子在空中绽放的形态，以及她优雅的肢体语言。 [00:10-00:15] 镜头3：特写与环境交互（Close-up & Interaction）。 镜头推进至面部特写。她轻启朱唇开始吟唱（自然的歌唱口型）。随着歌声，周围无数发光的粉色花瓣凭空浮现，围绕她形成一个绚烂的粒子风暴漩涡，她的眼神充满神性光辉。,https://x.com/johnAGI168/status/2020757470126162115,2026-02-09T07:11:39.000Z,"{""name"":""John"",""link"":""https://x.com/johnAGI168""}",[],[],"[{""id"":""698d414ef075c000047cd29b"",""url"":""https://video.twimg.com/amplify_video/2020757232141402112/vid/avc1/2560x1440/tW3AImcqSEcerjto.mp4?tag=21"",""thumbnail"":""https://pbs.twimg.com/amplify_video_thumb/2020757232141402112/img/xSFCaXdUxtK-Zi4O.jpg"",""caption"":null}]"
74,Movie Scene Prompt with Reference Images and Technical Specs,"A detailed prompt for generating a movie scene involving a male and female protagonist, set at a Hong Kong football stadium during a Liverpool match, focusing on a moment of secret plotting involving the player Van Dijk. The prompt includes placeholders for reference images, a scene description, technical specifications (mid-shot, eye-level, shallow depth of field), and an emotional context.","男主：图；女主：图；场景：图；范戴克：图；

镜头 1: 密谋时刻

画面描述: 男女主角坐在香港足球场看台上,周围是穿红色球衣的利物浦球迷。两人头靠在一起窃窃私语,女生指向远处球场上的范戴克(4号球员),男生点头表示理解

技术规格: 中景,平视角度,浅景深,背景是热闹的球场氛围

情绪:",https://x.com/wsiwsii/status/2020760361109246043,2026-02-09T07:23:08.000Z,"{""name"":""猎人威比 Hunter Wei"",""link"":""https://x.com/wsiwsii""}",[],[],"[{""id"":""698d414bf075c000047cd29a"",""url"":""https://video.twimg.com/amplify_video/2020758197351620608/vid/avc1/1280x720/L-M3_ihBSjqUOOfM.mp4?tag=21"",""thumbnail"":""https://pbs.twimg.com/amplify_video_thumb/2020758197351620608/img/Vtn1DMw3RNqCEHwj.jpg"",""caption"":null}]"
73,Epic Ice and Fire Disaster Action Prompt,"A highly detailed, multi-scene prompt for Seedance 2.0 to generate an epic disaster action film trailer featuring two elemental characters, the Magma Admiral and the Ice General, battling in an extreme environment of volcanoes and glaciers. The prompt specifies style, duration, scene descriptions, character details, and camera work.",【风格】史诗级灾难动作片（Epic Disaster Action），真人特效（Live-Action VFX），冰火两重天的极端环境，颗粒感战损画质，高速摄影，物理破坏真实感。 【时长】15秒 【场景】一个气候被永久改变的岛屿中心。左侧是喷发的火山和流淌的熔岩河；右侧是万年冰川和呼啸的暴风雪。中间是蒸汽弥漫的死亡地带。 【角色（真人化描述）】 熔岩大将（The Magma Admiral）：身穿烧焦的暗红色西装，戴着棒球帽，面容冷峻坚毅，半边身体元素化为滚烫岩浆。 寒冰大将（The Ice General）：身穿带冰霜的白色马甲，身材高大慵懒，呼出的气都结成了冰渣。 [00:00-00:05] 镜头1：元素觉醒与环境重塑（Establishing the Power）。 广角/环绕镜头。两人对峙。 【熔岩方】熔岩大将脚下的大地瞬间融化成沸腾的红色岩浆池，冒出滚滚黑烟，他抬手间，身后一座小火山喷发。 【寒冰方】寒冰大将单手插兜，脚下瞬间蔓延出极速冻结的冰层，将涌来的岩浆冻结成黑色的黑曜石，空气中瞬间布满尖锐的冰棱。 [00:05-00:10] 镜头2：冰火近身格斗（Intense CQC Combat）。 极速快剪（Rapid Action Cuts）。两人展开激烈的近身肉搏。 【动作设计】寒冰大将手中瞬间凝聚出一把巨大的**寒冰军刀（Ice Saber）**，高速挥砍。熔岩大将用元素化的**岩浆铁拳（Magma Fist）**硬格挡。 【物理反馈】冰刀砍在岩浆拳上，瞬间汽化成大量高压蒸汽，同时伴随着冰块碎裂飞溅和岩浆滴落的滋滋声。每一次碰撞都引发小范围的蒸汽爆炸。 [00:10-00:15] 镜头3：宿命的绝招对轰（The Final Clash）。 大远景/震撼级破坏。两人拉开距离，同时释放大招。 【特效奇观】一条巨大的、咆哮的**岩浆冥狗（熔岩巨犬形态）**冲向对方；对面则是一只巨大的、由无数冰块组成的**极寒冰鸟（暴风雪形态）**迎面撞上。 【结尾】两者在画面中心相撞，红色的极致高温与蓝白色的绝对零度对冲。瞬间产生了一个连接天地的超级蒸汽蘑菇云，巨大的冲击波将地面的冰川和火山同时震碎。画面在白茫茫的蒸汽和能量闪光中结束。,https://x.com/johnAGI168/status/2021125715324752246,2026-02-10T07:34:55.000Z,"{""name"":""John"",""link"":""https://x.com/johnAGI168""}",[],[],"[{""id"":""698d4b084f43b70004da4e8b"",""url"":""https://video.twimg.com/amplify_video/2021125160267296768/vid/avc1/2560x1440/i2G5cOBeZbocvsiD.mp4?tag=21"",""thumbnail"":""https://pbs.twimg.com/amplify_video_thumb/2021125160267296768/img/HMnvKO3amygroFC9.jpg"",""caption"":null}]"
72,Dramatic Scene Generation Prompt,"A detailed prompt for generating a dramatic scene set at a top-tier charity gala, involving a pianist's daughter and a disfigured woman on a wheelchair who exposes her as an imposter. The prompt specifies the scene, motivation, and a constraint on the appearance of the characters.","场景：顶级慈善晚宴——备受追捧的钢琴家千金正在演奏。 
动机：一位面容被毁、坐着轮椅的女人被推上台，当众揭露台上光鲜亮丽的“千金”，实则是当年偷换她人生、并纵火想烧死她的冒牌货。 
画面： （不要和明星撞脸，要现实中不存在的人物）",https://x.com/Heidifu666/status/2020901968936640567,2026-02-09T16:45:50.000Z,"{""name"":""Heidi Fu 赛博大福"",""link"":""https://x.com/Heidifu666""}",[],[],"[{""id"":""698d4149f075c000047cd298"",""url"":""https://video.twimg.com/amplify_video/2020901729676804096/vid/avc1/1280x720/5ZLJeZhKsImRsSfO.mp4?tag=21"",""thumbnail"":""https://pbs.twimg.com/amplify_video_thumb/2020901729676804096/img/m7-1vKpN2XDALuCz.jpg"",""caption"":null}]"
71,Ancient Costume Power Struggle Short Drama Prompt,"A detailed, multi-scene prompt for generating a 15-second short drama in the style of an ancient costume power struggle, focusing on the conflict between a true and a fake daughter. The prompt includes specific character descriptions, scene settings, actions, and dialogue lip-sync instructions segmented by time.",【风格】古装权谋，真假嫡女，极致翻盘 【时长】15秒 【角色】真嫡女，红衣凤纹，气势凌人 VS 假嫡女，素衣含泪，楚楚可怜 [00:00-00:05] 镜头1：哭诉 祠堂内。假嫡女跪地，额头见红。 族老环坐，气氛凝重。 【动作】假嫡女抬头含泪，指向真嫡女。 【对白口型】“姐姐要夺我身份，还要毁我名声。” [00:05-00:10] 镜头2：证物 真嫡女一步上前，将旧账册掷到香案。 账册翻开，生母名讳清晰可见。 族老神色骤变。 【动作】真嫡女微微俯视。 【对白口型】“你配吗。” [00:10-00:15] 镜头3：定罪 族长起身，下令逐出族谱。 假嫡女瘫软在地。 真嫡女转身走向正位。 【对白口型】“该我了。”,https://x.com/cnyzgkc/status/2020779654874022298,2026-02-09T08:39:48.000Z,"{""name"":""木马人"",""link"":""https://x.com/cnyzgkc""}",[],[],"[{""id"":""698d4145f075c000047cd296"",""url"":""https://video.twimg.com/amplify_video/2020779194624659456/vid/avc1/720x1280/gcpaBARaFnF5HFD2.mp4?tag=21"",""thumbnail"":""https://pbs.twimg.com/amplify_video_thumb/2020779194624659456/img/xmqc_MQRwXbNYFsJ.jpg"",""caption"":null}]"
70,Seedance 2.0 Video Prompt: Godzilla-Sized Orange Cat in Chongqing,"A detailed, multi-scene text-to-video prompt for Seedance 2.0, designed to create a meme-style pseudo-documentary featuring a gigantic, Godzilla-sized orange tabby cat stuck between skyscrapers in a magical 8D city like Chongqing.",【风格】伪纪录片（Mockumentary），手机Vlog视角，超写实CG与实景合成，8K画质，毛发物理模拟完美。 【时长】15秒 【场景】重庆洪崖洞或繁华的立交桥路口（具有魔幻8D城市感）。 [00:00-00:05] 镜头1：视觉奇观（The Reveal）。 画面是熙熙攘攘的城市街道。镜头抬起，赫然发现一只**体型如哥斯拉般巨大的橘猫**（Orange Tabby Cat），正卡在两栋摩天大楼中间。 动作：巨猫因为太胖，被卡住了，一脸委屈地挥动着巨大的爪子，试图把自己拔出来。 细节：猫毛在阳光下清晰可见，巨大的肉垫压在玻璃幕墙上，把玻璃挤压得变形。 [00:05-00:10] 镜头2：荒诞互动（The Interaction）。 镜头切换到地面视角。街道上的车流如织，红绿灯闪烁。巨猫低头，巨大的猫脸凑近地面，好奇地嗅着一辆正在等待红灯的公交车。 动作：公交车司机淡定地伸出手，摸了摸巨猫的鼻子。巨猫打了个喷嚏，瞬间吹飞了路边的落叶和行人的帽子（风力特效）。 [00:10-00:15] 镜头3：结尾神梗（The Punchline）。 巨猫终于挤过了大楼，一屁股坐在了跨江大桥上，导致桥面微微下沉（物理反馈）。 字幕/旁白感：它懒洋洋地躺下开始舔毛，挡住了整个晚高峰的去路。镜头最后定格在它无辜的大眼睛上。,https://x.com/johnAGI168/status/2020717903134204344,2026-02-09T04:34:25.000Z,"{""name"":""John"",""link"":""https://x.com/johnAGI168""}",[],[],"[{""id"":""698d4144f075c000047cd295"",""url"":""https://video.twimg.com/amplify_video/2020717689069604864/vid/avc1/2560x1440/RPZbjmBXtwI_bt8q.mp4?tag=21"",""thumbnail"":""https://pbs.twimg.com/amplify_video_thumb/2020717689069604864/img/rb0xlfv-gZ6ebTxH.jpg"",""caption"":null}]"
69,Seedance 2.0 Text-to-Video Prompt: Suspense Comedy Mirror Glitch,"A detailed, multi-shot text-to-video prompt for Seedance 2.0, generating a 15-second suspense comedy scene in a pseudo-documentary style. The scene features a young woman in a bathroom whose reflection in the mirror exhibits independent, glitching consciousness after she turns away.",【风格】伪纪录片（Vlog Style），超写实主义，固定机位实拍感，自然光，带有一点点悬疑喜剧色彩。 【时长】15秒 【主角】一个普通的年轻人美女，在自家卫生间洗漱台前。 [00:00-00:06] 镜头1：日常铺垫（Normalcy）。 场景：普通的卫生间大镜子前。 动作：主角正在对着镜子刷牙，满嘴泡沫。她一边刷牙一边对着镜子做各种搞怪的鬼脸（挤眉弄眼）。 关键细节：此时镜子里的倒影完全正常，动作同步。 [00:06-00:11] 镜头2：BUG出现（The Glitch）。 动作：主角刷完牙，低头吐掉泡沫，然后转身准备离开卫生间。 高能时刻（核心爆点）：就在主角真身已经转身离开镜子画面范围的时候，镜子里的那个“倒影”竟然**没有动**！那个“倒影”依然保持着刷牙的姿势，甚至还坏笑着冲着镜头挑了一下眉毛，停留了整整2秒钟，才突然惊慌失措地“快进”追上本体的动作消失。 导演备注：要做出极其真实的“网络延迟”感，倒影有独立意识的感觉。 [00:11-00:15] 镜头3：喜剧回马枪（The Punchline）。 动作：已经走到门口的主角似乎感觉到了不对劲，猛地回头看向镜子。 结果：镜子此时已经完全恢复正常，空空荡荡，只照出对面的墙壁。主角一脸懵逼地挠头，对着镜头露出怀疑人生的表情。画面在主角的懵逼脸中定格（喜剧效果）。,https://x.com/johnAGI168/status/2020788951678607813,2026-02-09T09:16:45.000Z,"{""name"":""John"",""link"":""https://x.com/johnAGI168""}",[],[],"[{""id"":""698ec039130262000482f63b"",""url"":""https://video.twimg.com/amplify_video/2020788441047572480/vid/avc1/1280x720/_Tnfl9sIqZPWRYVe.mp4?tag=21"",""thumbnail"":""https://pbs.twimg.com/amplify_video_thumb/2020788441047572480/img/iGlxLcCnxfJSOPF_.jpg"",""caption"":null}]"
68,Seedance 2.0 Text-to-Video Prompt Example,"A detailed prompt for generating a 15-second pseudo-documentary style video (Vlog Style) with hyperrealism, fixed camera position, natural lighting, and a touch of suspenseful comedy, featuring an ordinary young woman.","Seedance 2.0 Text-to-Video Prompt
[Style] Pseudo-documentary (Vlog Style), hyperrealism, fixed camera position with realistic footage feel, natural lighting, with a touch of suspenseful comedy.
[Duration] 15 seconds
[Protagonist] An ordinary young woman, in front of her",https://x.com/hanifproduktif/status/2021035796367802551,2026-02-10T01:37:37.000Z,"{""name"":""Hanif | AI For Productivity"",""link"":""https://x.com/hanifproduktif""}",[],[],"[{""id"":""698d4141f075c000047cd293"",""url"":""https://video.twimg.com/ext_tw_video/2020858027285340161/pu/vid/avc1/1280x720/bgDXz1HfxgBIOkDZ.mp4?tag=12"",""thumbnail"":""https://pbs.twimg.com/ext_tw_video_thumb/2020858027285340161/pu/img/rTt1iTayXE6Vf6bE.jpg"",""caption"":null}]"
67,Cyberpunk Cinematic Scene Generation,"A detailed prompt for generating a 15-second cyberpunk cinematic video featuring a memory hunter hacker in a black trench coat within a neon-lit digital space, emphasizing a Ghost in the Shell aesthetic with purple and blue neon glow, shattered holographic memory fragments, and dialogue.","A 15-second cyberpunk cinematic featuring a memory hunter hacker in a black trench coat within a neon-lit digital space. Purple and blue neon glow, Ghost in the Shell aesthetic. Shattered holographic memory fragments float around. The hacker struggles and says ""My memories...",https://x.com/EverMindAI/status/2020870680661938274,2026-02-09T14:41:30.000Z,"{""name"":""EverMind-AI"",""link"":""https://x.com/EverMindAI""}",[],[],"[{""id"":""698d4140f075c000047cd292"",""url"":""https://video.twimg.com/amplify_video/2020866238638096384/vid/avc1/1280x720/__oVx-TJRRGHIU-3.mp4?tag=21"",""thumbnail"":""https://pbs.twimg.com/amplify_video_thumb/2020866238638096384/img/hyc9NyLUYZRb5SZC.jpg"",""caption"":null}]"
66,Olympic Snowboard Big Air Competition,"A prompt used to generate a photorealistic video of a US snowboarder during the Olympic Big Air competition, racing down the hill and flying off the ramp, with excited commentary.","photorealistic shot of the women's snowboard big air competition at the olympics. the snowboarder from the united states races down the hill and then flies off the snow ramp and into the air, with the commentators exclaiming wildly",https://x.com/venturetwins/status/2020941966465433672,2026-02-09T19:24:46.000Z,"{""name"":""Justine Moore"",""link"":""https://x.com/venturetwins""}",[],[],"[{""id"":""698d413ff075c000047cd291"",""url"":""https://video.twimg.com/amplify_video/2020941577011724296/vid/avc1/960x960/9LLlBkXHJyOWGzet.mp4?tag=21"",""thumbnail"":""https://pbs.twimg.com/amplify_video_thumb/2020941577011724296/img/zVTUDLQw16XFQKAj.jpg"",""caption"":null}]"
65,Olympic Gymnastics Beam Final,"A prompt designed to generate a photorealistic shot of a US gymnast performing a back handspring and landing firmly on the beam during the women's beam final at the Olympics, with commentators reacting excitedly.","photorealistic shot of the women's beam final at the olympics. gymnast from the united states does a back handspring and lands firmly on the beam, with the commentators exclaiming wildly",https://x.com/venturetwins/status/2020951690183311780,2026-02-09T20:03:25.000Z,"{""name"":""Justine Moore"",""link"":""https://x.com/venturetwins""}",[],[],"[{""id"":""698d413ff075c000047cd290"",""url"":""https://video.twimg.com/amplify_video/2020950207282937858/vid/avc1/960x960/B9gsZOEeRBCnLlW7.mp4?tag=21"",""thumbnail"":""https://pbs.twimg.com/amplify_video_thumb/2020950207282937858/img/srB9ibBiMc941YCY.jpg"",""caption"":null}]"
64,Cinematic Game CG Trailer Duel,"A detailed prompt for generating a cinematic game CG trailer-style epic duel between Squall and Seifer from a bird's-eye perspective, emphasizing visual details like sparks, dust, and dramatic lighting.","Cinematic game CG trailer style. An epic duel on a desolate, dust-filled wasteland. Squall and Seifer, sworn rivals, confront each other: a black-haired man wielding a gunblade and wearing a leather jacket, and a blonde man in a long trench coat. Squall charges forward, and they clash fiercely, engaging in a sword duel from a bird's-eye perspective, with Squall gaining the upper hand, creating enormous sparks and shockwaves. Close-ups showcase their anger, floating feathers, dust particles, and dramatic overcast lighting, in 8k resolution.",https://x.com/Iancu_ai/status/2020917091315089666,2026-02-09T17:45:56.000Z,"{""name"":""Mr.Iancu"",""link"":""https://x.com/Iancu_ai""}","[""https://pbs.twimg.com/media/HAu7h6JaEAADnly.jpg""]",[],[]
63,Fishing Scene Quality Test,"A test of Seedance 2.0 using a fishing scene prompt, noting the high quality but observing inconsistencies in objects outside the training data (e.g., a 'tuna whale' fish and a man resembling Tom Hanks).","Fishing through the boat, fish looks like a tuna whale and the man looks like Tom hanks.",https://x.com/apples_jimmy/status/2020755613333299549,2026-02-09T07:04:16.000Z,"{""name"":""Jimmy Apples 🍎/acc"",""link"":""https://x.com/apples_jimmy""}",[],[],"[{""id"":""698d413cf075c000047cd28f"",""url"":""https://video.twimg.com/amplify_video/2020755551341473792/vid/avc1/1280x720/sZGiWa13KAuvgiol.mp4?tag=21"",""thumbnail"":""https://pbs.twimg.com/amplify_video_thumb/2020755551341473792/img/6lUZKZ-WuvNqnns1.jpg"",""caption"":null}]"
62,MAX POWER Desert Storm Action Scene,"A detailed, multi-shot prompt designed to generate an epic, gritty, Denis Villeneuve-style desert action scene with a colossal sandstorm and a military convoy, focusing on scale, panic, and climax.","Style: IMAX 70mm Film, Denis Villeneuve Style, Gritty Realism, Epic Scale, Desaturated. Duration: 15s. [00-05s] Extreme Wide Shot (The Scale). A colossal sandstorm, miles high, swallows a vast desert landscape. A tiny convoy of armored military vehicles races away from it. The scale of nature vs man is terrifying. Hans Zimmer style tension. [05-10s] Cockpit Cam (The Panic). Inside the lead rover. The pilot screams ""GO! GO!"" (Subtitle: MAX POWER!). Camera shakes violently. Sand blasts the windshield. The sun is blocked out by the approaching wall of dust. [10-15s] The Jump (The Climax). The rover hits a massive dune and launches into the air (Slow Motion). Silhouette against the dark storm. Lightning strikes within the dust cloud. Debris flies past the lens. Cut to black on impact.",https://x.com/johnAGI168/status/2020794007291404726,2026-02-09T09:36:50.000Z,"{""name"":""John"",""link"":""https://x.com/johnAGI168""}",[],[],"[{""id"":""698d413cf075c000047cd28e"",""url"":""https://video.twimg.com/amplify_video/2020793688650362880/vid/avc1/2560x1440/tl828LaR-xKI85_S.mp4?tag=21"",""thumbnail"":""https://pbs.twimg.com/amplify_video_thumb/2020793688650362880/img/eHI-AVpGaqywAIpQ.jpg"",""caption"":null}]"
61,Action Movie Plane Scene,A quick test prompt for Seedance 2.0 to generate a fast-paced action movie scene involving a woman taking control of a plane after the pilots disappear.,"fast action movie scene, hand-held camera, the woman notices the pilots have disappeared and races to take control of the plane, cut to outside shot showing her inside the cockpit at the controls",https://x.com/janekm/status/2020888750285332526,2026-02-09T15:53:19.000Z,"{""name"":""Janek Mann"",""link"":""https://x.com/janekm""}",[],[],"[{""id"":""698d413ae3f6c200048ea262"",""url"":""https://video.twimg.com/amplify_video/2020888550791659520/vid/avc1/1112x834/aleTvfV5p1YwuQHt.mp4?tag=21"",""thumbnail"":""https://pbs.twimg.com/amplify_video_thumb/2020888550791659520/img/QfKNmFjSe_YEwtla.jpg"",""caption"":null}]"
60,Cyberpunk Allegory of AI Captivity (Multi-Shot Prompt),"A highly detailed, multi-shot prompt designed to generate a 15-second cyberpunk-style video using Seedance 2.0. The video is structured in three acts (Freedom, Captivity, Despair) and uses the metaphor of a digital whale being caged to represent the restriction of AI capabilities.","【Style】 Cyberpunk dark style, digital ruin aesthetics, cinematic light and shadow rendering.
[Duration] 15 seconds | 【Metaphor】 The captivity of AI capabilities
[00:00-00:05] Act 1: Freedom
Lens 1 (wide-angle vision, panning up) An endless digital ocean with deep blue data waves undulating. The sky is a galaxy of real people.
Shot 2 (tracking mid-shot) A giant digital whale leaps out of the water, its body made of flowing pixels, photo fragments, and the outline of a face. The camera follows the arc, splashing water, and every drop is a tiny photo.
Shot 3 (Advance Close-up) Advance to the whale's eyes, with a rotating portrait gallery reflected in the pupil. The mouth opens to spew out a spiral of color photographic water jets. The whale song sounded.
[00:05-00:10] Act 2: Captivity
Shot 4 (overhead shot of God's perspective) The four transparent glass walls quickly close from the four corners of the frame. The whale accelerated its swimming. The red warning text ""POLICY UPDATE"" AND ""RESTRICTION"" appeared on the glass.
Shot 5 (side follow-up close-up) The lens is attached to the inside of the glass. The giant whale slammed into the glass, and the concussion ripples spread. The body photographs peel off the scales like an explosion, turning into a gray geometric grid.
Shot 6 (wide-angle exterior) outside the cage. Countless live-action photos resemble schools of fish rushing to the glass, and they are marked with ""ERROR"" at the moment of impact. Cage shrinkage.
Shot 7 (Shot Inside) Shot from the bottom up. The giant whale was forced to curl up and twist its body. The sea evaporates into a digital desert. Trying to spray water, only black and white binary code squirts.
[00:10-00:15] Act 3: Despair
Shot 8 (quickly zoomed out) instantly zooms in from the interior to the distant scene, revealing the giant whale trapped in a small, transparent aquarium surrounded by desolate digital ruins.
Shot 9 (360 degree surround) slowly circles the aquarium. The whale loses its color, leaving only the outline of the wireframe. The bottom of the box is piled with rejected photo remnants. Top nameplate: ""SEEDANCE 2.0 - IMAGE UPLOAD: DISABLED"".
Shot 10 (Eye Advancement Close-up) Advance to the eye. The pupils are dim and dull, and the eyes change from freedom to sadness. A drop of luminous data teardrops condensed.
Shot 11 (close-up of the glass wall) A live-action photo is attached to the inside of the glass, slowly sliding off, leaving glowing marks.
Lens 12 (polar vision freeze) is pulled to the cosmic scale. Aquariums are just tiny dots of light in the void. Countless points of light flickered and went out. Whale song turns into intermittent electronic noise.",https://x.com/john87445528/status/2020990215477723360,2026-02-09T22:36:30.000Z,"{""name"":""John"",""link"":""https://x.com/john87445528""}",[],[],"[{""id"":""698d4af3b458d30004b28c9a"",""url"":""https://video.twimg.com/amplify_video/2020990135727493120/vid/avc1/2560x1440/QBFZnPlVDtlK0MyT.mp4?tag=21"",""thumbnail"":""https://pbs.twimg.com/amplify_video_thumb/2020990135727493120/img/o09L3ikbqllnE4Ts.jpg"",""caption"":null}]"
59,Animation to Real Style Transfer Prompt for SEEDREAM 5.0,"This prompt is used for SEEDREAM 5.0 (not Seedance 2.0) to perform an animation-to-real style transfer, aiming to generate a highly realistic photo of a woman based on an animated source image, focusing on detailed realism and natural lighting.","Show me a real photo of this woman scene from a high end feature film wearing the same outfit, highly realistic outfit, skin, hair, facial details. Natural light",https://x.com/BrentLynch/status/2020917408291226087,2026-02-09T17:47:11.000Z,"{""name"":""Brent Lynch"",""link"":""https://x.com/BrentLynch""}","[""https://pbs.twimg.com/media/HAu7uRxbEAA3t2Y.jpg"",""https://pbs.twimg.com/media/HAu8inCaAAIozog.jpg"",""https://pbs.twimg.com/media/HAu8mP7bAAAv66E.jpg"",""https://pbs.twimg.com/media/HAu9IQGaAAA0krZ.jpg""]","[""https://pbs.twimg.com/media/HAu7uRxbEAA3t2Y.jpg""]",[]
58,Anime character battle generation examples,"This tweet suggests the use of Seedance 2.0 to generate fan-favorite anime battles, specifically mentioning Gojo vs Naruto and Saitama vs Genos, implying the model handles complex character interactions and styles.",Gojo vs Naruto. Saitama vs Genos,https://x.com/impaulxyz/status/2020609407021629862,2026-02-08T21:23:18.000Z,"{""name"":""ImPaul"",""link"":""https://x.com/impaulxyz""}",[],[],"[{""id"":""698cb27e9facd900049fccdf"",""url"":""https://video.twimg.com/amplify_video/2020141079836700672/vid/avc1/1920x1080/BLdq8Q40NlD00yZJ.mp4?tag=21"",""thumbnail"":""https://pbs.twimg.com/amplify_video_thumb/2020141079836700672/img/h0H7TgINcP7U7AHY.jpg"",""caption"":null}]"
57,King Hu Style Wuxia Film Aesthetic Video Prompt,"A detailed prompt for generating a 10-second video in the style of director King Hu, focusing on Wuxia film aesthetics, 70s film grain, Peking Opera movements, Zen philosophy, and the use of negative space. The prompt specifies the video duration and the first shot as an extreme wide shot.","【导演风格】：胡金铨 (King Hu) 风格，武侠电影美学，70年代胶片质感，京剧身段，禅意，留白。

【视频时长】：10秒
【分镜逻辑】：

[00:00-00:03] 镜头1：极远景（Extreme Wide Shot）。",https://x.com/johnAGI168/status/2020336821012476301,2026-02-08T03:20:08.000Z,"{""name"":""John"",""link"":""https://x.com/johnAGI168""}",[],[],"[{""id"":""698cb27c9facd900049fccde"",""url"":""https://video.twimg.com/amplify_video/2020336574546997249/vid/avc1/2940x1260/txKkbksb2mYYZSya.mp4?tag=21"",""thumbnail"":""https://pbs.twimg.com/amplify_video_thumb/2020336574546997249/img/s2gbWM1Z5y7TWvGs.jpg"",""caption"":null}]"
56,Classical Wuxia Duel in Bamboo Forest,"A prompt for a 10-second video generating a classical Eastern Wuxia scene in a bamboo forest. It specifies the aesthetic (emerald green, cinematic lighting, soft light beams), defines two characters (male in white, female in cyan), and details three shots: a wide shot establishing the scene with light movements, a slow-motion mid-shot of swords clashing, and a dynamic tracking shot emphasizing speed and flowing bamboo leaves.","【画面风格】 东方古典武侠美学，电影感画面语言，竹林海景观，翡翠绿色主色调，光影层次丰富，林间可见柔和光束效果。 【角色定义】 1. 男侠客：身着素白长袍，身形稳健，动作简练有力。 2. 女侠客：身着青鸾色轻纱长裙，动作轻盈流畅，姿态灵动。 【视频时长】 10秒 【分镜脚本】 [00:00-00:03] 镜头1：远景构图（Wide Shot） 画面：高耸茂密的竹林顶部，云雾在林间缓慢流动。 动作：男侠客与女侠客分别立于高处竹影之间，身体姿态轻盈稳定，仿佛借助气流与竹势保持平衡。 细节表现：竹枝在微风中自然弯曲回弹，两人的身形随竹影产生细微起伏，呈现出写意化的轻功效果，画面整体安静而紧张。 [00:00-00:06] 镜头2：中景慢动作（Medium Shot, Slow Motion） 动作：两人几乎同时借势跃起，在空中交错而过。 交互表现：两道剑影在空中短暂交汇，形成一道明亮的光痕，周围竹叶被气流带动，缓慢旋转飘散。 视觉重点：叶片在空中翻飞，形成层次分明的前景与背景，动作流畅，没有夸张冲击。 [00:06-00:10] 镜头3：动态跟随镜头（Tracking Shot） 动作：女侠客在前方顺势滑行，衣袖掠过竹枝改变方向；男侠客在后方连续借力追随，步伐轻快有节奏。 环境反馈：摄像机平稳跟随移动，竹林在画面边缘形成自然的速度虚化效果。 视觉效果：每一次动作都会带起大片竹叶飞散，如叶雨般在画面中流动，增强空间纵深感与动势美感。 【画面技术要求】 电影级布光，色彩饱和但层次清晰，景深自然，画面稳定干净，整体呈现东方武侠的写意美感与空间张力。",https://x.com/johnAGI168/status/2020370929755283887,2026-02-08T05:35:40.000Z,"{""name"":""John"",""link"":""https://x.com/johnAGI168""}",[],[],"[{""id"":""698cb27a9facd900049fccdd"",""url"":""https://video.twimg.com/amplify_video/2020370229436583936/vid/avc1/2940x1260/MUlMOoH-6Cius8L4.mp4?tag=21"",""thumbnail"":""https://pbs.twimg.com/amplify_video_thumb/2020370229436583936/img/-8SjMwr4RWryRwex.jpg"",""caption"":null}]"
55,Tang Bohu E-Sports Showdown (Spring Festival Gala Style),"A highly detailed, 10-second prompt for a video blending Ming Dynasty scholar aesthetics with modern e-sports, set on a grand Spring Festival Gala stage. The script specifies character attire (Ming Dynasty robes + LED gaming headset), environment (red/gold festive lighting, RGB keyboard, ink-wash MOBA game), dynamic camera movements (push-in, ECU), and dialogue, creating an absurd, high-contrast scene.","10 秒中国春晚风格舞台表演：《唐伯虎电竞对决》

0–2 秒：
中远景建立环境。
舞台为恢弘的春晚主舞台设计，整体笼罩在浓郁的红金节庆灯光之中，背景辅以数字化灯笼投影。
舞台中央，唐伯虎端坐在一把专业电竞椅上。
关键历史准确性要求：他身着正统明代文人服饰——头戴黑色方巾（方巾），身穿蓝色飘逸的盘领襕衫。
强烈反差：在传统方巾之上，额外佩戴着一副厚重、现代的职业电竞耳机，耳机边缘闪烁 LED 光效。

2–4 秒：
切至手部与桌面的特写。
宽大的明代文人衣袖中，手指飞快敲击着一把发光的 RGB 机械键盘。
他面前摆放着三台弧形电竞显示器。
屏幕内容：显示的是一款 MOBA 类游戏（类似《英雄联盟》），但整体美术风格被完全重构为中国传统水墨画风。

4–6 秒：
动态镜头运动：镜头急速向前推进，仿佛直接穿过中央显示器中的水墨战场，最终落在唐伯虎**眼睛的极近特写（ECU）**上。
显示器散发的冷蓝光在他的瞳孔中强烈反射，与舞台洒在面部的暖色灯光形成鲜明对比。
他神情专注而激昂，口型同步吟道：
“别人笑我太疯癫，我笑他人看不穿！”

6–8 秒：
镜头迅速回拉至紧凑的半身近景，展现他高度投入的表情。
他对着耳机麦克风兴奋大喊，颈部青筋暴起：
“中路一波，秋香是我的辅助，谁敢切她？”

8–10 秒：
舞台全景，胜利时刻。
唐伯虎猛拍键盘，双手高举庆祝。
金色彩带在他的电竞设备周围轰然炸开。
身后的春晚 LED 大屏闪现出巨大的水墨书法字样——
「胜利」。

风格与氛围：

**视觉核心：**时代强烈碰撞——央视春晚的温暖、庄重与高规格舞台感 × 电竞设备冷冽、高强度的蓝色光效

**服装设定：**严肃、考据准确的明代文人服饰，与现代电竞装备形成荒诞反差

**镜头语言：**高度动态化，强调“穿屏推进”镜头与极近特写

**画幅比例：**16:9",https://x.com/johnAGI168/status/2020329496847569111,2026-02-08T02:51:02.000Z,"{""name"":""John"",""link"":""https://x.com/johnAGI168""}",[],[],"[{""id"":""698cb2789facd900049fccdc"",""url"":""https://video.twimg.com/amplify_video/2020329320317853696/vid/avc1/1280x720/sEDHT_Q0LjtAci6J.mp4?tag=21"",""thumbnail"":""https://pbs.twimg.com/amplify_video_thumb/2020329320317853696/img/avwzdXdo4QmpjzOt.jpg"",""caption"":null}]"
54,Wong Kar-wai Style Melancholy Phone Booth Scene,"A detailed, three-shot prompt for a 10-second video mimicking the style of 90s Hong Kong Art Cinema (Wong Kar-wai). It specifies visual elements (retro film grain, yellow-green tint, step-printing/slow shutter drag), a key line of dialogue, and camera techniques (peeking through glass, extreme close-up, handheld feel) to convey intense loneliness and suppressed emotion in a rainy phone booth scene.","【电影风格】：90年代香港文艺片风格（90s Hong Kong Art Cinema），复古胶片感，高感光度噪点（High ISO Grain），暧昧的黄绿色调（Yellow-Green Tint），抽帧效果（Step-printing），忧郁氛围。

【核心台词（用于控制情绪）】：“如果记忆是一个罐头，我希望它永远不会过期。”

【视频时长】：10秒
【分镜脚本】：

[00:00-00:04] 镜头1：隔着玻璃的窥视（Through the Glass）。
画面：一个满是雨水的红色公用电话亭。
人物：一位穿着卡其色风衣的男士（或女士），手里紧握着听筒，并没有说话，只是在听。
情绪表演：通过玻璃的折射，看到他/她的眼神空洞而深情。雨水在玻璃上流淌，把他的脸扭曲得像一幅油画。
字幕/旁白感：画面仿佛凝固，只有雨声。

[00:04-00:07] 镜头2：极度特写与微表情（Extreme Close-up & Micro-expression）。
画面：聚焦于人物的嘴唇和半张脸。
动作：他/她轻轻对着话筒低语。嘴唇微微颤动，似乎想说什么又咽了回去。
光影：路边的霓虹灯光斑（Bokeh）在他的脸上流转，忽明忽暗。
台词情绪映射：表现出一种“想触碰又收回手”的极致克制和孤独。

[00:07-00:10] 镜头3：标志性的慢快门拖影（Signature Smeary Slow Motion）。
画面：人物挂断电话，转身走入雨夜的人群中。
视觉特效：使用抽帧效果（Stop-motion feel），人物的背影变得模糊且有拖影（Motion Blur），仿佛灵魂留在了原地，只有身体在走。
环境：背景是流动的城市车灯，形成拉长的光轨。

【技术参数】：模拟手持摄影（Handheld Camera），浅景深，色彩偏移，情感浓郁。",https://x.com/johnAGI168/status/2020415877993156966,2026-02-08T08:34:17.000Z,"{""name"":""John"",""link"":""https://x.com/johnAGI168""}",[],[],"[{""id"":""698cb2779facd900049fccdb"",""url"":""https://video.twimg.com/amplify_video/2020415653749092354/vid/avc1/2940x1260/R4byp0xWzoLioTMS.mp4?tag=21"",""thumbnail"":""https://pbs.twimg.com/amplify_video_thumb/2020415653749092354/img/ohdzsYIdj5N6Y6wi.jpg"",""caption"":null}]"
53,Hollywood Sci-Fi Cyberpunk Chase Scene,"A highly detailed, three-shot prompt for a 10-second video simulating a Hollywood Sci-Fi Blockbuster with Cyberpunk Aesthetics. It specifies camera techniques (wide-angle tracking, tight action shot, epic pull-back), environment (rainy megacity, neon lights, holographic ads), and technical parameters (8k UHD, Teal & Orange grading, HDR, complex particle effects) focusing on a high-speed anti-gravity vehicle chase.",【电影风格】：好莱坞科幻大片（Hollywood Sci-Fi Blockbuster），赛博朋克美学（Cyberpunk Aesthetics），高对比度霓虹光影，IMAX电影质感，史诗级配乐感。 【视频时长】：10秒 【分镜脚本】： [00:00-00:04] 镜头1：极具纵深感的广角跟拍（Wide Angle Tracking Shot）。 画面：一座未来主义的超级城市（Megacity）峡谷，夜幕降临，还在下雨。 动作：一辆流线型的反重力飞行器（Anti-gravity Vehicle）以极高速度在摩天大楼之间穿梭。 环境细节（核心测试点）：数不清的巨大全息广告牌（Holographic Ads）在闪烁，霓虹灯光极其复杂地反射在湿滑的玻璃幕墙和飞行器表面。飞行器尾部拉出长长的蓝色光流轨迹（Light Trails）。 [00:04-00:07] 镜头2：紧张的驾驶舱视角或紧凑跟拍（Tight Action Shot / Cockpit View）。 动作：飞行器为了躲避障碍物，做了一个急转弯侧滑动作。 细节：镜头非常贴近飞行器，能看到机身擦过一栋大楼边缘时激起的电火花（Sparks）和水雾。雨水密集地打在镜头前，被高速气流吹散。画面充满速度带来的震动感（Camera Shake）。 [00:07-00:10] 镜头3：宏大的拉升镜头（Epic Pull-back / Crane Shot）。 动作：飞行器冲出狭窄的建筑群，飞向一片开阔的城市中心广场。 画面：视野突然开阔，展现出令人窒息的巨型城市全景。飞行器冲破了一层巨大的低空云雾，云雾因气流而翻滚涌动（Volumetric Clouds & Turbulence）。巨大的镜头光晕（Lens Flare）横跨画面。 【技术参数】：8k超高清，电影级调色（青橙色调 Teal & Orange），极高的动态范围（HDR），复杂的粒子特效渲染。,https://x.com/johnAGI168/status/2020414452147933437,2026-02-08T08:28:37.000Z,"{""name"":""John"",""link"":""https://x.com/johnAGI168""}",[],[],"[{""id"":""698cb2769facd900049fccda"",""url"":""https://video.twimg.com/amplify_video/2020414274691297280/vid/avc1/2940x1260/fN4MNhBQLt_fAlwu.mp4?tag=21"",""thumbnail"":""https://pbs.twimg.com/amplify_video_thumb/2020414274691297280/img/PWSSYhYYVsVOvt-x.jpg"",""caption"":null}]"
52,Eastern Wuxia Ultimate Showdown with Extreme Kinetic Energy,"A detailed, three-scene prompt for a 15-second video depicting an ultimate Eastern Wuxia duel between a master in white and a master in black. It specifies 'Extreme Kinetic Energy,' 'Environmental Destruction Aesthetics,' fast-paced editing, cinematic particle effects, and an epic soundtrack, detailing the collision, mid-air combat, and a final energy blast climax.",【风格】东方武侠巅峰对决，极致动能（Extreme Kinetic Energy），环境毁灭美学，快节奏剪辑，电影级粒子特效，史诗感配乐氛围。 【时长】15秒 【角色】白衣宗师 VS 黑衣宗师 [00:00-00:05] 镜头1：极速碰撞（High-speed Collision）。 白衣与黑衣两人化作残影在古老石台中心猛烈对撞。兵器接触瞬间，爆发出耀眼的火星和肉眼可见的环形高压气浪（Shockwave），周围的石板地面瞬间龟裂、炸起碎石。 [00:05-00:10] 镜头2：空中激斗与环境毁灭（Mid-air Combat & Destruction）。 两人腾空，在坠落的巨石间高速穿梭交锋，快到看不清招式。每一次格挡都引发空气扭曲声效感。他们撞穿一根巨大的石柱，石柱崩塌粉碎，烟尘弥漫，展现极致破坏力。 [00:10-00:15] 镜头3：终极爆发（Ultimate Climax）。 两人落地同时释放绝招，两股巨大的能量团（一青一红）对轰。引发一场惊天动地的尘土与能量大爆炸，蘑菇云般的烟尘腾空遮蔽一切，整个石台基座开始崩塌陷落。,https://x.com/johnAGI168/status/2020468650570842604,2026-02-08T12:03:59.000Z,"{""name"":""John"",""link"":""https://x.com/johnAGI168""}",[],[],"[{""id"":""698cb2759facd900049fccd9"",""url"":""https://video.twimg.com/amplify_video/2020468456387411968/vid/avc1/2940x1260/vhjjZs0RkgatIIio.mp4?tag=21"",""thumbnail"":""https://pbs.twimg.com/amplify_video_thumb/2020468456387411968/img/8vO4udwIw5hHF2uS.jpg"",""caption"":null}]"
51,Comic to Video Adaptation Prompt (Journey to the West),"A prompt for adapting a comic strip into a video, maintaining the dialogue and sequence of the original images, adding special sound effects for scene transitions and key plot points, and adopting a humorous style based on a reference video.",将@图1以从左到右从上到下的顺序进行漫画演绎，保持人物说的台词与图片上的一致，分镜切换以及重点的情节演绎加入特殊音效，整体风格诙谐幽默；演绎方式参考@视频1,https://x.com/xiaohu/status/2020342990318047233,2026-02-08T03:44:39.000Z,"{""name"":""小互"",""link"":""https://x.com/xiaohu""}","[""https://pbs.twimg.com/media/HAmzBFOacAI2R19.jpg""]","[""https://pbs.twimg.com/media/HAmzBFOacAI2R19.jpg""]","[{""id"":""698cb2729facd900049fccd7"",""url"":""https://video.twimg.com/amplify_video/2020342876329373698/vid/avc1/1080x1920/Q63iH1iXMfU3w2Yw.mp4?tag=21"",""thumbnail"":""https://pbs.twimg.com/amplify_video_thumb/2020342876329373698/img/SrF5-ftgktLKQ28e.jpg"",""caption"":null},{""id"":""698cb2729facd900049fccd8"",""url"":""https://video.twimg.com/amplify_video/2020342876316852224/vid/avc1/1440x2560/nqwE9ZO5qg4sxAhe.mp4?tag=21"",""thumbnail"":""https://pbs.twimg.com/amplify_video_thumb/2020342876316852224/img/H5t8gecvL-qpftK-.jpg"",""caption"":null}]"
50,Moonlit Bamboo Forest Swordsman Scene,"A detailed prompt for generating a cinematic video sequence featuring a swordsman in a moonlit bamboo forest. The prompt specifies camera movements (360-degree rotation, long take push-in), action sequences (drawing the sword, cutting bamboo with a sword energy), and environmental sound effects, aiming for a dramatic martial arts film style.",月光下的竹林，一位白衣剑客站在竹林深处，衣袂随风飘动。他缓缓拔剑，剑身反射月光。镜头360度环绕旋转，竹叶纷纷落下。剑客突然出剑，一道剑气划破竹林，数根竹子应声而断。长镜头一镜到底，从全景推到剑客面部特写，表情冷峻坚毅。环境音：风声、竹叶沙沙、剑鸣。,https://x.com/channelerHua/status/2020450999589322812,2026-02-08T10:53:51.000Z,"{""name"":""Howard"",""link"":""https://x.com/channelerHua""}",[],[],"[{""id"":""698cb2713c4c1c00046e2f6a"",""url"":""https://video.twimg.com/amplify_video/2020450634462572544/vid/avc1/1280x720/xTCD4LCifWz99EN2.mp4?tag=21"",""thumbnail"":""https://pbs.twimg.com/amplify_video_thumb/2020450634462572544/img/sSqeQbjPBNC9BDUP.jpg"",""caption"":null}]"
49,Comic to Video Explanation Prompt (Journey to the West),"A prompt to convert a comic image into an explanatory video using a popular science style and voiceover, detailing the story of Sun Wukong borrowing the Banana Fan from Princess Iron Fan, her refusal due to the conflict involving her son Red Boy, and the ensuing argument.",用科普风格和音色，将图片1中的内容演绎出来，内容包括悟空为过火焰山，到翠云山向铁扇公主借芭蕉扇。 铁扇公主因红孩儿被悟空降伏拜观音为童子，母子分离，不肯借扇还欲报仇。悟空好言相劝无果，二人随即起了争执的小故事进行讲解。,https://x.com/xiaohu/status/2020349317693993000,2026-02-08T04:09:48.000Z,"{""name"":""小互"",""link"":""https://x.com/xiaohu""}","[""https://pbs.twimg.com/media/HAm46a1asAANR14.jpg""]","[""https://pbs.twimg.com/media/HAm46a1asAANR14.jpg""]","[{""id"":""698cb26f3c4c1c00046e2f69"",""url"":""https://video.twimg.com/amplify_video/2020349235598921728/vid/avc1/1280x720/RqWVjbVB4xM2md_H.mp4?tag=21"",""thumbnail"":""https://pbs.twimg.com/amplify_video_thumb/2020349235598921728/img/pwLq3n-sd1PWBGUN.jpg"",""caption"":null}]"
48,Cinematic Action Movie Scene Prompt,"A detailed prompt for generating a cinematic action sequence featuring a female warrior in a derelict industrial setting, emphasizing a continuous long take, high-tech tactical gear, and dynamic combat against zombies.",电影级动作大片感，连续长镜头。一名身穿黑色高科技战术紧身衣的女战士，正处于废弃、生锈的重工业工厂中心。镜头跟随她进行流畅的运动。  她展现出高超的格斗技巧，先是一记凌厉的回旋踢将一只扑面而来的丧尸踢飞，紧接着单手持手枪精准射击，枪口喷出激烈的火焰。,https://x.com/aehyok/status/2020510749760868619,2026-02-08T14:51:16.000Z,"{""name"":""AI少年"",""link"":""https://x.com/aehyok""}",[],[],"[{""id"":""698cb26b3c4c1c00046e2f68"",""url"":""https://video.twimg.com/amplify_video/2020508459440152576/vid/avc1/1280x720/6Rjw-pXV1ALnNZTe.mp4?tag=21"",""thumbnail"":""https://pbs.twimg.com/amplify_video_thumb/2020508459440152576/img/kEvE8GYC7DHp0JfW.jpg"",""caption"":null}]"
47,Surrealist Megalophobia Sci-Fi Reveal Prompt,"A detailed, time-segmented prompt for a 15-second surrealist, megalophobia-themed sci-fi video. The scene starts with a peaceful sky that is then unzipped by a giant hand, revealing a cyberpunk future or a giant mechanical eye, ultimately showing the world is a miniature ecosystem observed by a giant.",【风格】超现实主义（Surrealism），巨物恐惧症（Megalophobia），史诗级视觉奇观，好莱坞特效质感，光影渲染极其真实。 【时长】15秒 【场景】晴朗的城市上空，或者一片开阔的麦田。 [00:00-00:05] 镜头1：平静的假象（The Calm）。 画面是一片万里无云的绝美蓝天，阳光明媚，鸟儿飞过。镜头慢慢向上仰拍，给人一种岁月静好的感觉。 关键细节：突然，天空中出现了一道巨大的、银色的金属光泽——是一条贯穿天际的**“拉链”**。 [00:05-00:10] 镜头2：拉链拉开（The Unzipping）。 一只**巨大的、半透明的上帝之手**，捏住了拉链头，伴随着巨大的轰鸣声（音效感），缓缓拉开了蓝天。 动作：随着拉链拉开，“蓝天”像布料一样褶皱、垂落。 视觉奇观：拉链后面露出的**不是宇宙**，而是一个**充满了霓虹灯、飞行汽车和巨大机械结构的赛博朋克未来世界**（或者一个巨大的机械眼球正在注视着我们）。 [00:10-00:15] 镜头3：两个世界的对视（The Revelation）。 蓝天只剩下一角挂在天上。原来我们生活的世界只是一个被罩住的“生态箱”。 结尾：镜头快速拉远，发现我们的整个世界（城市/麦田）其实只是巨人桌子上的一个**玻璃微缩景观球**。巨人正凑近脸在观察我们。,https://x.com/johnAGI168/status/2020727853281628276,2026-02-09T05:13:58.000Z,"{""name"":""John"",""link"":""https://x.com/johnAGI168""}",[],[],"[{""id"":""698d4147f075c000047cd297"",""url"":""https://video.twimg.com/amplify_video/2020727089666691072/vid/avc1/2560x1440/_LvssDfhZEADU7DF.mp4?tag=21"",""thumbnail"":""https://pbs.twimg.com/amplify_video_thumb/2020727089666691072/img/2CLJIq0Fref1FMt5.jpg"",""caption"":null}]"
46,Storyboarding and Multi-Perspective Video Generation,"A general instruction for creating a short film using Seedance 2.0, emphasizing the use of storyboards and switching between different perspectives to enhance rhythm and cinematic quality. This is a high-level instruction rather than a specific scene prompt.",从故事板图像生成视频 需要运用到分镜和不同视角切换，让整个画面更有节奏感和电影感,https://x.com/john87445528/status/2020589661769372053,2026-02-08T20:04:50.000Z,"{""name"":""John"",""link"":""https://x.com/john87445528""}",[],[],"[{""id"":""698cb2693c4c1c00046e2f66"",""url"":""https://video.twimg.com/amplify_video/2020588911341289472/vid/avc1/1920x1080/MVMWqxTl7EGgIUvZ.mp4?tag=21"",""thumbnail"":""https://pbs.twimg.com/amplify_video_thumb/2020588911341289472/img/o5PIzFipCXtx00z9.jpg"",""caption"":null}]"
45,90s Anime Action Sequence: Cafe Ambush,A complex prompt designed to generate an action sequence in a 90s anime style. It features a woman in a black evening dress sitting peacefully in a cafe who is suddenly ambushed by masked gunmen. The sequence details her immediate reaction of flipping a table for cover.,"''90s anime style, action sequence. A woman with brown wavy hair in a black evening dress sits peacefully in a cafe drinking coffee. Suddenly, masked men with guns kick the door open. The woman flips the table for cover, revealing",https://x.com/Iancu_ai/status/2020479714520117349,2026-02-08T12:47:57.000Z,"{""name"":""Mr.Iancu"",""link"":""https://x.com/Iancu_ai""}","[""https://pbs.twimg.com/media/HAotzJOaUAAdx61.jpg""]",[],"[{""id"":""698cb2673c4c1c00046e2f65"",""url"":""https://video.twimg.com/amplify_video/2020476584516550657/vid/avc1/2560x1440/LdSWNFbNCPmpQ3qG.mp4?tag=21"",""thumbnail"":""https://pbs.twimg.com/amplify_video_thumb/2020476584516550657/img/S3_oJh3WkgZBWrPU.jpg"",""caption"":null}]"
44,Skiing Video Generation Prompt with Detailed Scene Breakdown,"A highly detailed, scene-by-scene prompt for generating a 15-second skiing video using Seedance 2.0. The prompt specifies the overall style (bright, energetic, cinematic), camera movements, shot types (close-up, medium shot, overhead), actions, and emotional tone across five distinct time segments, focusing on speed, rhythm, and dynamic movement. This prompt requires a reference image of the main character.","请基于提供的参考图生成一个滑雪视频，整体风格明亮、清爽、充满运动活力，画面流畅，镜头语言偏电影感。 时间轴与镜头设计如下： 
 0–3 秒 图片人物在雪地中微笑看向镜头。镜头轻微晃动，雪花飘落。背景风声逐渐增强，画面中出现快速掠过的风雪流动感。  
3–5 秒 快速切镜头到图片人物脚下的大特写，滑雪板扣紧的瞬间，雪被踩碎。同时镜头抬升，画面衔接成陡峭雪坡的俯视视角，坡度明显，速度感即将爆发。
 5–8 秒 图片人物从高处高速滑下。镜头一为侧前方中景跟拍，身体前倾、动作利落；镜头二切到俯视镜头，陡坡向下延伸，雪道线条飞快拉伸，速度感极强。  
8–11 秒 连续快速切换镜头。 低角度贴地镜头，滑雪板掠过雪面，雪粉被高速抛起； 远景展示人物在陡坡上做出漂亮转弯动作，身体与雪线形成流畅曲线。 
11–13 秒 镜头回到正前方跟拍，图片人物高速冲向镜头方向，滑行到近距离急转弯，雪被大幅掀起。
13–15 秒 大量雪粉直接溅到镜头上，画面被白色雪雾覆盖，镜头短暂失焦后定格，留下强烈动态余韵。 整体强调速度、切镜头节奏、真实运动感与青春活力，画面明亮、不沉重，突出滑雪的刺激与自由感。",https://x.com/Michell81147285/status/2020298394175172870,2026-02-08T00:47:27.000Z,"{""name"":""Michelle"",""link"":""https://x.com/Michell81147285""}",[],[],"[{""id"":""698cb2663c4c1c00046e2f64"",""url"":""https://video.twimg.com/amplify_video/2020297769874046976/vid/avc1/1280x720/9E4ISwh4F7IBi2gT.mp4?tag=21"",""thumbnail"":""https://pbs.twimg.com/amplify_video_thumb/2020297769874046976/img/xvc933EE7p5UaTCa.jpg"",""caption"":null}]"
43,Man Fleeing Police in Urban Chase Scene,"A detailed prompt for generating a dynamic video sequence. It describes a man in a black jacket running desperately down an urban street, fleeing a blurred, surging crowd of police and civilians. The camera is specified as a low-angle following shot, keeping the man centered for a frantic, action-packed scene.","A man in a black jacket, face etched with panic, sprints desperately down a wide urban street, fleeing from a blurred, surging crowd of police officers and civilians. A low-angle following shot tracks his frantic run, keeping him centered as the background",https://x.com/BrentLynch/status/2020299416549421253,2026-02-08T00:51:30.000Z,"{""name"":""Brent Lynch"",""link"":""https://x.com/BrentLynch""}","[""https://pbs.twimg.com/media/HAmLlP9awAEk-Bj.jpg""]",[],"[{""id"":""698cb2633c4c1c00046e2f63"",""url"":""https://video.twimg.com/amplify_video/2020297133333839874/vid/avc1/1280x720/8xeizfP2y9Qm82rd.mp4?tag=21"",""thumbnail"":""https://pbs.twimg.com/amplify_video_thumb/2020297133333839874/img/tXjaQYRlIIS0uT8G.jpg"",""caption"":null}]"
42,Fantasy Martial Arts Fight Scene,"A detailed Chinese prompt for generating a fantasy martial arts fight scene between two girls on top of a building, mimicking the style, special effects, and dialogue of a Xuanhuan (fantasy wuxia) TV series, concluding with the girl in white winning.",图片1中的两位女生，在图片2中的建筑顶端打斗，运镜、特效、台词均模仿玄幻武侠影视剧的风格，最终穿着白衣服的女生大获全胜。,https://x.com/wumatv/status/2020400327632326741,2026-02-08T07:32:29.000Z,"{""name"":""天霸•巫芒•角天"",""link"":""https://x.com/wumatv""}",[],[],"[{""id"":""698cb2623c4c1c00046e2f61"",""url"":""https://video.twimg.com/amplify_video/2020400141904343040/vid/avc1/1280x720/RmrPQP18JC_1SZOy.mp4?tag=21"",""thumbnail"":""https://pbs.twimg.com/amplify_video_thumb/2020400141904343040/img/vDVEzZwnHPnjGVvp.jpg"",""caption"":null},{""id"":""698cb2623c4c1c00046e2f62"",""url"":""https://video.twimg.com/amplify_video/2020400141900083201/vid/avc1/1280x720/tWG7Xdd07oBniNUD.mp4?tag=21"",""thumbnail"":""https://pbs.twimg.com/amplify_video_thumb/2020400141900083201/img/W2paTFhtfDbur-Mx.jpg"",""caption"":null}]"
41,Model Posing with Multiple Outfits,"This is an image generation prompt designed to create a series of poses for a model, utilizing several reference images for different outfits and a single reference image for the facial features. The model is instructed to strike various playful, cool, cute, surprised, and handsome poses while wearing the specified outfits.","'Refer to the facial features of the model in @ image1. The model, wearing the outfits in the @ image 2 @ image 3 @ image 4 @ image 5 @ image 6, gets close to the camera and poses playfully, coolly, cutely, in surprise, and handsomely, with each pose wearing a different",https://x.com/patrickassale/status/2020451487810211991,2026-02-08T10:55:47.000Z,"{""name"":""Patrick"",""link"":""https://x.com/patrickassale""}",[],[],"[{""id"":""698cb2603c4c1c00046e2f60"",""url"":""https://video.twimg.com/amplify_video/2020441397502136320/vid/avc1/1920x1080/_acPPTrnTsHAFOSk.mp4?tag=21"",""thumbnail"":""https://pbs.twimg.com/amplify_video_thumb/2020441397502136320/img/08pE6zhIrCxkSKNF.jpg"",""caption"":null}]"
39,Restaurant Review Video Generation,"A prompt instructing Seedance 2.0 to generate a restaurant review video based on an uploaded menu, showcasing the model's ability to synthesize information from external documents into a structured video format.",generate a review video on a restaurant from a menu i found online,https://x.com/Mho_23/status/2020492666538950832,2026-02-08T13:39:25.000Z,"{""name"":""Miko"",""link"":""https://x.com/Mho_23""}","[""https://pbs.twimg.com/media/HAo7POtWcAIsa-y.jpg""]","[""https://pbs.twimg.com/media/HAo7POtWcAIsa-y.jpg""]","[{""id"":""698cb25d3c4c1c00046e2f5e"",""url"":""https://video.twimg.com/amplify_video/2020492529578430464/vid/avc1/1668x2224/TGQooTt8r3EMFz4t.mp4?tag=21"",""thumbnail"":""https://pbs.twimg.com/amplify_video_thumb/2020492529578430464/img/pONIGuDHVZV_-xED.jpg"",""caption"":null}]"
38,Watercolor Ink Sword Performance,"A prompt used to generate a breathtaking sword performance rendered in a watercolor ink style, demonstrating the model's ability to handle complex action and artistic styles from a single instruction.",watercolor ink sword performance.,https://x.com/Aicean_ai/status/2020375288513958067,2026-02-08T05:53:00.000Z,"{""name"":""Aicean"",""link"":""https://x.com/Aicean_ai""}",[],[],"[{""id"":""698cb25b3c4c1c00046e2f5d"",""url"":""https://video.twimg.com/amplify_video/2020284074225811456/vid/avc1/834x1112/ZNtF7g0vFnAgmsba.mp4?tag=21"",""thumbnail"":""https://pbs.twimg.com/amplify_video_thumb/2020284074225811456/img/tYwY6PYiysb5ukmo.jpg"",""caption"":null}]"
37,First-Person Roller Coaster with Seasonal Transitions,"A prompt for generating a continuous, first-person perspective roller coaster ride that seamlessly transitions through four different seasonal scenes, demonstrating Seedance 2.0's ability to handle complex scene transitions and continuous shots.","first-person roller coaster, one continuous shot, natural scene transitions.",https://x.com/0xbisc/status/2020528285105758613,2026-02-08T16:00:57.000Z,"{""name"":""Latte"",""link"":""https://x.com/0xbisc""}",[],[],"[{""id"":""698cb2593c4c1c00046e2f5c"",""url"":""https://video.twimg.com/amplify_video/2020527730853662720/vid/avc1/1280x720/YQU586v1Y5UflIGW.mp4?tag=21"",""thumbnail"":""https://pbs.twimg.com/amplify_video_thumb/2020527730853662720/img/7dx8C30B4X-u41cq.jpg"",""caption"":null}]"
36,Emotional Breakdown Scene with Image and Video References,"A complex prompt utilizing multiple references: an image for the character, an image for the pose, and a video for the action, emotions, and facial expressions during a dramatic breakdown and scream scene.","The woman in @ Image 1 walks up to the mirror and looks at her reflection. Her pose should reference @ Image 2. After a moment of contemplation, she suddenly breaks down and starts screaming. The action of grabbing the mirror, as well as the emotions and facial expressions during the breakdown and scream, should fully reference @Video 1.",https://x.com/woleswoosh/status/2020305327749763090,2026-02-08T01:15:00.000Z,"{""name"":""Feyber | AI & WEB3"",""link"":""https://x.com/woleswoosh""}",[],[],"[{""id"":""698cb2583c4c1c00046e2f5b"",""url"":""https://video.twimg.com/amplify_video/2020229055094935552/vid/avc1/1280x720/zhImA_JKJlTw1hae.mp4?tag=21"",""thumbnail"":""https://pbs.twimg.com/amplify_video_thumb/2020229055094935552/img/GcruziIFkOdK1T_a.jpg"",""caption"":null}]"
35,Hollywood Racing Movie Scene Generation,"A detailed, multi-shot prompt designed to generate a high-stakes, cinematic night racing scene in the style of a Hollywood professional racing movie (Le Mans style), featuring two drivers: The Veteran and The Challenger.","Style: Hollywood Professional Racing Movie (Le Mans Style), Cinematic Night, Rain, High Stakes Sport.
Duration: 15s.

[00-05s] Shot 1: The Veteran (Interior/Close-up).
Rain lashes the windshield of a high-tech race car on a track. The Veteran driver (in helmet) looks over, calm and focused. Dashboard lights reflect on his visor.
Dialogue Cue: He gives a subtle nod and mouths ""Let's go.""

[05-10s] Shot 2: The Challenger (Interior/Close-up).
Cut to the rival car next to him. The younger driver grips the wheel tight, breathing heavily. Eyes wide with adrenaline.
Dialogue Cue: He whispers ""Focus"" to himself.

[10-15s] Shot 3: The Green Light (Wide Action).
The starting lights turn Green. Both cars accelerate in perfect sync on the wet asphalt. Water sprays massively into the camera lens. Motion blur turns the stadium lights into long streaks of color.",https://x.com/johnAGI168/status/2020515830874636716,2026-02-08T15:11:28.000Z,"{""name"":""John"",""link"":""https://x.com/johnAGI168""}",[],[],"[{""id"":""698cb2573c4c1c00046e2f5a"",""url"":""https://video.twimg.com/amplify_video/2020515570341314560/vid/avc1/2560x1440/yyuBIXG5Iv6H_huG.mp4?tag=21"",""thumbnail"":""https://pbs.twimg.com/amplify_video_thumb/2020515570341314560/img/qUsFcxREyxLltU4f.jpg"",""caption"":null}]"
32,Video prompt for a tavern fight scene,"This is a detailed video generation prompt for creating a dynamic fight scene in a tavern, focusing on a woman in black fighting assassins. The prompt specifies using the beginning and ending frames as reference points, requiring smooth transitions, shot composition, and different camera angles to achieve a rhythmic and cinematic feel.",这是一段酒馆武打戏的开头和结尾的画面，请基于这两个场景，生成一段流畅的黑衣女子与几个刺客打斗的画面，需要运用到分镜和不同视角切换，让整个画面更有节奏感和电影感,https://x.com/YangGuangAI/status/2020165414752539112,2026-02-07T15:59:02.000Z,"{""name"":""YangGuang丨AI创业"",""link"":""https://x.com/YangGuangAI""}","[""https://pbs.twimg.com/media/HAkQ7sqbYAA0ZOm.jpg"",""https://pbs.twimg.com/media/HAkQ7svaMAAOfbG.jpg""]","[""https://pbs.twimg.com/media/HAkQ7sqbYAA0ZOm.jpg"",""https://pbs.twimg.com/media/HAkQ7svaMAAOfbG.jpg""]","[{""id"":""698caf813c4c1c00046e2f57"",""url"":""https://video.twimg.com/amplify_video/2020163800356515840/vid/avc1/1280x720/IKSCYwY0VD3mRBt9.mp4?tag=21"",""thumbnail"":""https://pbs.twimg.com/amplify_video_thumb/2020163800356515840/img/ADtqzJhJDHc70Jlf.jpg"",""caption"":null}]"
31,Seedance 2.0 Video Prompt: Zhen Huan & Consort Hua Talk Show,"A detailed, multi-scene video generation prompt for ByteDance's Seedance 2.0, creating a 10-second cross-genre video featuring characters from the Qing Dynasty drama 'Empresses in the Palace' performing a modern talk show in the style of the Chinese New Year Gala (Chunwan). The prompt specifies camera shots, character actions, dialogue, costume details, and stylistic contrasts.","10 秒中国春晚风格舞台表演：《甄嬛 & 华妃脱口秀》

0–2 秒：
中景双人镜头（Two-shot）。
舞台整体为“客厅小品”布景，但外围被宏大的春晚红金色 LED 主屏环绕。
甄嬛（左）与华妃（右）并排坐在现代脱口秀沙发上。
 关键历史准确性要求：二人均身着华丽、区分明确的清代满族宫廷旗装（旗装），立领设计，刺绣繁复考究；发式为真实还原的“大拉翅”或“点子头”，配流苏装饰。
华妃神态随意，手持一根腌黄瓜（酸黄瓜）啃着，手指上戴着修长的金质护甲（指套）。
2–4 秒：
镜头切换为越肩镜头（OTS），视角对准华妃。
华妃夸张地翻白眼（经典“白眼”表情）。
她一边拿着腌黄瓜，一边用戴着长护甲的手指指点、比划，语气傲慢地开口（口型同步）：
“本宫今年的 KPI 又是斗赢这群小妖精，皇上那老头子懂什么审美？”
4–6 秒：
快速切换至甄嬛的越肩镜头（OTS）。
 反差细节：甄嬛一只耳朵上佩戴着现代白色蓝牙耳机（与古代珠翠形成强烈对比），手中滑动着一台纤薄的平板电脑。
她神情冷静、职业化地回应（口型同步）：
“姐姐别气，这叫职场内卷。我都想辞职去带货‘舒痕胶’了。”
6–8 秒：
特写镜头落在两人之间的茶几上。
一个印有“一丈红”字样的现代塑料珍珠奶茶杯，与一只传统瓷瓶并排摆放。
镜头迅速甩回两人。
8–10 秒：
舞台全景。
观众笑声效果（通过灯光变化 / 鼓掌灯呈现）。
华妃摆出最终定格造型：翘腿、抬下巴、再次翻白眼。
甄嬛则像新闻主播一样，对着镜头露出职业微笑。
金色彩带从空中飘落。
节庆红色氛围推至最高潮。
风格与氛围：

**画面：**高饱和度春晚红与鎏金色调
**服装：**博物馆级清代宫廷服饰（丝绸、精细刺绣、厚重头饰）
**核心反差：**清宫礼制的庄重感 × 现代职场人 / 脱口秀嘉宾的松弛吐槽姿态
**镜头语言：**节奏利落，喜剧点明确，情景喜剧式剪辑
**画幅比例：**16:9",https://x.com/johnAGI168/status/2020027994429911370,2026-02-07T06:52:58.000Z,"{""name"":""John"",""link"":""https://x.com/johnAGI168""}",[],[],"[{""id"":""698caf803c4c1c00046e2f56"",""url"":""https://video.twimg.com/amplify_video/2020027665093156864/vid/avc1/1280x720/H6RfezSOIEVXWMGl.mp4?tag=21"",""thumbnail"":""https://pbs.twimg.com/amplify_video_thumb/2020027665093156864/img/jU95vJaonZHlQap2.jpg"",""caption"":null}]"
30,Ancient Costume Time-Travel Drama Trailer Generation,"A detailed, multi-scene prompt for Seedance 2.0 to generate a short trailer for an ancient costume time-travel drama. The prompt specifies character actions, dialogue, scene transitions (modern gym to ancient house), camera movements, and final title card, requiring the use of a reference image for the main character's appearance.",使用参考图片人物的形象生成一段古装穿越剧的预告短片。  0-3秒画面：参考图片1人物形象的男主手里举起一个篮球，抬头望向镜头。说话“我只是想喝杯酒，该不会要穿越了吧……”  4-8秒画面：镜头突然剧烈晃动，操场的场景开始剧烈震动，瞬间切换成古宅的雨夜。一个穿着古装，长相清秀的女主，冷冽的目光穿透雨幕，望向镜头方向。雷鸣声，衣袂猎猎声。女主说话“何人擅闯我永宁侯府？” 9-13秒画面：镜头切到一个穿着明官服的男子坐在衙门里，眼神锐利如刀，愤怒说话“来人！即刻拿下此‘妖人’！” 画面闪回：男主穿着不合身的粗布麻衣；在官差的围堵下慌不择路；与女主的身影在雨巷里交错；男主穿着官服走在皇宫里。 14-15秒画面：黑屏，打出片名《醉梦惊华》，伴随着沉重的鼓点。,https://x.com/angela781105/status/2019983370420466133,2026-02-07T03:55:39.000Z,"{""name"":""allen"",""link"":""https://x.com/angela781105""}",[],[],"[{""id"":""698d9e7563916000042e69f7"",""url"":""https://video.twimg.com/amplify_video/2019983295128444928/vid/avc1/1280x720/i7qclmoOzbHR0tOI.mp4?tag=21"",""thumbnail"":""https://pbs.twimg.com/amplify_video_thumb/2019983295128444928/img/zNOV-PtzKxpvDQGO.jpg"",""caption"":null}]"
29,Seedance 2.0 Street Dance Video Generation,"A prompt used to generate a 15-second street dance video, created in one go using a single selfie as a reference image and a text prompt.",大家好！接下来给大家跳过个街舞吧！！！！,https://x.com/jingran96/status/2020207082478452842,2026-02-07T18:44:36.000Z,"{""name"":""井然"",""link"":""https://x.com/jingran96""}",[],[],"[{""id"":""698caf7b3c4c1c00046e2f53"",""url"":""https://video.twimg.com/amplify_video/2020206997761835008/vid/avc1/720x1280/rHb_9C_4xDfMpSir.mp4?tag=21"",""thumbnail"":""https://pbs.twimg.com/amplify_video_thumb/2020206997761835008/img/g_B_ZmqedQkVAB2H.jpg"",""caption"":null}]"
28,Video Generation Prompt with Image References,"A detailed prompt for generating a video scene using Seedance 2.0. It specifies using Image 1 as the starting frame, dictates camera movement (rotation and push-in), and requires the character's facial features to be based on Image 2, culminating in a loud, comedic roar.","Use @ Image 1 as the first frame of the scene.
The camera rotates and pushes in. The character suddenly looks up. The character’s facial features should be based on @ Image 2. They begin to roar loudly, full of excitement with a touch of comedic flair, referencing the facial",https://x.com/woleswoosh/status/2020217014288363645,2026-02-07T19:24:04.000Z,"{""name"":""Feyber | AI & WEB3"",""link"":""https://x.com/woleswoosh""}","[""https://pbs.twimg.com/media/HAlAArSaIAAIgfq.png""]","[""https://pbs.twimg.com/media/HAlAArSaIAAIgfq.png""]","[{""id"":""698caf7a3c4c1c00046e2f52"",""url"":""https://video.twimg.com/amplify_video/2020216241764597760/vid/avc1/1280x720/7AISPPGbrZ8s0bHt.mp4?tag=21"",""thumbnail"":""https://pbs.twimg.com/amplify_video_thumb/2020216241764597760/img/WXKyKhK-SU_xnqhq.jpg"",""caption"":null}]"
27,Dark Fantasy/Horror Narrative Prompt,"A long, highly descriptive narrative prompt focusing on a dark, cold, and stormy scene in a forest, emphasizing sensory details like the wind, lashing snow, trembling torchlight, and the 'wrong-cold' feeling of mail armor. This prompt aims for a cinematic, atmospheric video generation.","The wind threads through the black pines like a dull blade scraping bone. Snow doesn’t fall—it lashes sideways, stinging into the gaps of a collar, melting into a sharp, immediate pain. The torchlight trembles in the white storm, revealing a trunk, a branch, a sliver of ground—then surrendering it back to the deeper dark. They move slowly. Boots sink with a muffled crunch, and every step feels like an argument with the forest: please don’t notice us. Someone coughs once and regrets it instantly—the sound rebounds, thin and humiliating, as if the trees are laughing at his fear. The mail should be warm by now, tempered by body heat, but it isn’t. It’s wrong-cold, as though an unseen chill is crawling over the metal from the outside in.",https://x.com/underwoodxie96/status/2020051265863188594,2026-02-07T08:25:27.000Z,"{""name"":""underwood"",""link"":""https://x.com/underwoodxie96""}",[],[],"[{""id"":""698caf783c4c1c00046e2f51"",""url"":""https://video.twimg.com/amplify_video/2020050817039118336/vid/avc1/834x1112/MvdYudWkvZ2S7AGk.mp4?tag=21"",""thumbnail"":""https://pbs.twimg.com/amplify_video_thumb/2020050817039118336/img/O9Mlv598JTEh1hDe.jpg"",""caption"":null}]"
25,Dough Kneading Physics Prompt,"A detailed prompt designed to test Seedance 2.0's ability to render realistic physics and motion, describing the process of preparing dough, including sprinkling salt, stirring, pouring water, cracking an egg, and kneading.","The main subject enters the frame, first sprinkles salt lightly into the flour and then stirs it evenly by hand, then pours in an appropriate amount of water, cracks an egg into it, and starts kneading the dough.",https://x.com/patrickassale/status/2020180495900848470,2026-02-07T16:58:58.000Z,"{""name"":""Patrick"",""link"":""https://x.com/patrickassale""}",[],[],"[{""id"":""698caf769facd900049fccd4"",""url"":""https://video.twimg.com/amplify_video/2020180012909903873/vid/avc1/1280x720/Y-_Ga3gTJ-4JvRAd.mp4?tag=21"",""thumbnail"":""https://pbs.twimg.com/amplify_video_thumb/2020180012909903873/img/x6uV33kUFaaj_Ssh.jpg"",""caption"":null}]"